2025-07-17 14:52:04 - outlook_service - INFO - __init__:136 - === Initializing OutlookService ===
2025-07-17 14:52:04 - outlook_service - DEBUG - __init__:137 - Service initialization started at 2025-07-17 14:52:04.879290
2025-07-17 14:52:04 - outlook_service - INFO - __init__:146 - OutlookService configured for user: user1
2025-07-17 14:52:04 - outlook_service - DEBUG - __init__:147 - Base path: C:\Users\user1\Desktop\normie\outlook\analyze\mail
2025-07-17 14:52:04 - outlook_service - DEBUG - __init__:148 - Emails file: C:\Users\user1\Desktop\normie\outlook\analyze\mail\emails.json
2025-07-17 14:52:04 - outlook_service - DEBUG - __init__:149 - Data folder: C:\Users\user1\Desktop\normie\outlook\analyze\mail\data
2025-07-17 14:52:04 - outlook_service - INFO - __init__:156 - COM interface availability: True
2025-07-17 14:52:04 - outlook_service - INFO - __init__:160 - Base path exists: C:\Users\user1\Desktop\normie\outlook\analyze\mail
2025-07-17 14:52:04 - outlook_service - INFO - __init__:168 - Emails file not found: C:\Users\user1\Desktop\normie\outlook\analyze\mail\emails.json
2025-07-17 14:52:04 - outlook_service - INFO - __init__:170 - OutlookService initialization completed successfully
2025-07-17 14:52:04 - outlook_service - DEBUG - get_emails_data:1273 - === Loading emails data ===
2025-07-17 14:52:04 - outlook_service - INFO - get_emails_data:1280 - Found 4 folder-specific email files
2025-07-17 14:52:04 - outlook_service - DEBUG - get_emails_data:1281 - Folder files: ['emails_deleted_items.json', 'emails_drafts.json', 'emails_inbox.json', 'emails_sent_items.json']
2025-07-17 14:52:04 - outlook_service - DEBUG - _get_emails_from_multiple_files:1324 - Successfully read emails_deleted_items.json with encoding: cp1252
2025-07-17 14:52:04 - outlook_service - DEBUG - _get_emails_from_multiple_files:1364 - Loaded 5 emails from Deleted Items folder
2025-07-17 14:52:04 - outlook_service - DEBUG - _get_emails_from_multiple_files:1324 - Successfully read emails_drafts.json with encoding: utf-8
2025-07-17 14:52:04 - outlook_service - DEBUG - _get_emails_from_multiple_files:1364 - Loaded 1 emails from Drafts folder
2025-07-17 14:52:04 - outlook_service - DEBUG - _get_emails_from_multiple_files:1324 - Successfully read emails_inbox.json with encoding: cp1252
2025-07-17 14:52:04 - outlook_service - DEBUG - _get_emails_from_multiple_files:1364 - Loaded 7 emails from Inbox folder
2025-07-17 14:52:04 - outlook_service - DEBUG - _get_emails_from_multiple_files:1324 - Successfully read emails_sent_items.json with encoding: utf-8
2025-07-17 14:52:04 - outlook_service - DEBUG - _get_emails_from_multiple_files:1364 - Loaded 1 emails from Sent Items folder
2025-07-17 14:52:04 - outlook_service - DEBUG - _get_emails_from_multiple_files:1378 - Consolidated 14 emails from 4 folders
2025-07-17 14:52:04 - outlook_service - DEBUG - get_emails_list:1499 - Returning 7 emails (page 1/1)
2025-07-17 14:52:04 - outlook_service - DEBUG - get_emails_data:1273 - === Loading emails data ===
2025-07-17 14:52:04 - outlook_service - INFO - get_emails_data:1280 - Found 4 folder-specific email files
2025-07-17 14:52:04 - outlook_service - DEBUG - get_emails_data:1281 - Folder files: ['emails_deleted_items.json', 'emails_drafts.json', 'emails_inbox.json', 'emails_sent_items.json']
2025-07-17 14:52:04 - outlook_service - DEBUG - _get_emails_from_multiple_files:1324 - Successfully read emails_deleted_items.json with encoding: cp1252
2025-07-17 14:52:04 - outlook_service - DEBUG - _get_emails_from_multiple_files:1364 - Loaded 5 emails from Deleted Items folder
2025-07-17 14:52:04 - outlook_service - DEBUG - _get_emails_from_multiple_files:1324 - Successfully read emails_drafts.json with encoding: utf-8
2025-07-17 14:52:04 - outlook_service - DEBUG - _get_emails_from_multiple_files:1364 - Loaded 1 emails from Drafts folder
2025-07-17 14:52:04 - outlook_service - DEBUG - _get_emails_from_multiple_files:1324 - Successfully read emails_inbox.json with encoding: cp1252
2025-07-17 14:52:04 - outlook_service - DEBUG - _get_emails_from_multiple_files:1364 - Loaded 7 emails from Inbox folder
2025-07-17 14:52:04 - outlook_service - DEBUG - _get_emails_from_multiple_files:1324 - Successfully read emails_sent_items.json with encoding: utf-8
2025-07-17 14:52:04 - outlook_service - DEBUG - _get_emails_from_multiple_files:1364 - Loaded 1 emails from Sent Items folder
2025-07-17 14:52:04 - outlook_service - DEBUG - _get_emails_from_multiple_files:1378 - Consolidated 14 emails from 4 folders
2025-07-17 14:52:08 - outlook_service - INFO - __init__:136 - === Initializing OutlookService ===
2025-07-17 14:52:08 - outlook_service - DEBUG - __init__:137 - Service initialization started at 2025-07-17 14:52:08.060730
2025-07-17 14:52:08 - outlook_service - INFO - __init__:146 - OutlookService configured for user: user1
2025-07-17 14:52:08 - outlook_service - DEBUG - __init__:147 - Base path: C:\Users\user1\Desktop\normie\outlook\analyze\mail
2025-07-17 14:52:08 - outlook_service - DEBUG - __init__:148 - Emails file: C:\Users\user1\Desktop\normie\outlook\analyze\mail\emails.json
2025-07-17 14:52:08 - outlook_service - DEBUG - __init__:149 - Data folder: C:\Users\user1\Desktop\normie\outlook\analyze\mail\data
2025-07-17 14:52:08 - outlook_service - INFO - __init__:156 - COM interface availability: True
2025-07-17 14:52:08 - outlook_service - INFO - __init__:160 - Base path exists: C:\Users\user1\Desktop\normie\outlook\analyze\mail
2025-07-17 14:52:08 - outlook_service - INFO - __init__:168 - Emails file not found: C:\Users\user1\Desktop\normie\outlook\analyze\mail\emails.json
2025-07-17 14:52:08 - outlook_service - INFO - __init__:170 - OutlookService initialization completed successfully
2025-07-17 14:52:08 - outlook_service - DEBUG - get_emails_data:1273 - === Loading emails data ===
2025-07-17 14:52:08 - outlook_service - INFO - get_emails_data:1280 - Found 4 folder-specific email files
2025-07-17 14:52:08 - outlook_service - DEBUG - get_emails_data:1281 - Folder files: ['emails_deleted_items.json', 'emails_drafts.json', 'emails_inbox.json', 'emails_sent_items.json']
2025-07-17 14:52:08 - outlook_service - DEBUG - _get_emails_from_multiple_files:1324 - Successfully read emails_deleted_items.json with encoding: cp1252
2025-07-17 14:52:08 - outlook_service - DEBUG - _get_emails_from_multiple_files:1364 - Loaded 5 emails from Deleted Items folder
2025-07-17 14:52:08 - outlook_service - DEBUG - _get_emails_from_multiple_files:1324 - Successfully read emails_drafts.json with encoding: utf-8
2025-07-17 14:52:08 - outlook_service - DEBUG - _get_emails_from_multiple_files:1364 - Loaded 1 emails from Drafts folder
2025-07-17 14:52:08 - outlook_service - DEBUG - _get_emails_from_multiple_files:1324 - Successfully read emails_inbox.json with encoding: cp1252
2025-07-17 14:52:08 - outlook_service - DEBUG - _get_emails_from_multiple_files:1364 - Loaded 7 emails from Inbox folder
2025-07-17 14:52:08 - outlook_service - DEBUG - _get_emails_from_multiple_files:1324 - Successfully read emails_sent_items.json with encoding: utf-8
2025-07-17 14:52:08 - outlook_service - DEBUG - _get_emails_from_multiple_files:1364 - Loaded 1 emails from Sent Items folder
2025-07-17 14:52:08 - outlook_service - DEBUG - _get_emails_from_multiple_files:1378 - Consolidated 14 emails from 4 folders
2025-07-17 14:52:13 - outlook_service - INFO - __init__:136 - === Initializing OutlookService ===
2025-07-17 14:52:13 - outlook_service - DEBUG - __init__:137 - Service initialization started at 2025-07-17 14:52:13.585751
2025-07-17 14:52:13 - outlook_service - INFO - __init__:146 - OutlookService configured for user: user1
2025-07-17 14:52:13 - outlook_service - DEBUG - __init__:147 - Base path: C:\Users\user1\Desktop\normie\outlook\analyze\mail
2025-07-17 14:52:13 - outlook_service - DEBUG - __init__:148 - Emails file: C:\Users\user1\Desktop\normie\outlook\analyze\mail\emails.json
2025-07-17 14:52:13 - outlook_service - DEBUG - __init__:149 - Data folder: C:\Users\user1\Desktop\normie\outlook\analyze\mail\data
2025-07-17 14:52:13 - outlook_service - INFO - __init__:156 - COM interface availability: True
2025-07-17 14:52:13 - outlook_service - INFO - __init__:160 - Base path exists: C:\Users\user1\Desktop\normie\outlook\analyze\mail
2025-07-17 14:52:13 - outlook_service - INFO - __init__:168 - Emails file not found: C:\Users\user1\Desktop\normie\outlook\analyze\mail\emails.json
2025-07-17 14:52:13 - outlook_service - INFO - __init__:170 - OutlookService initialization completed successfully
2025-07-17 14:52:13 - outlook_service - DEBUG - get_emails_data:1273 - === Loading emails data ===
2025-07-17 14:52:13 - outlook_service - INFO - get_emails_data:1280 - Found 4 folder-specific email files
2025-07-17 14:52:13 - outlook_service - DEBUG - get_emails_data:1281 - Folder files: ['emails_deleted_items.json', 'emails_drafts.json', 'emails_inbox.json', 'emails_sent_items.json']
2025-07-17 14:52:13 - outlook_service - DEBUG - _get_emails_from_multiple_files:1324 - Successfully read emails_deleted_items.json with encoding: cp1252
2025-07-17 14:52:13 - outlook_service - DEBUG - _get_emails_from_multiple_files:1364 - Loaded 5 emails from Deleted Items folder
2025-07-17 14:52:13 - outlook_service - DEBUG - _get_emails_from_multiple_files:1324 - Successfully read emails_drafts.json with encoding: utf-8
2025-07-17 14:52:13 - outlook_service - DEBUG - _get_emails_from_multiple_files:1364 - Loaded 1 emails from Drafts folder
2025-07-17 14:52:13 - outlook_service - DEBUG - _get_emails_from_multiple_files:1324 - Successfully read emails_inbox.json with encoding: cp1252
2025-07-17 14:52:13 - outlook_service - DEBUG - _get_emails_from_multiple_files:1364 - Loaded 7 emails from Inbox folder
2025-07-17 14:52:13 - outlook_service - DEBUG - _get_emails_from_multiple_files:1324 - Successfully read emails_sent_items.json with encoding: utf-8
2025-07-17 14:52:13 - outlook_service - DEBUG - _get_emails_from_multiple_files:1364 - Loaded 1 emails from Sent Items folder
2025-07-17 14:52:13 - outlook_service - DEBUG - _get_emails_from_multiple_files:1378 - Consolidated 14 emails from 4 folders
2025-07-17 14:52:13 - outlook_service - DEBUG - get_emails_list:1499 - Returning 7 emails (page 1/1)
2025-07-17 14:52:13 - outlook_service - DEBUG - get_emails_data:1273 - === Loading emails data ===
2025-07-17 14:52:13 - outlook_service - INFO - get_emails_data:1280 - Found 4 folder-specific email files
2025-07-17 14:52:13 - outlook_service - DEBUG - get_emails_data:1281 - Folder files: ['emails_deleted_items.json', 'emails_drafts.json', 'emails_inbox.json', 'emails_sent_items.json']
2025-07-17 14:52:13 - outlook_service - DEBUG - _get_emails_from_multiple_files:1324 - Successfully read emails_deleted_items.json with encoding: cp1252
2025-07-17 14:52:13 - outlook_service - DEBUG - _get_emails_from_multiple_files:1364 - Loaded 5 emails from Deleted Items folder
2025-07-17 14:52:13 - outlook_service - DEBUG - _get_emails_from_multiple_files:1324 - Successfully read emails_drafts.json with encoding: utf-8
2025-07-17 14:52:13 - outlook_service - DEBUG - _get_emails_from_multiple_files:1364 - Loaded 1 emails from Drafts folder
2025-07-17 14:52:13 - outlook_service - DEBUG - _get_emails_from_multiple_files:1324 - Successfully read emails_inbox.json with encoding: cp1252
2025-07-17 14:52:13 - outlook_service - DEBUG - _get_emails_from_multiple_files:1364 - Loaded 7 emails from Inbox folder
2025-07-17 14:52:13 - outlook_service - DEBUG - _get_emails_from_multiple_files:1324 - Successfully read emails_sent_items.json with encoding: utf-8
2025-07-17 14:52:13 - outlook_service - DEBUG - _get_emails_from_multiple_files:1364 - Loaded 1 emails from Sent Items folder
2025-07-17 14:52:13 - outlook_service - DEBUG - _get_emails_from_multiple_files:1378 - Consolidated 14 emails from 4 folders
2025-07-17 14:52:13 - outlook_service - DEBUG - _initialize_com:178 - === COM Interface Initialization ===
2025-07-17 14:52:13 - outlook_service - INFO - _initialize_com:190 - Starting COM interface initialization...
2025-07-17 14:52:13 - outlook_service - DEBUG - _initialize_com:191 - Calling pythoncom.CoInitialize()
2025-07-17 14:52:13 - outlook_service - DEBUG - _initialize_com:194 - Dispatching Outlook.Application
2025-07-17 14:52:13 - outlook_service - DEBUG - _initialize_com:197 - Getting MAPI namespace
2025-07-17 14:52:13 - outlook_service - INFO - _initialize_com:201 - COM interface initialized successfully
2025-07-17 14:52:13 - outlook_service - INFO - _initialize_com:206 - Connected to Outlook version: 16.0.0.18925
2025-07-17 14:52:13 - outlook_service - DEBUG - _cleanup_com:227 - COM interface cleaned up
2025-07-17 14:52:16 - outlook_service - INFO - __init__:136 - === Initializing OutlookService ===
2025-07-17 14:52:16 - outlook_service - DEBUG - __init__:137 - Service initialization started at 2025-07-17 14:52:16.475236
2025-07-17 14:52:16 - outlook_service - INFO - __init__:146 - OutlookService configured for user: user1
2025-07-17 14:52:16 - outlook_service - DEBUG - __init__:147 - Base path: C:\Users\user1\Desktop\normie\outlook\analyze\mail
2025-07-17 14:52:16 - outlook_service - DEBUG - __init__:148 - Emails file: C:\Users\user1\Desktop\normie\outlook\analyze\mail\emails.json
2025-07-17 14:52:16 - outlook_service - DEBUG - __init__:149 - Data folder: C:\Users\user1\Desktop\normie\outlook\analyze\mail\data
2025-07-17 14:52:16 - outlook_service - INFO - __init__:156 - COM interface availability: True
2025-07-17 14:52:16 - outlook_service - INFO - __init__:160 - Base path exists: C:\Users\user1\Desktop\normie\outlook\analyze\mail
2025-07-17 14:52:16 - outlook_service - INFO - __init__:168 - Emails file not found: C:\Users\user1\Desktop\normie\outlook\analyze\mail\emails.json
2025-07-17 14:52:16 - outlook_service - INFO - __init__:170 - OutlookService initialization completed successfully
2025-07-17 14:52:16 - outlook_service - DEBUG - get_emails_data:1273 - === Loading emails data ===
2025-07-17 14:52:16 - outlook_service - INFO - get_emails_data:1280 - Found 4 folder-specific email files
2025-07-17 14:52:16 - outlook_service - DEBUG - get_emails_data:1281 - Folder files: ['emails_deleted_items.json', 'emails_drafts.json', 'emails_inbox.json', 'emails_sent_items.json']
2025-07-17 14:52:16 - outlook_service - DEBUG - _get_emails_from_multiple_files:1324 - Successfully read emails_deleted_items.json with encoding: cp1252
2025-07-17 14:52:16 - outlook_service - DEBUG - _get_emails_from_multiple_files:1364 - Loaded 5 emails from Deleted Items folder
2025-07-17 14:52:16 - outlook_service - DEBUG - _get_emails_from_multiple_files:1324 - Successfully read emails_drafts.json with encoding: utf-8
2025-07-17 14:52:16 - outlook_service - DEBUG - _get_emails_from_multiple_files:1364 - Loaded 1 emails from Drafts folder
2025-07-17 14:52:16 - outlook_service - DEBUG - _get_emails_from_multiple_files:1324 - Successfully read emails_inbox.json with encoding: cp1252
2025-07-17 14:52:16 - outlook_service - DEBUG - _get_emails_from_multiple_files:1364 - Loaded 7 emails from Inbox folder
2025-07-17 14:52:16 - outlook_service - DEBUG - _get_emails_from_multiple_files:1324 - Successfully read emails_sent_items.json with encoding: utf-8
2025-07-17 14:52:16 - outlook_service - DEBUG - _get_emails_from_multiple_files:1364 - Loaded 1 emails from Sent Items folder
2025-07-17 14:52:16 - outlook_service - DEBUG - _get_emails_from_multiple_files:1378 - Consolidated 14 emails from 4 folders
2025-07-17 14:52:34 - outlook_service - INFO - __init__:136 - === Initializing OutlookService ===
2025-07-17 14:52:34 - outlook_service - DEBUG - __init__:137 - Service initialization started at 2025-07-17 14:52:34.540833
2025-07-17 14:52:34 - outlook_service - INFO - __init__:146 - OutlookService configured for user: user1
2025-07-17 14:52:34 - outlook_service - DEBUG - __init__:147 - Base path: C:\Users\user1\Desktop\normie\outlook\analyze\mail
2025-07-17 14:52:34 - outlook_service - DEBUG - __init__:148 - Emails file: C:\Users\user1\Desktop\normie\outlook\analyze\mail\emails.json
2025-07-17 14:52:34 - outlook_service - DEBUG - __init__:149 - Data folder: C:\Users\user1\Desktop\normie\outlook\analyze\mail\data
2025-07-17 14:52:34 - outlook_service - INFO - __init__:156 - COM interface availability: True
2025-07-17 14:52:34 - outlook_service - INFO - __init__:160 - Base path exists: C:\Users\user1\Desktop\normie\outlook\analyze\mail
2025-07-17 14:52:34 - outlook_service - INFO - __init__:168 - Emails file not found: C:\Users\user1\Desktop\normie\outlook\analyze\mail\emails.json
2025-07-17 14:52:34 - outlook_service - INFO - __init__:170 - OutlookService initialization completed successfully
2025-07-17 14:52:34 - outlook_service - DEBUG - get_emails_data:1273 - === Loading emails data ===
2025-07-17 14:52:34 - outlook_service - INFO - get_emails_data:1280 - Found 4 folder-specific email files
2025-07-17 14:52:34 - outlook_service - DEBUG - get_emails_data:1281 - Folder files: ['emails_deleted_items.json', 'emails_drafts.json', 'emails_inbox.json', 'emails_sent_items.json']
2025-07-17 14:52:34 - outlook_service - DEBUG - _get_emails_from_multiple_files:1324 - Successfully read emails_deleted_items.json with encoding: cp1252
2025-07-17 14:52:34 - outlook_service - DEBUG - _get_emails_from_multiple_files:1364 - Loaded 5 emails from Deleted Items folder
2025-07-17 14:52:34 - outlook_service - DEBUG - _get_emails_from_multiple_files:1324 - Successfully read emails_drafts.json with encoding: utf-8
2025-07-17 14:52:34 - outlook_service - DEBUG - _get_emails_from_multiple_files:1364 - Loaded 1 emails from Drafts folder
2025-07-17 14:52:34 - outlook_service - DEBUG - _get_emails_from_multiple_files:1324 - Successfully read emails_inbox.json with encoding: cp1252
2025-07-17 14:52:34 - outlook_service - DEBUG - _get_emails_from_multiple_files:1364 - Loaded 7 emails from Inbox folder
2025-07-17 14:52:34 - outlook_service - DEBUG - _get_emails_from_multiple_files:1324 - Successfully read emails_sent_items.json with encoding: utf-8
2025-07-17 14:52:34 - outlook_service - DEBUG - _get_emails_from_multiple_files:1364 - Loaded 1 emails from Sent Items folder
2025-07-17 14:52:34 - outlook_service - DEBUG - _get_emails_from_multiple_files:1378 - Consolidated 14 emails from 4 folders
2025-07-17 14:52:34 - outlook_service - DEBUG - get_emails_list:1499 - Returning 7 emails (page 1/1)
2025-07-17 14:52:34 - outlook_service - DEBUG - get_emails_data:1273 - === Loading emails data ===
2025-07-17 14:52:34 - outlook_service - INFO - get_emails_data:1280 - Found 4 folder-specific email files
2025-07-17 14:52:34 - outlook_service - DEBUG - get_emails_data:1281 - Folder files: ['emails_deleted_items.json', 'emails_drafts.json', 'emails_inbox.json', 'emails_sent_items.json']
2025-07-17 14:52:34 - outlook_service - DEBUG - _get_emails_from_multiple_files:1324 - Successfully read emails_deleted_items.json with encoding: cp1252
2025-07-17 14:52:34 - outlook_service - DEBUG - _get_emails_from_multiple_files:1364 - Loaded 5 emails from Deleted Items folder
2025-07-17 14:52:34 - outlook_service - DEBUG - _get_emails_from_multiple_files:1324 - Successfully read emails_drafts.json with encoding: utf-8
2025-07-17 14:52:34 - outlook_service - DEBUG - _get_emails_from_multiple_files:1364 - Loaded 1 emails from Drafts folder
2025-07-17 14:52:34 - outlook_service - DEBUG - _get_emails_from_multiple_files:1324 - Successfully read emails_inbox.json with encoding: cp1252
2025-07-17 14:52:34 - outlook_service - DEBUG - _get_emails_from_multiple_files:1364 - Loaded 7 emails from Inbox folder
2025-07-17 14:52:34 - outlook_service - DEBUG - _get_emails_from_multiple_files:1324 - Successfully read emails_sent_items.json with encoding: utf-8
2025-07-17 14:52:34 - outlook_service - DEBUG - _get_emails_from_multiple_files:1364 - Loaded 1 emails from Sent Items folder
2025-07-17 14:52:34 - outlook_service - DEBUG - _get_emails_from_multiple_files:1378 - Consolidated 14 emails from 4 folders
2025-07-17 14:52:54 - outlook_service - INFO - __init__:136 - === Initializing OutlookService ===
2025-07-17 14:52:54 - outlook_service - DEBUG - __init__:137 - Service initialization started at 2025-07-17 14:52:54.540753
2025-07-17 14:52:54 - outlook_service - INFO - __init__:146 - OutlookService configured for user: user1
2025-07-17 14:52:54 - outlook_service - DEBUG - __init__:147 - Base path: C:\Users\user1\Desktop\normie\outlook\analyze\mail
2025-07-17 14:52:54 - outlook_service - DEBUG - __init__:148 - Emails file: C:\Users\user1\Desktop\normie\outlook\analyze\mail\emails.json
2025-07-17 14:52:54 - outlook_service - DEBUG - __init__:149 - Data folder: C:\Users\user1\Desktop\normie\outlook\analyze\mail\data
2025-07-17 14:52:54 - outlook_service - INFO - __init__:156 - COM interface availability: True
2025-07-17 14:52:54 - outlook_service - INFO - __init__:160 - Base path exists: C:\Users\user1\Desktop\normie\outlook\analyze\mail
2025-07-17 14:52:54 - outlook_service - INFO - __init__:168 - Emails file not found: C:\Users\user1\Desktop\normie\outlook\analyze\mail\emails.json
2025-07-17 14:52:54 - outlook_service - INFO - __init__:170 - OutlookService initialization completed successfully
2025-07-17 14:52:54 - outlook_service - DEBUG - get_emails_data:1273 - === Loading emails data ===
2025-07-17 14:52:54 - outlook_service - INFO - get_emails_data:1280 - Found 4 folder-specific email files
2025-07-17 14:52:54 - outlook_service - DEBUG - get_emails_data:1281 - Folder files: ['emails_deleted_items.json', 'emails_drafts.json', 'emails_inbox.json', 'emails_sent_items.json']
2025-07-17 14:52:54 - outlook_service - DEBUG - _get_emails_from_multiple_files:1324 - Successfully read emails_deleted_items.json with encoding: cp1252
2025-07-17 14:52:54 - outlook_service - DEBUG - _get_emails_from_multiple_files:1364 - Loaded 5 emails from Deleted Items folder
2025-07-17 14:52:54 - outlook_service - DEBUG - _get_emails_from_multiple_files:1324 - Successfully read emails_drafts.json with encoding: utf-8
2025-07-17 14:52:54 - outlook_service - DEBUG - _get_emails_from_multiple_files:1364 - Loaded 1 emails from Drafts folder
2025-07-17 14:52:54 - outlook_service - DEBUG - _get_emails_from_multiple_files:1324 - Successfully read emails_inbox.json with encoding: cp1252
2025-07-17 14:52:54 - outlook_service - DEBUG - _get_emails_from_multiple_files:1364 - Loaded 7 emails from Inbox folder
2025-07-17 14:52:54 - outlook_service - DEBUG - _get_emails_from_multiple_files:1324 - Successfully read emails_sent_items.json with encoding: utf-8
2025-07-17 14:52:54 - outlook_service - DEBUG - _get_emails_from_multiple_files:1364 - Loaded 1 emails from Sent Items folder
2025-07-17 14:52:54 - outlook_service - DEBUG - _get_emails_from_multiple_files:1378 - Consolidated 14 emails from 4 folders
2025-07-17 14:52:54 - outlook_service - DEBUG - get_emails_list:1499 - Returning 7 emails (page 1/1)
2025-07-17 14:52:54 - outlook_service - DEBUG - get_emails_data:1273 - === Loading emails data ===
2025-07-17 14:52:54 - outlook_service - INFO - get_emails_data:1280 - Found 4 folder-specific email files
2025-07-17 14:52:54 - outlook_service - DEBUG - get_emails_data:1281 - Folder files: ['emails_deleted_items.json', 'emails_drafts.json', 'emails_inbox.json', 'emails_sent_items.json']
2025-07-17 14:52:54 - outlook_service - DEBUG - _get_emails_from_multiple_files:1324 - Successfully read emails_deleted_items.json with encoding: cp1252
2025-07-17 14:52:54 - outlook_service - DEBUG - _get_emails_from_multiple_files:1364 - Loaded 5 emails from Deleted Items folder
2025-07-17 14:52:54 - outlook_service - DEBUG - _get_emails_from_multiple_files:1324 - Successfully read emails_drafts.json with encoding: utf-8
2025-07-17 14:52:54 - outlook_service - DEBUG - _get_emails_from_multiple_files:1364 - Loaded 1 emails from Drafts folder
2025-07-17 14:52:54 - outlook_service - DEBUG - _get_emails_from_multiple_files:1324 - Successfully read emails_inbox.json with encoding: cp1252
2025-07-17 14:52:54 - outlook_service - DEBUG - _get_emails_from_multiple_files:1364 - Loaded 7 emails from Inbox folder
2025-07-17 14:52:54 - outlook_service - DEBUG - _get_emails_from_multiple_files:1324 - Successfully read emails_sent_items.json with encoding: utf-8
2025-07-17 14:52:54 - outlook_service - DEBUG - _get_emails_from_multiple_files:1364 - Loaded 1 emails from Sent Items folder
2025-07-17 14:52:54 - outlook_service - DEBUG - _get_emails_from_multiple_files:1378 - Consolidated 14 emails from 4 folders
2025-07-17 14:53:10 - outlook_service - INFO - __init__:136 - === Initializing OutlookService ===
2025-07-17 14:53:10 - outlook_service - DEBUG - __init__:137 - Service initialization started at 2025-07-17 14:53:10.143997
2025-07-17 14:53:10 - outlook_service - INFO - __init__:146 - OutlookService configured for user: user1
2025-07-17 14:53:10 - outlook_service - DEBUG - __init__:147 - Base path: C:\Users\user1\Desktop\normie\outlook\analyze\mail
2025-07-17 14:53:10 - outlook_service - DEBUG - __init__:148 - Emails file: C:\Users\user1\Desktop\normie\outlook\analyze\mail\emails.json
2025-07-17 14:53:10 - outlook_service - DEBUG - __init__:149 - Data folder: C:\Users\user1\Desktop\normie\outlook\analyze\mail\data
2025-07-17 14:53:10 - outlook_service - INFO - __init__:156 - COM interface availability: True
2025-07-17 14:53:10 - outlook_service - INFO - __init__:160 - Base path exists: C:\Users\user1\Desktop\normie\outlook\analyze\mail
2025-07-17 14:53:10 - outlook_service - INFO - __init__:168 - Emails file not found: C:\Users\user1\Desktop\normie\outlook\analyze\mail\emails.json
2025-07-17 14:53:10 - outlook_service - INFO - __init__:170 - OutlookService initialization completed successfully
2025-07-17 14:53:10 - outlook_service - DEBUG - get_emails_data:1273 - === Loading emails data ===
2025-07-17 14:53:10 - outlook_service - INFO - get_emails_data:1280 - Found 4 folder-specific email files
2025-07-17 14:53:10 - outlook_service - DEBUG - get_emails_data:1281 - Folder files: ['emails_deleted_items.json', 'emails_drafts.json', 'emails_inbox.json', 'emails_sent_items.json']
2025-07-17 14:53:10 - outlook_service - DEBUG - _get_emails_from_multiple_files:1324 - Successfully read emails_deleted_items.json with encoding: cp1252
2025-07-17 14:53:10 - outlook_service - DEBUG - _get_emails_from_multiple_files:1364 - Loaded 5 emails from Deleted Items folder
2025-07-17 14:53:10 - outlook_service - DEBUG - _get_emails_from_multiple_files:1324 - Successfully read emails_drafts.json with encoding: utf-8
2025-07-17 14:53:10 - outlook_service - DEBUG - _get_emails_from_multiple_files:1364 - Loaded 1 emails from Drafts folder
2025-07-17 14:53:10 - outlook_service - DEBUG - _get_emails_from_multiple_files:1324 - Successfully read emails_inbox.json with encoding: cp1252
2025-07-17 14:53:10 - outlook_service - DEBUG - _get_emails_from_multiple_files:1364 - Loaded 7 emails from Inbox folder
2025-07-17 14:53:10 - outlook_service - DEBUG - _get_emails_from_multiple_files:1324 - Successfully read emails_sent_items.json with encoding: utf-8
2025-07-17 14:53:10 - outlook_service - DEBUG - _get_emails_from_multiple_files:1364 - Loaded 1 emails from Sent Items folder
2025-07-17 14:53:10 - outlook_service - DEBUG - _get_emails_from_multiple_files:1378 - Consolidated 14 emails from 4 folders
2025-07-17 14:53:17 - outlook_service - INFO - __init__:136 - === Initializing OutlookService ===
2025-07-17 14:53:17 - outlook_service - DEBUG - __init__:137 - Service initialization started at 2025-07-17 14:53:17.470069
2025-07-17 14:53:17 - outlook_service - INFO - __init__:146 - OutlookService configured for user: user1
2025-07-17 14:53:17 - outlook_service - DEBUG - __init__:147 - Base path: C:\Users\user1\Desktop\normie\outlook\analyze\mail
2025-07-17 14:53:17 - outlook_service - DEBUG - __init__:148 - Emails file: C:\Users\user1\Desktop\normie\outlook\analyze\mail\emails.json
2025-07-17 14:53:17 - outlook_service - DEBUG - __init__:149 - Data folder: C:\Users\user1\Desktop\normie\outlook\analyze\mail\data
2025-07-17 14:53:17 - outlook_service - INFO - __init__:156 - COM interface availability: True
2025-07-17 14:53:17 - outlook_service - INFO - __init__:160 - Base path exists: C:\Users\user1\Desktop\normie\outlook\analyze\mail
2025-07-17 14:53:17 - outlook_service - INFO - __init__:168 - Emails file not found: C:\Users\user1\Desktop\normie\outlook\analyze\mail\emails.json
2025-07-17 14:53:17 - outlook_service - INFO - __init__:170 - OutlookService initialization completed successfully
2025-07-17 14:53:17 - outlook_service - DEBUG - get_emails_data:1273 - === Loading emails data ===
2025-07-17 14:53:17 - outlook_service - INFO - get_emails_data:1280 - Found 4 folder-specific email files
2025-07-17 14:53:17 - outlook_service - DEBUG - get_emails_data:1281 - Folder files: ['emails_deleted_items.json', 'emails_drafts.json', 'emails_inbox.json', 'emails_sent_items.json']
2025-07-17 14:53:17 - outlook_service - DEBUG - _get_emails_from_multiple_files:1324 - Successfully read emails_deleted_items.json with encoding: cp1252
2025-07-17 14:53:17 - outlook_service - DEBUG - _get_emails_from_multiple_files:1364 - Loaded 5 emails from Deleted Items folder
2025-07-17 14:53:17 - outlook_service - DEBUG - _get_emails_from_multiple_files:1324 - Successfully read emails_drafts.json with encoding: utf-8
2025-07-17 14:53:17 - outlook_service - DEBUG - _get_emails_from_multiple_files:1364 - Loaded 1 emails from Drafts folder
2025-07-17 14:53:17 - outlook_service - DEBUG - _get_emails_from_multiple_files:1324 - Successfully read emails_inbox.json with encoding: cp1252
2025-07-17 14:53:17 - outlook_service - DEBUG - _get_emails_from_multiple_files:1364 - Loaded 7 emails from Inbox folder
2025-07-17 14:53:17 - outlook_service - DEBUG - _get_emails_from_multiple_files:1324 - Successfully read emails_sent_items.json with encoding: utf-8
2025-07-17 14:53:17 - outlook_service - DEBUG - _get_emails_from_multiple_files:1364 - Loaded 1 emails from Sent Items folder
2025-07-17 14:53:17 - outlook_service - DEBUG - _get_emails_from_multiple_files:1378 - Consolidated 14 emails from 4 folders
2025-07-17 14:53:17 - outlook_service - DEBUG - get_emails_list:1499 - Returning 7 emails (page 1/1)
2025-07-17 14:53:17 - outlook_service - DEBUG - get_emails_data:1273 - === Loading emails data ===
2025-07-17 14:53:17 - outlook_service - INFO - get_emails_data:1280 - Found 4 folder-specific email files
2025-07-17 14:53:17 - outlook_service - DEBUG - get_emails_data:1281 - Folder files: ['emails_deleted_items.json', 'emails_drafts.json', 'emails_inbox.json', 'emails_sent_items.json']
2025-07-17 14:53:17 - outlook_service - DEBUG - _get_emails_from_multiple_files:1324 - Successfully read emails_deleted_items.json with encoding: cp1252
2025-07-17 14:53:17 - outlook_service - DEBUG - _get_emails_from_multiple_files:1364 - Loaded 5 emails from Deleted Items folder
2025-07-17 14:53:17 - outlook_service - DEBUG - _get_emails_from_multiple_files:1324 - Successfully read emails_drafts.json with encoding: utf-8
2025-07-17 14:53:17 - outlook_service - DEBUG - _get_emails_from_multiple_files:1364 - Loaded 1 emails from Drafts folder
2025-07-17 14:53:17 - outlook_service - DEBUG - _get_emails_from_multiple_files:1324 - Successfully read emails_inbox.json with encoding: cp1252
2025-07-17 14:53:17 - outlook_service - DEBUG - _get_emails_from_multiple_files:1364 - Loaded 7 emails from Inbox folder
2025-07-17 14:53:17 - outlook_service - DEBUG - _get_emails_from_multiple_files:1324 - Successfully read emails_sent_items.json with encoding: utf-8
2025-07-17 14:53:17 - outlook_service - DEBUG - _get_emails_from_multiple_files:1364 - Loaded 1 emails from Sent Items folder
2025-07-17 14:53:17 - outlook_service - DEBUG - _get_emails_from_multiple_files:1378 - Consolidated 14 emails from 4 folders
2025-07-17 14:53:17 - outlook_service - DEBUG - _initialize_com:178 - === COM Interface Initialization ===
2025-07-17 14:53:17 - outlook_service - INFO - _initialize_com:190 - Starting COM interface initialization...
2025-07-17 14:53:17 - outlook_service - DEBUG - _initialize_com:191 - Calling pythoncom.CoInitialize()
2025-07-17 14:53:17 - outlook_service - DEBUG - _initialize_com:194 - Dispatching Outlook.Application
2025-07-17 14:53:17 - outlook_service - DEBUG - _initialize_com:197 - Getting MAPI namespace
2025-07-17 14:53:17 - outlook_service - INFO - _initialize_com:201 - COM interface initialized successfully
2025-07-17 14:53:17 - outlook_service - INFO - _initialize_com:206 - Connected to Outlook version: 16.0.0.18925
2025-07-17 14:53:17 - outlook_service - DEBUG - _cleanup_com:227 - COM interface cleaned up
2025-07-17 14:53:23 - outlook_service - INFO - __init__:136 - === Initializing OutlookService ===
2025-07-17 14:53:23 - outlook_service - DEBUG - __init__:137 - Service initialization started at 2025-07-17 14:53:23.962669
2025-07-17 14:53:23 - outlook_service - INFO - __init__:146 - OutlookService configured for user: user1
2025-07-17 14:53:23 - outlook_service - DEBUG - __init__:147 - Base path: C:\Users\user1\Desktop\normie\outlook\analyze\mail
2025-07-17 14:53:23 - outlook_service - DEBUG - __init__:148 - Emails file: C:\Users\user1\Desktop\normie\outlook\analyze\mail\emails.json
2025-07-17 14:53:23 - outlook_service - DEBUG - __init__:149 - Data folder: C:\Users\user1\Desktop\normie\outlook\analyze\mail\data
2025-07-17 14:53:23 - outlook_service - INFO - __init__:156 - COM interface availability: True
2025-07-17 14:53:23 - outlook_service - INFO - __init__:160 - Base path exists: C:\Users\user1\Desktop\normie\outlook\analyze\mail
2025-07-17 14:53:23 - outlook_service - INFO - __init__:168 - Emails file not found: C:\Users\user1\Desktop\normie\outlook\analyze\mail\emails.json
2025-07-17 14:53:23 - outlook_service - INFO - __init__:170 - OutlookService initialization completed successfully
2025-07-17 14:53:23 - outlook_service - DEBUG - get_emails_data:1273 - === Loading emails data ===
2025-07-17 14:53:23 - outlook_service - INFO - get_emails_data:1280 - Found 4 folder-specific email files
2025-07-17 14:53:23 - outlook_service - DEBUG - get_emails_data:1281 - Folder files: ['emails_deleted_items.json', 'emails_drafts.json', 'emails_inbox.json', 'emails_sent_items.json']
2025-07-17 14:53:23 - outlook_service - DEBUG - _get_emails_from_multiple_files:1324 - Successfully read emails_deleted_items.json with encoding: cp1252
2025-07-17 14:53:23 - outlook_service - DEBUG - _get_emails_from_multiple_files:1364 - Loaded 5 emails from Deleted Items folder
2025-07-17 14:53:23 - outlook_service - DEBUG - _get_emails_from_multiple_files:1324 - Successfully read emails_drafts.json with encoding: utf-8
2025-07-17 14:53:23 - outlook_service - DEBUG - _get_emails_from_multiple_files:1364 - Loaded 1 emails from Drafts folder
2025-07-17 14:53:23 - outlook_service - DEBUG - _get_emails_from_multiple_files:1324 - Successfully read emails_inbox.json with encoding: cp1252
2025-07-17 14:53:23 - outlook_service - DEBUG - _get_emails_from_multiple_files:1364 - Loaded 7 emails from Inbox folder
2025-07-17 14:53:23 - outlook_service - DEBUG - _get_emails_from_multiple_files:1324 - Successfully read emails_sent_items.json with encoding: utf-8
2025-07-17 14:53:23 - outlook_service - DEBUG - _get_emails_from_multiple_files:1364 - Loaded 1 emails from Sent Items folder
2025-07-17 14:53:23 - outlook_service - DEBUG - _get_emails_from_multiple_files:1378 - Consolidated 14 emails from 4 folders
2025-07-17 14:53:38 - outlook_service - INFO - __init__:136 - === Initializing OutlookService ===
2025-07-17 14:53:38 - outlook_service - DEBUG - __init__:137 - Service initialization started at 2025-07-17 14:53:38.746787
2025-07-17 14:53:38 - outlook_service - INFO - __init__:146 - OutlookService configured for user: user1
2025-07-17 14:53:38 - outlook_service - DEBUG - __init__:147 - Base path: C:\Users\user1\Desktop\normie\outlook\analyze\mail
2025-07-17 14:53:38 - outlook_service - DEBUG - __init__:148 - Emails file: C:\Users\user1\Desktop\normie\outlook\analyze\mail\emails.json
2025-07-17 14:53:38 - outlook_service - DEBUG - __init__:149 - Data folder: C:\Users\user1\Desktop\normie\outlook\analyze\mail\data
2025-07-17 14:53:38 - outlook_service - INFO - __init__:156 - COM interface availability: True
2025-07-17 14:53:38 - outlook_service - INFO - __init__:160 - Base path exists: C:\Users\user1\Desktop\normie\outlook\analyze\mail
2025-07-17 14:53:38 - outlook_service - INFO - __init__:168 - Emails file not found: C:\Users\user1\Desktop\normie\outlook\analyze\mail\emails.json
2025-07-17 14:53:38 - outlook_service - INFO - __init__:170 - OutlookService initialization completed successfully
2025-07-17 14:53:38 - outlook_service - DEBUG - get_emails_data:1273 - === Loading emails data ===
2025-07-17 14:53:38 - outlook_service - INFO - get_emails_data:1280 - Found 4 folder-specific email files
2025-07-17 14:53:38 - outlook_service - DEBUG - get_emails_data:1281 - Folder files: ['emails_deleted_items.json', 'emails_drafts.json', 'emails_inbox.json', 'emails_sent_items.json']
2025-07-17 14:53:38 - outlook_service - DEBUG - _get_emails_from_multiple_files:1324 - Successfully read emails_deleted_items.json with encoding: cp1252
2025-07-17 14:53:38 - outlook_service - DEBUG - _get_emails_from_multiple_files:1364 - Loaded 5 emails from Deleted Items folder
2025-07-17 14:53:38 - outlook_service - DEBUG - _get_emails_from_multiple_files:1324 - Successfully read emails_drafts.json with encoding: utf-8
2025-07-17 14:53:38 - outlook_service - DEBUG - _get_emails_from_multiple_files:1364 - Loaded 1 emails from Drafts folder
2025-07-17 14:53:38 - outlook_service - DEBUG - _get_emails_from_multiple_files:1324 - Successfully read emails_inbox.json with encoding: cp1252
2025-07-17 14:53:38 - outlook_service - DEBUG - _get_emails_from_multiple_files:1364 - Loaded 7 emails from Inbox folder
2025-07-17 14:53:38 - outlook_service - DEBUG - _get_emails_from_multiple_files:1324 - Successfully read emails_sent_items.json with encoding: utf-8
2025-07-17 14:53:38 - outlook_service - DEBUG - _get_emails_from_multiple_files:1364 - Loaded 1 emails from Sent Items folder
2025-07-17 14:53:38 - outlook_service - DEBUG - _get_emails_from_multiple_files:1378 - Consolidated 14 emails from 4 folders
2025-07-17 14:53:38 - outlook_service - DEBUG - get_emails_list:1499 - Returning 7 emails (page 1/1)
2025-07-17 14:53:38 - outlook_service - DEBUG - get_emails_data:1273 - === Loading emails data ===
2025-07-17 14:53:38 - outlook_service - INFO - get_emails_data:1280 - Found 4 folder-specific email files
2025-07-17 14:53:38 - outlook_service - DEBUG - get_emails_data:1281 - Folder files: ['emails_deleted_items.json', 'emails_drafts.json', 'emails_inbox.json', 'emails_sent_items.json']
2025-07-17 14:53:38 - outlook_service - DEBUG - _get_emails_from_multiple_files:1324 - Successfully read emails_deleted_items.json with encoding: cp1252
2025-07-17 14:53:38 - outlook_service - DEBUG - _get_emails_from_multiple_files:1364 - Loaded 5 emails from Deleted Items folder
2025-07-17 14:53:38 - outlook_service - DEBUG - _get_emails_from_multiple_files:1324 - Successfully read emails_drafts.json with encoding: utf-8
2025-07-17 14:53:38 - outlook_service - DEBUG - _get_emails_from_multiple_files:1364 - Loaded 1 emails from Drafts folder
2025-07-17 14:53:38 - outlook_service - DEBUG - _get_emails_from_multiple_files:1324 - Successfully read emails_inbox.json with encoding: cp1252
2025-07-17 14:53:38 - outlook_service - DEBUG - _get_emails_from_multiple_files:1364 - Loaded 7 emails from Inbox folder
2025-07-17 14:53:38 - outlook_service - DEBUG - _get_emails_from_multiple_files:1324 - Successfully read emails_sent_items.json with encoding: utf-8
2025-07-17 14:53:38 - outlook_service - DEBUG - _get_emails_from_multiple_files:1364 - Loaded 1 emails from Sent Items folder
2025-07-17 14:53:38 - outlook_service - DEBUG - _get_emails_from_multiple_files:1378 - Consolidated 14 emails from 4 folders
2025-07-17 14:53:43 - outlook_service - INFO - __init__:136 - === Initializing OutlookService ===
2025-07-17 14:53:43 - outlook_service - DEBUG - __init__:137 - Service initialization started at 2025-07-17 14:53:43.618304
2025-07-17 14:53:43 - outlook_service - INFO - __init__:146 - OutlookService configured for user: user1
2025-07-17 14:53:43 - outlook_service - DEBUG - __init__:147 - Base path: C:\Users\user1\Desktop\normie\outlook\analyze\mail
2025-07-17 14:53:43 - outlook_service - DEBUG - __init__:148 - Emails file: C:\Users\user1\Desktop\normie\outlook\analyze\mail\emails.json
2025-07-17 14:53:43 - outlook_service - DEBUG - __init__:149 - Data folder: C:\Users\user1\Desktop\normie\outlook\analyze\mail\data
2025-07-17 14:53:43 - outlook_service - INFO - __init__:156 - COM interface availability: True
2025-07-17 14:53:43 - outlook_service - INFO - __init__:160 - Base path exists: C:\Users\user1\Desktop\normie\outlook\analyze\mail
2025-07-17 14:53:43 - outlook_service - INFO - __init__:168 - Emails file not found: C:\Users\user1\Desktop\normie\outlook\analyze\mail\emails.json
2025-07-17 14:53:43 - outlook_service - INFO - __init__:170 - OutlookService initialization completed successfully
2025-07-17 14:53:43 - outlook_service - DEBUG - get_emails_data:1273 - === Loading emails data ===
2025-07-17 14:53:43 - outlook_service - INFO - get_emails_data:1280 - Found 4 folder-specific email files
2025-07-17 14:53:43 - outlook_service - DEBUG - get_emails_data:1281 - Folder files: ['emails_deleted_items.json', 'emails_drafts.json', 'emails_inbox.json', 'emails_sent_items.json']
2025-07-17 14:53:43 - outlook_service - DEBUG - _get_emails_from_multiple_files:1324 - Successfully read emails_deleted_items.json with encoding: cp1252
2025-07-17 14:53:43 - outlook_service - DEBUG - _get_emails_from_multiple_files:1364 - Loaded 5 emails from Deleted Items folder
2025-07-17 14:53:43 - outlook_service - DEBUG - _get_emails_from_multiple_files:1324 - Successfully read emails_drafts.json with encoding: utf-8
2025-07-17 14:53:43 - outlook_service - DEBUG - _get_emails_from_multiple_files:1364 - Loaded 1 emails from Drafts folder
2025-07-17 14:53:43 - outlook_service - DEBUG - _get_emails_from_multiple_files:1324 - Successfully read emails_inbox.json with encoding: cp1252
2025-07-17 14:53:43 - outlook_service - DEBUG - _get_emails_from_multiple_files:1364 - Loaded 7 emails from Inbox folder
2025-07-17 14:53:43 - outlook_service - DEBUG - _get_emails_from_multiple_files:1324 - Successfully read emails_sent_items.json with encoding: utf-8
2025-07-17 14:53:43 - outlook_service - DEBUG - _get_emails_from_multiple_files:1364 - Loaded 1 emails from Sent Items folder
2025-07-17 14:53:43 - outlook_service - DEBUG - _get_emails_from_multiple_files:1378 - Consolidated 14 emails from 4 folders
2025-07-17 14:53:59 - outlook_service - INFO - __init__:136 - === Initializing OutlookService ===
2025-07-17 14:53:59 - outlook_service - DEBUG - __init__:137 - Service initialization started at 2025-07-17 14:53:59.539862
2025-07-17 14:53:59 - outlook_service - INFO - __init__:146 - OutlookService configured for user: user1
2025-07-17 14:53:59 - outlook_service - DEBUG - __init__:147 - Base path: C:\Users\user1\Desktop\normie\outlook\analyze\mail
2025-07-17 14:53:59 - outlook_service - DEBUG - __init__:148 - Emails file: C:\Users\user1\Desktop\normie\outlook\analyze\mail\emails.json
2025-07-17 14:53:59 - outlook_service - DEBUG - __init__:149 - Data folder: C:\Users\user1\Desktop\normie\outlook\analyze\mail\data
2025-07-17 14:53:59 - outlook_service - INFO - __init__:156 - COM interface availability: True
2025-07-17 14:53:59 - outlook_service - INFO - __init__:160 - Base path exists: C:\Users\user1\Desktop\normie\outlook\analyze\mail
2025-07-17 14:53:59 - outlook_service - INFO - __init__:168 - Emails file not found: C:\Users\user1\Desktop\normie\outlook\analyze\mail\emails.json
2025-07-17 14:53:59 - outlook_service - INFO - __init__:170 - OutlookService initialization completed successfully
2025-07-17 14:53:59 - outlook_service - DEBUG - get_emails_data:1273 - === Loading emails data ===
2025-07-17 14:53:59 - outlook_service - INFO - get_emails_data:1280 - Found 4 folder-specific email files
2025-07-17 14:53:59 - outlook_service - DEBUG - get_emails_data:1281 - Folder files: ['emails_deleted_items.json', 'emails_drafts.json', 'emails_inbox.json', 'emails_sent_items.json']
2025-07-17 14:53:59 - outlook_service - DEBUG - _get_emails_from_multiple_files:1324 - Successfully read emails_deleted_items.json with encoding: cp1252
2025-07-17 14:53:59 - outlook_service - DEBUG - _get_emails_from_multiple_files:1364 - Loaded 5 emails from Deleted Items folder
2025-07-17 14:53:59 - outlook_service - DEBUG - _get_emails_from_multiple_files:1324 - Successfully read emails_drafts.json with encoding: utf-8
2025-07-17 14:53:59 - outlook_service - DEBUG - _get_emails_from_multiple_files:1364 - Loaded 1 emails from Drafts folder
2025-07-17 14:53:59 - outlook_service - DEBUG - _get_emails_from_multiple_files:1324 - Successfully read emails_inbox.json with encoding: cp1252
2025-07-17 14:53:59 - outlook_service - DEBUG - _get_emails_from_multiple_files:1364 - Loaded 7 emails from Inbox folder
2025-07-17 14:53:59 - outlook_service - DEBUG - _get_emails_from_multiple_files:1324 - Successfully read emails_sent_items.json with encoding: utf-8
2025-07-17 14:53:59 - outlook_service - DEBUG - _get_emails_from_multiple_files:1364 - Loaded 1 emails from Sent Items folder
2025-07-17 14:53:59 - outlook_service - DEBUG - _get_emails_from_multiple_files:1378 - Consolidated 14 emails from 4 folders
2025-07-17 14:53:59 - outlook_service - DEBUG - get_emails_list:1499 - Returning 7 emails (page 1/1)
2025-07-17 14:53:59 - outlook_service - DEBUG - get_emails_data:1273 - === Loading emails data ===
2025-07-17 14:53:59 - outlook_service - INFO - get_emails_data:1280 - Found 4 folder-specific email files
2025-07-17 14:53:59 - outlook_service - DEBUG - get_emails_data:1281 - Folder files: ['emails_deleted_items.json', 'emails_drafts.json', 'emails_inbox.json', 'emails_sent_items.json']
2025-07-17 14:53:59 - outlook_service - DEBUG - _get_emails_from_multiple_files:1324 - Successfully read emails_deleted_items.json with encoding: cp1252
2025-07-17 14:53:59 - outlook_service - DEBUG - _get_emails_from_multiple_files:1364 - Loaded 5 emails from Deleted Items folder
2025-07-17 14:53:59 - outlook_service - DEBUG - _get_emails_from_multiple_files:1324 - Successfully read emails_drafts.json with encoding: utf-8
2025-07-17 14:53:59 - outlook_service - DEBUG - _get_emails_from_multiple_files:1364 - Loaded 1 emails from Drafts folder
2025-07-17 14:53:59 - outlook_service - DEBUG - _get_emails_from_multiple_files:1324 - Successfully read emails_inbox.json with encoding: cp1252
2025-07-17 14:53:59 - outlook_service - DEBUG - _get_emails_from_multiple_files:1364 - Loaded 7 emails from Inbox folder
2025-07-17 14:53:59 - outlook_service - DEBUG - _get_emails_from_multiple_files:1324 - Successfully read emails_sent_items.json with encoding: utf-8
2025-07-17 14:53:59 - outlook_service - DEBUG - _get_emails_from_multiple_files:1364 - Loaded 1 emails from Sent Items folder
2025-07-17 14:53:59 - outlook_service - DEBUG - _get_emails_from_multiple_files:1378 - Consolidated 14 emails from 4 folders
2025-07-17 14:54:19 - outlook_service - INFO - __init__:136 - === Initializing OutlookService ===
2025-07-17 14:54:19 - outlook_service - DEBUG - __init__:137 - Service initialization started at 2025-07-17 14:54:19.541420
2025-07-17 14:54:19 - outlook_service - INFO - __init__:146 - OutlookService configured for user: user1
2025-07-17 14:54:19 - outlook_service - DEBUG - __init__:147 - Base path: C:\Users\user1\Desktop\normie\outlook\analyze\mail
2025-07-17 14:54:19 - outlook_service - DEBUG - __init__:148 - Emails file: C:\Users\user1\Desktop\normie\outlook\analyze\mail\emails.json
2025-07-17 14:54:19 - outlook_service - DEBUG - __init__:149 - Data folder: C:\Users\user1\Desktop\normie\outlook\analyze\mail\data
2025-07-17 14:54:19 - outlook_service - INFO - __init__:156 - COM interface availability: True
2025-07-17 14:54:19 - outlook_service - INFO - __init__:160 - Base path exists: C:\Users\user1\Desktop\normie\outlook\analyze\mail
2025-07-17 14:54:19 - outlook_service - INFO - __init__:168 - Emails file not found: C:\Users\user1\Desktop\normie\outlook\analyze\mail\emails.json
2025-07-17 14:54:19 - outlook_service - INFO - __init__:170 - OutlookService initialization completed successfully
2025-07-17 14:54:19 - outlook_service - DEBUG - get_emails_data:1273 - === Loading emails data ===
2025-07-17 14:54:19 - outlook_service - INFO - get_emails_data:1280 - Found 4 folder-specific email files
2025-07-17 14:54:19 - outlook_service - DEBUG - get_emails_data:1281 - Folder files: ['emails_deleted_items.json', 'emails_drafts.json', 'emails_inbox.json', 'emails_sent_items.json']
2025-07-17 14:54:19 - outlook_service - DEBUG - _get_emails_from_multiple_files:1324 - Successfully read emails_deleted_items.json with encoding: cp1252
2025-07-17 14:54:19 - outlook_service - DEBUG - _get_emails_from_multiple_files:1364 - Loaded 5 emails from Deleted Items folder
2025-07-17 14:54:19 - outlook_service - DEBUG - _get_emails_from_multiple_files:1324 - Successfully read emails_drafts.json with encoding: utf-8
2025-07-17 14:54:19 - outlook_service - DEBUG - _get_emails_from_multiple_files:1364 - Loaded 1 emails from Drafts folder
2025-07-17 14:54:19 - outlook_service - DEBUG - _get_emails_from_multiple_files:1324 - Successfully read emails_inbox.json with encoding: cp1252
2025-07-17 14:54:19 - outlook_service - DEBUG - _get_emails_from_multiple_files:1364 - Loaded 7 emails from Inbox folder
2025-07-17 14:54:19 - outlook_service - DEBUG - _get_emails_from_multiple_files:1324 - Successfully read emails_sent_items.json with encoding: utf-8
2025-07-17 14:54:19 - outlook_service - DEBUG - _get_emails_from_multiple_files:1364 - Loaded 1 emails from Sent Items folder
2025-07-17 14:54:19 - outlook_service - DEBUG - _get_emails_from_multiple_files:1378 - Consolidated 14 emails from 4 folders
2025-07-17 14:54:19 - outlook_service - DEBUG - get_emails_list:1499 - Returning 7 emails (page 1/1)
2025-07-17 14:54:19 - outlook_service - DEBUG - get_emails_data:1273 - === Loading emails data ===
2025-07-17 14:54:19 - outlook_service - INFO - get_emails_data:1280 - Found 4 folder-specific email files
2025-07-17 14:54:19 - outlook_service - DEBUG - get_emails_data:1281 - Folder files: ['emails_deleted_items.json', 'emails_drafts.json', 'emails_inbox.json', 'emails_sent_items.json']
2025-07-17 14:54:19 - outlook_service - DEBUG - _get_emails_from_multiple_files:1324 - Successfully read emails_deleted_items.json with encoding: cp1252
2025-07-17 14:54:19 - outlook_service - DEBUG - _get_emails_from_multiple_files:1364 - Loaded 5 emails from Deleted Items folder
2025-07-17 14:54:19 - outlook_service - DEBUG - _get_emails_from_multiple_files:1324 - Successfully read emails_drafts.json with encoding: utf-8
2025-07-17 14:54:19 - outlook_service - DEBUG - _get_emails_from_multiple_files:1364 - Loaded 1 emails from Drafts folder
2025-07-17 14:54:19 - outlook_service - DEBUG - _get_emails_from_multiple_files:1324 - Successfully read emails_inbox.json with encoding: cp1252
2025-07-17 14:54:19 - outlook_service - DEBUG - _get_emails_from_multiple_files:1364 - Loaded 7 emails from Inbox folder
2025-07-17 14:54:19 - outlook_service - DEBUG - _get_emails_from_multiple_files:1324 - Successfully read emails_sent_items.json with encoding: utf-8
2025-07-17 14:54:19 - outlook_service - DEBUG - _get_emails_from_multiple_files:1364 - Loaded 1 emails from Sent Items folder
2025-07-17 14:54:19 - outlook_service - DEBUG - _get_emails_from_multiple_files:1378 - Consolidated 14 emails from 4 folders
2025-07-17 14:54:39 - outlook_service - INFO - __init__:136 - === Initializing OutlookService ===
2025-07-17 14:54:39 - outlook_service - DEBUG - __init__:137 - Service initialization started at 2025-07-17 14:54:39.546468
2025-07-17 14:54:39 - outlook_service - INFO - __init__:146 - OutlookService configured for user: user1
2025-07-17 14:54:39 - outlook_service - DEBUG - __init__:147 - Base path: C:\Users\user1\Desktop\normie\outlook\analyze\mail
2025-07-17 14:54:39 - outlook_service - DEBUG - __init__:148 - Emails file: C:\Users\user1\Desktop\normie\outlook\analyze\mail\emails.json
2025-07-17 14:54:39 - outlook_service - DEBUG - __init__:149 - Data folder: C:\Users\user1\Desktop\normie\outlook\analyze\mail\data
2025-07-17 14:54:39 - outlook_service - INFO - __init__:156 - COM interface availability: True
2025-07-17 14:54:39 - outlook_service - INFO - __init__:160 - Base path exists: C:\Users\user1\Desktop\normie\outlook\analyze\mail
2025-07-17 14:54:39 - outlook_service - INFO - __init__:168 - Emails file not found: C:\Users\user1\Desktop\normie\outlook\analyze\mail\emails.json
2025-07-17 14:54:39 - outlook_service - INFO - __init__:170 - OutlookService initialization completed successfully
2025-07-17 14:54:39 - outlook_service - DEBUG - get_emails_data:1273 - === Loading emails data ===
2025-07-17 14:54:39 - outlook_service - INFO - get_emails_data:1280 - Found 4 folder-specific email files
2025-07-17 14:54:39 - outlook_service - DEBUG - get_emails_data:1281 - Folder files: ['emails_deleted_items.json', 'emails_drafts.json', 'emails_inbox.json', 'emails_sent_items.json']
2025-07-17 14:54:39 - outlook_service - DEBUG - _get_emails_from_multiple_files:1324 - Successfully read emails_deleted_items.json with encoding: cp1252
2025-07-17 14:54:39 - outlook_service - DEBUG - _get_emails_from_multiple_files:1364 - Loaded 5 emails from Deleted Items folder
2025-07-17 14:54:39 - outlook_service - DEBUG - _get_emails_from_multiple_files:1324 - Successfully read emails_drafts.json with encoding: utf-8
2025-07-17 14:54:39 - outlook_service - DEBUG - _get_emails_from_multiple_files:1364 - Loaded 1 emails from Drafts folder
2025-07-17 14:54:39 - outlook_service - DEBUG - _get_emails_from_multiple_files:1324 - Successfully read emails_inbox.json with encoding: cp1252
2025-07-17 14:54:39 - outlook_service - DEBUG - _get_emails_from_multiple_files:1364 - Loaded 7 emails from Inbox folder
2025-07-17 14:54:39 - outlook_service - DEBUG - _get_emails_from_multiple_files:1324 - Successfully read emails_sent_items.json with encoding: utf-8
2025-07-17 14:54:39 - outlook_service - DEBUG - _get_emails_from_multiple_files:1364 - Loaded 1 emails from Sent Items folder
2025-07-17 14:54:39 - outlook_service - DEBUG - _get_emails_from_multiple_files:1378 - Consolidated 14 emails from 4 folders
2025-07-17 14:54:39 - outlook_service - DEBUG - get_emails_list:1499 - Returning 7 emails (page 1/1)
2025-07-17 14:54:39 - outlook_service - DEBUG - get_emails_data:1273 - === Loading emails data ===
2025-07-17 14:54:39 - outlook_service - INFO - get_emails_data:1280 - Found 4 folder-specific email files
2025-07-17 14:54:39 - outlook_service - DEBUG - get_emails_data:1281 - Folder files: ['emails_deleted_items.json', 'emails_drafts.json', 'emails_inbox.json', 'emails_sent_items.json']
2025-07-17 14:54:39 - outlook_service - DEBUG - _get_emails_from_multiple_files:1324 - Successfully read emails_deleted_items.json with encoding: cp1252
2025-07-17 14:54:39 - outlook_service - DEBUG - _get_emails_from_multiple_files:1364 - Loaded 5 emails from Deleted Items folder
2025-07-17 14:54:39 - outlook_service - DEBUG - _get_emails_from_multiple_files:1324 - Successfully read emails_drafts.json with encoding: utf-8
2025-07-17 14:54:39 - outlook_service - DEBUG - _get_emails_from_multiple_files:1364 - Loaded 1 emails from Drafts folder
2025-07-17 14:54:39 - outlook_service - DEBUG - _get_emails_from_multiple_files:1324 - Successfully read emails_inbox.json with encoding: cp1252
2025-07-17 14:54:39 - outlook_service - DEBUG - _get_emails_from_multiple_files:1364 - Loaded 7 emails from Inbox folder
2025-07-17 14:54:39 - outlook_service - DEBUG - _get_emails_from_multiple_files:1324 - Successfully read emails_sent_items.json with encoding: utf-8
2025-07-17 14:54:39 - outlook_service - DEBUG - _get_emails_from_multiple_files:1364 - Loaded 1 emails from Sent Items folder
2025-07-17 14:54:39 - outlook_service - DEBUG - _get_emails_from_multiple_files:1378 - Consolidated 14 emails from 4 folders
2025-07-17 14:54:59 - outlook_service - INFO - __init__:136 - === Initializing OutlookService ===
2025-07-17 14:54:59 - outlook_service - DEBUG - __init__:137 - Service initialization started at 2025-07-17 14:54:59.541878
2025-07-17 14:54:59 - outlook_service - INFO - __init__:146 - OutlookService configured for user: user1
2025-07-17 14:54:59 - outlook_service - DEBUG - __init__:147 - Base path: C:\Users\user1\Desktop\normie\outlook\analyze\mail
2025-07-17 14:54:59 - outlook_service - DEBUG - __init__:148 - Emails file: C:\Users\user1\Desktop\normie\outlook\analyze\mail\emails.json
2025-07-17 14:54:59 - outlook_service - DEBUG - __init__:149 - Data folder: C:\Users\user1\Desktop\normie\outlook\analyze\mail\data
2025-07-17 14:54:59 - outlook_service - INFO - __init__:156 - COM interface availability: True
2025-07-17 14:54:59 - outlook_service - INFO - __init__:160 - Base path exists: C:\Users\user1\Desktop\normie\outlook\analyze\mail
2025-07-17 14:54:59 - outlook_service - INFO - __init__:168 - Emails file not found: C:\Users\user1\Desktop\normie\outlook\analyze\mail\emails.json
2025-07-17 14:54:59 - outlook_service - INFO - __init__:170 - OutlookService initialization completed successfully
2025-07-17 14:54:59 - outlook_service - DEBUG - get_emails_data:1273 - === Loading emails data ===
2025-07-17 14:54:59 - outlook_service - INFO - get_emails_data:1280 - Found 4 folder-specific email files
2025-07-17 14:54:59 - outlook_service - DEBUG - get_emails_data:1281 - Folder files: ['emails_deleted_items.json', 'emails_drafts.json', 'emails_inbox.json', 'emails_sent_items.json']
2025-07-17 14:54:59 - outlook_service - DEBUG - _get_emails_from_multiple_files:1324 - Successfully read emails_deleted_items.json with encoding: cp1252
2025-07-17 14:54:59 - outlook_service - DEBUG - _get_emails_from_multiple_files:1364 - Loaded 5 emails from Deleted Items folder
2025-07-17 14:54:59 - outlook_service - DEBUG - _get_emails_from_multiple_files:1324 - Successfully read emails_drafts.json with encoding: utf-8
2025-07-17 14:54:59 - outlook_service - DEBUG - _get_emails_from_multiple_files:1364 - Loaded 1 emails from Drafts folder
2025-07-17 14:54:59 - outlook_service - DEBUG - _get_emails_from_multiple_files:1324 - Successfully read emails_inbox.json with encoding: cp1252
2025-07-17 14:54:59 - outlook_service - DEBUG - _get_emails_from_multiple_files:1364 - Loaded 7 emails from Inbox folder
2025-07-17 14:54:59 - outlook_service - DEBUG - _get_emails_from_multiple_files:1324 - Successfully read emails_sent_items.json with encoding: utf-8
2025-07-17 14:54:59 - outlook_service - DEBUG - _get_emails_from_multiple_files:1364 - Loaded 1 emails from Sent Items folder
2025-07-17 14:54:59 - outlook_service - DEBUG - _get_emails_from_multiple_files:1378 - Consolidated 14 emails from 4 folders
2025-07-17 14:54:59 - outlook_service - DEBUG - get_emails_list:1499 - Returning 7 emails (page 1/1)
2025-07-17 14:54:59 - outlook_service - DEBUG - get_emails_data:1273 - === Loading emails data ===
2025-07-17 14:54:59 - outlook_service - INFO - get_emails_data:1280 - Found 4 folder-specific email files
2025-07-17 14:54:59 - outlook_service - DEBUG - get_emails_data:1281 - Folder files: ['emails_deleted_items.json', 'emails_drafts.json', 'emails_inbox.json', 'emails_sent_items.json']
2025-07-17 14:54:59 - outlook_service - DEBUG - _get_emails_from_multiple_files:1324 - Successfully read emails_deleted_items.json with encoding: cp1252
2025-07-17 14:54:59 - outlook_service - DEBUG - _get_emails_from_multiple_files:1364 - Loaded 5 emails from Deleted Items folder
2025-07-17 14:54:59 - outlook_service - DEBUG - _get_emails_from_multiple_files:1324 - Successfully read emails_drafts.json with encoding: utf-8
2025-07-17 14:54:59 - outlook_service - DEBUG - _get_emails_from_multiple_files:1364 - Loaded 1 emails from Drafts folder
2025-07-17 14:54:59 - outlook_service - DEBUG - _get_emails_from_multiple_files:1324 - Successfully read emails_inbox.json with encoding: cp1252
2025-07-17 14:54:59 - outlook_service - DEBUG - _get_emails_from_multiple_files:1364 - Loaded 7 emails from Inbox folder
2025-07-17 14:54:59 - outlook_service - DEBUG - _get_emails_from_multiple_files:1324 - Successfully read emails_sent_items.json with encoding: utf-8
2025-07-17 14:54:59 - outlook_service - DEBUG - _get_emails_from_multiple_files:1364 - Loaded 1 emails from Sent Items folder
2025-07-17 14:54:59 - outlook_service - DEBUG - _get_emails_from_multiple_files:1378 - Consolidated 14 emails from 4 folders
2025-07-17 14:55:19 - outlook_service - INFO - __init__:136 - === Initializing OutlookService ===
2025-07-17 14:55:19 - outlook_service - DEBUG - __init__:137 - Service initialization started at 2025-07-17 14:55:19.553554
2025-07-17 14:55:19 - outlook_service - INFO - __init__:146 - OutlookService configured for user: user1
2025-07-17 14:55:19 - outlook_service - DEBUG - __init__:147 - Base path: C:\Users\user1\Desktop\normie\outlook\analyze\mail
2025-07-17 14:55:19 - outlook_service - DEBUG - __init__:148 - Emails file: C:\Users\user1\Desktop\normie\outlook\analyze\mail\emails.json
2025-07-17 14:55:19 - outlook_service - DEBUG - __init__:149 - Data folder: C:\Users\user1\Desktop\normie\outlook\analyze\mail\data
2025-07-17 14:55:19 - outlook_service - INFO - __init__:156 - COM interface availability: True
2025-07-17 14:55:19 - outlook_service - INFO - __init__:160 - Base path exists: C:\Users\user1\Desktop\normie\outlook\analyze\mail
2025-07-17 14:55:19 - outlook_service - INFO - __init__:168 - Emails file not found: C:\Users\user1\Desktop\normie\outlook\analyze\mail\emails.json
2025-07-17 14:55:19 - outlook_service - INFO - __init__:170 - OutlookService initialization completed successfully
2025-07-17 14:55:19 - outlook_service - DEBUG - get_emails_data:1273 - === Loading emails data ===
2025-07-17 14:55:19 - outlook_service - INFO - get_emails_data:1280 - Found 4 folder-specific email files
2025-07-17 14:55:19 - outlook_service - DEBUG - get_emails_data:1281 - Folder files: ['emails_deleted_items.json', 'emails_drafts.json', 'emails_inbox.json', 'emails_sent_items.json']
2025-07-17 14:55:19 - outlook_service - DEBUG - _get_emails_from_multiple_files:1324 - Successfully read emails_deleted_items.json with encoding: cp1252
2025-07-17 14:55:19 - outlook_service - DEBUG - _get_emails_from_multiple_files:1364 - Loaded 5 emails from Deleted Items folder
2025-07-17 14:55:19 - outlook_service - DEBUG - _get_emails_from_multiple_files:1324 - Successfully read emails_drafts.json with encoding: utf-8
2025-07-17 14:55:19 - outlook_service - DEBUG - _get_emails_from_multiple_files:1364 - Loaded 1 emails from Drafts folder
2025-07-17 14:55:19 - outlook_service - DEBUG - _get_emails_from_multiple_files:1324 - Successfully read emails_inbox.json with encoding: cp1252
2025-07-17 14:55:19 - outlook_service - DEBUG - _get_emails_from_multiple_files:1364 - Loaded 7 emails from Inbox folder
2025-07-17 14:55:19 - outlook_service - DEBUG - _get_emails_from_multiple_files:1324 - Successfully read emails_sent_items.json with encoding: utf-8
2025-07-17 14:55:19 - outlook_service - DEBUG - _get_emails_from_multiple_files:1364 - Loaded 1 emails from Sent Items folder
2025-07-17 14:55:19 - outlook_service - DEBUG - _get_emails_from_multiple_files:1378 - Consolidated 14 emails from 4 folders
2025-07-17 14:55:19 - outlook_service - DEBUG - get_emails_list:1499 - Returning 7 emails (page 1/1)
2025-07-17 14:55:19 - outlook_service - DEBUG - get_emails_data:1273 - === Loading emails data ===
2025-07-17 14:55:19 - outlook_service - INFO - get_emails_data:1280 - Found 4 folder-specific email files
2025-07-17 14:55:19 - outlook_service - DEBUG - get_emails_data:1281 - Folder files: ['emails_deleted_items.json', 'emails_drafts.json', 'emails_inbox.json', 'emails_sent_items.json']
2025-07-17 14:55:19 - outlook_service - DEBUG - _get_emails_from_multiple_files:1324 - Successfully read emails_deleted_items.json with encoding: cp1252
2025-07-17 14:55:19 - outlook_service - DEBUG - _get_emails_from_multiple_files:1364 - Loaded 5 emails from Deleted Items folder
2025-07-17 14:55:19 - outlook_service - DEBUG - _get_emails_from_multiple_files:1324 - Successfully read emails_drafts.json with encoding: utf-8
2025-07-17 14:55:19 - outlook_service - DEBUG - _get_emails_from_multiple_files:1364 - Loaded 1 emails from Drafts folder
2025-07-17 14:55:19 - outlook_service - DEBUG - _get_emails_from_multiple_files:1324 - Successfully read emails_inbox.json with encoding: cp1252
2025-07-17 14:55:19 - outlook_service - DEBUG - _get_emails_from_multiple_files:1364 - Loaded 7 emails from Inbox folder
2025-07-17 14:55:19 - outlook_service - DEBUG - _get_emails_from_multiple_files:1324 - Successfully read emails_sent_items.json with encoding: utf-8
2025-07-17 14:55:19 - outlook_service - DEBUG - _get_emails_from_multiple_files:1364 - Loaded 1 emails from Sent Items folder
2025-07-17 14:55:19 - outlook_service - DEBUG - _get_emails_from_multiple_files:1378 - Consolidated 14 emails from 4 folders
2025-07-17 14:56:20 - outlook_service - INFO - __init__:136 - === Initializing OutlookService ===
2025-07-17 14:56:20 - outlook_service - DEBUG - __init__:137 - Service initialization started at 2025-07-17 14:56:20.548293
2025-07-17 14:56:20 - outlook_service - INFO - __init__:146 - OutlookService configured for user: user1
2025-07-17 14:56:20 - outlook_service - DEBUG - __init__:147 - Base path: C:\Users\user1\Desktop\normie\outlook\analyze\mail
2025-07-17 14:56:20 - outlook_service - DEBUG - __init__:148 - Emails file: C:\Users\user1\Desktop\normie\outlook\analyze\mail\emails.json
2025-07-17 14:56:20 - outlook_service - DEBUG - __init__:149 - Data folder: C:\Users\user1\Desktop\normie\outlook\analyze\mail\data
2025-07-17 14:56:20 - outlook_service - INFO - __init__:156 - COM interface availability: True
2025-07-17 14:56:20 - outlook_service - INFO - __init__:160 - Base path exists: C:\Users\user1\Desktop\normie\outlook\analyze\mail
2025-07-17 14:56:20 - outlook_service - INFO - __init__:168 - Emails file not found: C:\Users\user1\Desktop\normie\outlook\analyze\mail\emails.json
2025-07-17 14:56:20 - outlook_service - INFO - __init__:170 - OutlookService initialization completed successfully
2025-07-17 14:56:20 - outlook_service - DEBUG - get_emails_data:1273 - === Loading emails data ===
2025-07-17 14:56:20 - outlook_service - INFO - get_emails_data:1280 - Found 4 folder-specific email files
2025-07-17 14:56:20 - outlook_service - DEBUG - get_emails_data:1281 - Folder files: ['emails_deleted_items.json', 'emails_drafts.json', 'emails_inbox.json', 'emails_sent_items.json']
2025-07-17 14:56:20 - outlook_service - DEBUG - _get_emails_from_multiple_files:1324 - Successfully read emails_deleted_items.json with encoding: cp1252
2025-07-17 14:56:20 - outlook_service - DEBUG - _get_emails_from_multiple_files:1364 - Loaded 5 emails from Deleted Items folder
2025-07-17 14:56:20 - outlook_service - DEBUG - _get_emails_from_multiple_files:1324 - Successfully read emails_drafts.json with encoding: utf-8
2025-07-17 14:56:20 - outlook_service - DEBUG - _get_emails_from_multiple_files:1364 - Loaded 1 emails from Drafts folder
2025-07-17 14:56:20 - outlook_service - DEBUG - _get_emails_from_multiple_files:1324 - Successfully read emails_inbox.json with encoding: cp1252
2025-07-17 14:56:20 - outlook_service - DEBUG - _get_emails_from_multiple_files:1364 - Loaded 7 emails from Inbox folder
2025-07-17 14:56:20 - outlook_service - DEBUG - _get_emails_from_multiple_files:1324 - Successfully read emails_sent_items.json with encoding: utf-8
2025-07-17 14:56:20 - outlook_service - DEBUG - _get_emails_from_multiple_files:1364 - Loaded 1 emails from Sent Items folder
2025-07-17 14:56:20 - outlook_service - DEBUG - _get_emails_from_multiple_files:1378 - Consolidated 14 emails from 4 folders
2025-07-17 14:56:20 - outlook_service - DEBUG - get_emails_list:1499 - Returning 7 emails (page 1/1)
2025-07-17 14:56:20 - outlook_service - DEBUG - get_emails_data:1273 - === Loading emails data ===
2025-07-17 14:56:20 - outlook_service - INFO - get_emails_data:1280 - Found 4 folder-specific email files
2025-07-17 14:56:20 - outlook_service - DEBUG - get_emails_data:1281 - Folder files: ['emails_deleted_items.json', 'emails_drafts.json', 'emails_inbox.json', 'emails_sent_items.json']
2025-07-17 14:56:20 - outlook_service - DEBUG - _get_emails_from_multiple_files:1324 - Successfully read emails_deleted_items.json with encoding: cp1252
2025-07-17 14:56:20 - outlook_service - DEBUG - _get_emails_from_multiple_files:1364 - Loaded 5 emails from Deleted Items folder
2025-07-17 14:56:20 - outlook_service - DEBUG - _get_emails_from_multiple_files:1324 - Successfully read emails_drafts.json with encoding: utf-8
2025-07-17 14:56:20 - outlook_service - DEBUG - _get_emails_from_multiple_files:1364 - Loaded 1 emails from Drafts folder
2025-07-17 14:56:20 - outlook_service - DEBUG - _get_emails_from_multiple_files:1324 - Successfully read emails_inbox.json with encoding: cp1252
2025-07-17 14:56:20 - outlook_service - DEBUG - _get_emails_from_multiple_files:1364 - Loaded 7 emails from Inbox folder
2025-07-17 14:56:20 - outlook_service - DEBUG - _get_emails_from_multiple_files:1324 - Successfully read emails_sent_items.json with encoding: utf-8
2025-07-17 14:56:20 - outlook_service - DEBUG - _get_emails_from_multiple_files:1364 - Loaded 1 emails from Sent Items folder
2025-07-17 14:56:20 - outlook_service - DEBUG - _get_emails_from_multiple_files:1378 - Consolidated 14 emails from 4 folders
2025-07-17 14:57:21 - outlook_service - INFO - __init__:136 - === Initializing OutlookService ===
2025-07-17 14:57:21 - outlook_service - DEBUG - __init__:137 - Service initialization started at 2025-07-17 14:57:21.539675
2025-07-17 14:57:21 - outlook_service - INFO - __init__:146 - OutlookService configured for user: user1
2025-07-17 14:57:21 - outlook_service - DEBUG - __init__:147 - Base path: C:\Users\user1\Desktop\normie\outlook\analyze\mail
2025-07-17 14:57:21 - outlook_service - DEBUG - __init__:148 - Emails file: C:\Users\user1\Desktop\normie\outlook\analyze\mail\emails.json
2025-07-17 14:57:21 - outlook_service - DEBUG - __init__:149 - Data folder: C:\Users\user1\Desktop\normie\outlook\analyze\mail\data
2025-07-17 14:57:21 - outlook_service - INFO - __init__:156 - COM interface availability: True
2025-07-17 14:57:21 - outlook_service - INFO - __init__:160 - Base path exists: C:\Users\user1\Desktop\normie\outlook\analyze\mail
2025-07-17 14:57:21 - outlook_service - INFO - __init__:168 - Emails file not found: C:\Users\user1\Desktop\normie\outlook\analyze\mail\emails.json
2025-07-17 14:57:21 - outlook_service - INFO - __init__:170 - OutlookService initialization completed successfully
2025-07-17 14:57:21 - outlook_service - DEBUG - get_emails_data:1273 - === Loading emails data ===
2025-07-17 14:57:21 - outlook_service - INFO - get_emails_data:1280 - Found 4 folder-specific email files
2025-07-17 14:57:21 - outlook_service - DEBUG - get_emails_data:1281 - Folder files: ['emails_deleted_items.json', 'emails_drafts.json', 'emails_inbox.json', 'emails_sent_items.json']
2025-07-17 14:57:21 - outlook_service - DEBUG - _get_emails_from_multiple_files:1324 - Successfully read emails_deleted_items.json with encoding: cp1252
2025-07-17 14:57:21 - outlook_service - DEBUG - _get_emails_from_multiple_files:1364 - Loaded 5 emails from Deleted Items folder
2025-07-17 14:57:21 - outlook_service - DEBUG - _get_emails_from_multiple_files:1324 - Successfully read emails_drafts.json with encoding: utf-8
2025-07-17 14:57:21 - outlook_service - DEBUG - _get_emails_from_multiple_files:1364 - Loaded 1 emails from Drafts folder
2025-07-17 14:57:21 - outlook_service - DEBUG - _get_emails_from_multiple_files:1324 - Successfully read emails_inbox.json with encoding: cp1252
2025-07-17 14:57:21 - outlook_service - DEBUG - _get_emails_from_multiple_files:1364 - Loaded 7 emails from Inbox folder
2025-07-17 14:57:21 - outlook_service - DEBUG - _get_emails_from_multiple_files:1324 - Successfully read emails_sent_items.json with encoding: utf-8
2025-07-17 14:57:21 - outlook_service - DEBUG - _get_emails_from_multiple_files:1364 - Loaded 1 emails from Sent Items folder
2025-07-17 14:57:21 - outlook_service - DEBUG - _get_emails_from_multiple_files:1378 - Consolidated 14 emails from 4 folders
2025-07-17 14:57:21 - outlook_service - DEBUG - get_emails_list:1499 - Returning 7 emails (page 1/1)
2025-07-17 14:57:21 - outlook_service - DEBUG - get_emails_data:1273 - === Loading emails data ===
2025-07-17 14:57:21 - outlook_service - INFO - get_emails_data:1280 - Found 4 folder-specific email files
2025-07-17 14:57:21 - outlook_service - DEBUG - get_emails_data:1281 - Folder files: ['emails_deleted_items.json', 'emails_drafts.json', 'emails_inbox.json', 'emails_sent_items.json']
2025-07-17 14:57:21 - outlook_service - DEBUG - _get_emails_from_multiple_files:1324 - Successfully read emails_deleted_items.json with encoding: cp1252
2025-07-17 14:57:21 - outlook_service - DEBUG - _get_emails_from_multiple_files:1364 - Loaded 5 emails from Deleted Items folder
2025-07-17 14:57:21 - outlook_service - DEBUG - _get_emails_from_multiple_files:1324 - Successfully read emails_drafts.json with encoding: utf-8
2025-07-17 14:57:21 - outlook_service - DEBUG - _get_emails_from_multiple_files:1364 - Loaded 1 emails from Drafts folder
2025-07-17 14:57:21 - outlook_service - DEBUG - _get_emails_from_multiple_files:1324 - Successfully read emails_inbox.json with encoding: cp1252
2025-07-17 14:57:21 - outlook_service - DEBUG - _get_emails_from_multiple_files:1364 - Loaded 7 emails from Inbox folder
2025-07-17 14:57:21 - outlook_service - DEBUG - _get_emails_from_multiple_files:1324 - Successfully read emails_sent_items.json with encoding: utf-8
2025-07-17 14:57:21 - outlook_service - DEBUG - _get_emails_from_multiple_files:1364 - Loaded 1 emails from Sent Items folder
2025-07-17 14:57:21 - outlook_service - DEBUG - _get_emails_from_multiple_files:1378 - Consolidated 14 emails from 4 folders
2025-07-17 14:58:22 - outlook_service - INFO - __init__:136 - === Initializing OutlookService ===
2025-07-17 14:58:22 - outlook_service - DEBUG - __init__:137 - Service initialization started at 2025-07-17 14:58:22.543190
2025-07-17 14:58:22 - outlook_service - INFO - __init__:146 - OutlookService configured for user: user1
2025-07-17 14:58:22 - outlook_service - DEBUG - __init__:147 - Base path: C:\Users\user1\Desktop\normie\outlook\analyze\mail
2025-07-17 14:58:22 - outlook_service - DEBUG - __init__:148 - Emails file: C:\Users\user1\Desktop\normie\outlook\analyze\mail\emails.json
2025-07-17 14:58:22 - outlook_service - DEBUG - __init__:149 - Data folder: C:\Users\user1\Desktop\normie\outlook\analyze\mail\data
2025-07-17 14:58:22 - outlook_service - INFO - __init__:156 - COM interface availability: True
2025-07-17 14:58:22 - outlook_service - INFO - __init__:160 - Base path exists: C:\Users\user1\Desktop\normie\outlook\analyze\mail
2025-07-17 14:58:22 - outlook_service - INFO - __init__:168 - Emails file not found: C:\Users\user1\Desktop\normie\outlook\analyze\mail\emails.json
2025-07-17 14:58:22 - outlook_service - INFO - __init__:170 - OutlookService initialization completed successfully
2025-07-17 14:58:22 - outlook_service - DEBUG - get_emails_data:1273 - === Loading emails data ===
2025-07-17 14:58:22 - outlook_service - INFO - get_emails_data:1280 - Found 4 folder-specific email files
2025-07-17 14:58:22 - outlook_service - DEBUG - get_emails_data:1281 - Folder files: ['emails_deleted_items.json', 'emails_drafts.json', 'emails_inbox.json', 'emails_sent_items.json']
2025-07-17 14:58:22 - outlook_service - DEBUG - _get_emails_from_multiple_files:1324 - Successfully read emails_deleted_items.json with encoding: cp1252
2025-07-17 14:58:22 - outlook_service - DEBUG - _get_emails_from_multiple_files:1364 - Loaded 5 emails from Deleted Items folder
2025-07-17 14:58:22 - outlook_service - DEBUG - _get_emails_from_multiple_files:1324 - Successfully read emails_drafts.json with encoding: utf-8
2025-07-17 14:58:22 - outlook_service - DEBUG - _get_emails_from_multiple_files:1364 - Loaded 1 emails from Drafts folder
2025-07-17 14:58:22 - outlook_service - DEBUG - _get_emails_from_multiple_files:1324 - Successfully read emails_inbox.json with encoding: cp1252
2025-07-17 14:58:22 - outlook_service - DEBUG - _get_emails_from_multiple_files:1364 - Loaded 7 emails from Inbox folder
2025-07-17 14:58:22 - outlook_service - DEBUG - _get_emails_from_multiple_files:1324 - Successfully read emails_sent_items.json with encoding: utf-8
2025-07-17 14:58:22 - outlook_service - DEBUG - _get_emails_from_multiple_files:1364 - Loaded 1 emails from Sent Items folder
2025-07-17 14:58:22 - outlook_service - DEBUG - _get_emails_from_multiple_files:1378 - Consolidated 14 emails from 4 folders
2025-07-17 14:58:22 - outlook_service - DEBUG - get_emails_list:1499 - Returning 7 emails (page 1/1)
2025-07-17 14:58:22 - outlook_service - DEBUG - get_emails_data:1273 - === Loading emails data ===
2025-07-17 14:58:22 - outlook_service - INFO - get_emails_data:1280 - Found 4 folder-specific email files
2025-07-17 14:58:22 - outlook_service - DEBUG - get_emails_data:1281 - Folder files: ['emails_deleted_items.json', 'emails_drafts.json', 'emails_inbox.json', 'emails_sent_items.json']
2025-07-17 14:58:22 - outlook_service - DEBUG - _get_emails_from_multiple_files:1324 - Successfully read emails_deleted_items.json with encoding: cp1252
2025-07-17 14:58:22 - outlook_service - DEBUG - _get_emails_from_multiple_files:1364 - Loaded 5 emails from Deleted Items folder
2025-07-17 14:58:22 - outlook_service - DEBUG - _get_emails_from_multiple_files:1324 - Successfully read emails_drafts.json with encoding: utf-8
2025-07-17 14:58:22 - outlook_service - DEBUG - _get_emails_from_multiple_files:1364 - Loaded 1 emails from Drafts folder
2025-07-17 14:58:22 - outlook_service - DEBUG - _get_emails_from_multiple_files:1324 - Successfully read emails_inbox.json with encoding: cp1252
2025-07-17 14:58:22 - outlook_service - DEBUG - _get_emails_from_multiple_files:1364 - Loaded 7 emails from Inbox folder
2025-07-17 14:58:22 - outlook_service - DEBUG - _get_emails_from_multiple_files:1324 - Successfully read emails_sent_items.json with encoding: utf-8
2025-07-17 14:58:22 - outlook_service - DEBUG - _get_emails_from_multiple_files:1364 - Loaded 1 emails from Sent Items folder
2025-07-17 14:58:22 - outlook_service - DEBUG - _get_emails_from_multiple_files:1378 - Consolidated 14 emails from 4 folders
2025-07-17 14:59:23 - outlook_service - INFO - __init__:136 - === Initializing OutlookService ===
2025-07-17 14:59:23 - outlook_service - DEBUG - __init__:137 - Service initialization started at 2025-07-17 14:59:23.540389
2025-07-17 14:59:23 - outlook_service - INFO - __init__:146 - OutlookService configured for user: user1
2025-07-17 14:59:23 - outlook_service - DEBUG - __init__:147 - Base path: C:\Users\user1\Desktop\normie\outlook\analyze\mail
2025-07-17 14:59:23 - outlook_service - DEBUG - __init__:148 - Emails file: C:\Users\user1\Desktop\normie\outlook\analyze\mail\emails.json
2025-07-17 14:59:23 - outlook_service - DEBUG - __init__:149 - Data folder: C:\Users\user1\Desktop\normie\outlook\analyze\mail\data
2025-07-17 14:59:23 - outlook_service - INFO - __init__:156 - COM interface availability: True
2025-07-17 14:59:23 - outlook_service - INFO - __init__:160 - Base path exists: C:\Users\user1\Desktop\normie\outlook\analyze\mail
2025-07-17 14:59:23 - outlook_service - INFO - __init__:168 - Emails file not found: C:\Users\user1\Desktop\normie\outlook\analyze\mail\emails.json
2025-07-17 14:59:23 - outlook_service - INFO - __init__:170 - OutlookService initialization completed successfully
2025-07-17 14:59:23 - outlook_service - DEBUG - get_emails_data:1273 - === Loading emails data ===
2025-07-17 14:59:23 - outlook_service - INFO - get_emails_data:1280 - Found 4 folder-specific email files
2025-07-17 14:59:23 - outlook_service - DEBUG - get_emails_data:1281 - Folder files: ['emails_deleted_items.json', 'emails_drafts.json', 'emails_inbox.json', 'emails_sent_items.json']
2025-07-17 14:59:23 - outlook_service - DEBUG - _get_emails_from_multiple_files:1324 - Successfully read emails_deleted_items.json with encoding: cp1252
2025-07-17 14:59:23 - outlook_service - DEBUG - _get_emails_from_multiple_files:1364 - Loaded 5 emails from Deleted Items folder
2025-07-17 14:59:23 - outlook_service - DEBUG - _get_emails_from_multiple_files:1324 - Successfully read emails_drafts.json with encoding: utf-8
2025-07-17 14:59:23 - outlook_service - DEBUG - _get_emails_from_multiple_files:1364 - Loaded 1 emails from Drafts folder
2025-07-17 14:59:23 - outlook_service - DEBUG - _get_emails_from_multiple_files:1324 - Successfully read emails_inbox.json with encoding: cp1252
2025-07-17 14:59:23 - outlook_service - DEBUG - _get_emails_from_multiple_files:1364 - Loaded 7 emails from Inbox folder
2025-07-17 14:59:23 - outlook_service - DEBUG - _get_emails_from_multiple_files:1324 - Successfully read emails_sent_items.json with encoding: utf-8
2025-07-17 14:59:23 - outlook_service - DEBUG - _get_emails_from_multiple_files:1364 - Loaded 1 emails from Sent Items folder
2025-07-17 14:59:23 - outlook_service - DEBUG - _get_emails_from_multiple_files:1378 - Consolidated 14 emails from 4 folders
2025-07-17 14:59:23 - outlook_service - DEBUG - get_emails_list:1499 - Returning 7 emails (page 1/1)
2025-07-17 14:59:23 - outlook_service - DEBUG - get_emails_data:1273 - === Loading emails data ===
2025-07-17 14:59:23 - outlook_service - INFO - get_emails_data:1280 - Found 4 folder-specific email files
2025-07-17 14:59:23 - outlook_service - DEBUG - get_emails_data:1281 - Folder files: ['emails_deleted_items.json', 'emails_drafts.json', 'emails_inbox.json', 'emails_sent_items.json']
2025-07-17 14:59:23 - outlook_service - DEBUG - _get_emails_from_multiple_files:1324 - Successfully read emails_deleted_items.json with encoding: cp1252
2025-07-17 14:59:23 - outlook_service - DEBUG - _get_emails_from_multiple_files:1364 - Loaded 5 emails from Deleted Items folder
2025-07-17 14:59:23 - outlook_service - DEBUG - _get_emails_from_multiple_files:1324 - Successfully read emails_drafts.json with encoding: utf-8
2025-07-17 14:59:23 - outlook_service - DEBUG - _get_emails_from_multiple_files:1364 - Loaded 1 emails from Drafts folder
2025-07-17 14:59:23 - outlook_service - DEBUG - _get_emails_from_multiple_files:1324 - Successfully read emails_inbox.json with encoding: cp1252
2025-07-17 14:59:23 - outlook_service - DEBUG - _get_emails_from_multiple_files:1364 - Loaded 7 emails from Inbox folder
2025-07-17 14:59:23 - outlook_service - DEBUG - _get_emails_from_multiple_files:1324 - Successfully read emails_sent_items.json with encoding: utf-8
2025-07-17 14:59:23 - outlook_service - DEBUG - _get_emails_from_multiple_files:1364 - Loaded 1 emails from Sent Items folder
2025-07-17 14:59:23 - outlook_service - DEBUG - _get_emails_from_multiple_files:1378 - Consolidated 14 emails from 4 folders
2025-07-17 15:00:24 - outlook_service - INFO - __init__:136 - === Initializing OutlookService ===
2025-07-17 15:00:24 - outlook_service - DEBUG - __init__:137 - Service initialization started at 2025-07-17 15:00:24.541915
2025-07-17 15:00:24 - outlook_service - INFO - __init__:146 - OutlookService configured for user: user1
2025-07-17 15:00:24 - outlook_service - DEBUG - __init__:147 - Base path: C:\Users\user1\Desktop\normie\outlook\analyze\mail
2025-07-17 15:00:24 - outlook_service - DEBUG - __init__:148 - Emails file: C:\Users\user1\Desktop\normie\outlook\analyze\mail\emails.json
2025-07-17 15:00:24 - outlook_service - DEBUG - __init__:149 - Data folder: C:\Users\user1\Desktop\normie\outlook\analyze\mail\data
2025-07-17 15:00:24 - outlook_service - INFO - __init__:156 - COM interface availability: True
2025-07-17 15:00:24 - outlook_service - INFO - __init__:160 - Base path exists: C:\Users\user1\Desktop\normie\outlook\analyze\mail
2025-07-17 15:00:24 - outlook_service - INFO - __init__:168 - Emails file not found: C:\Users\user1\Desktop\normie\outlook\analyze\mail\emails.json
2025-07-17 15:00:24 - outlook_service - INFO - __init__:170 - OutlookService initialization completed successfully
2025-07-17 15:00:24 - outlook_service - DEBUG - get_emails_data:1273 - === Loading emails data ===
2025-07-17 15:00:24 - outlook_service - INFO - get_emails_data:1280 - Found 4 folder-specific email files
2025-07-17 15:00:24 - outlook_service - DEBUG - get_emails_data:1281 - Folder files: ['emails_deleted_items.json', 'emails_drafts.json', 'emails_inbox.json', 'emails_sent_items.json']
2025-07-17 15:00:24 - outlook_service - DEBUG - _get_emails_from_multiple_files:1324 - Successfully read emails_deleted_items.json with encoding: cp1252
2025-07-17 15:00:24 - outlook_service - DEBUG - _get_emails_from_multiple_files:1364 - Loaded 5 emails from Deleted Items folder
2025-07-17 15:00:24 - outlook_service - DEBUG - _get_emails_from_multiple_files:1324 - Successfully read emails_drafts.json with encoding: utf-8
2025-07-17 15:00:24 - outlook_service - DEBUG - _get_emails_from_multiple_files:1364 - Loaded 1 emails from Drafts folder
2025-07-17 15:00:24 - outlook_service - DEBUG - _get_emails_from_multiple_files:1324 - Successfully read emails_inbox.json with encoding: cp1252
2025-07-17 15:00:24 - outlook_service - DEBUG - _get_emails_from_multiple_files:1364 - Loaded 7 emails from Inbox folder
2025-07-17 15:00:24 - outlook_service - DEBUG - _get_emails_from_multiple_files:1324 - Successfully read emails_sent_items.json with encoding: utf-8
2025-07-17 15:00:24 - outlook_service - DEBUG - _get_emails_from_multiple_files:1364 - Loaded 1 emails from Sent Items folder
2025-07-17 15:00:24 - outlook_service - DEBUG - _get_emails_from_multiple_files:1378 - Consolidated 14 emails from 4 folders
2025-07-17 15:00:24 - outlook_service - DEBUG - get_emails_list:1499 - Returning 7 emails (page 1/1)
2025-07-17 15:00:24 - outlook_service - DEBUG - get_emails_data:1273 - === Loading emails data ===
2025-07-17 15:00:24 - outlook_service - INFO - get_emails_data:1280 - Found 4 folder-specific email files
2025-07-17 15:00:24 - outlook_service - DEBUG - get_emails_data:1281 - Folder files: ['emails_deleted_items.json', 'emails_drafts.json', 'emails_inbox.json', 'emails_sent_items.json']
2025-07-17 15:00:24 - outlook_service - DEBUG - _get_emails_from_multiple_files:1324 - Successfully read emails_deleted_items.json with encoding: cp1252
2025-07-17 15:00:24 - outlook_service - DEBUG - _get_emails_from_multiple_files:1364 - Loaded 5 emails from Deleted Items folder
2025-07-17 15:00:24 - outlook_service - DEBUG - _get_emails_from_multiple_files:1324 - Successfully read emails_drafts.json with encoding: utf-8
2025-07-17 15:00:24 - outlook_service - DEBUG - _get_emails_from_multiple_files:1364 - Loaded 1 emails from Drafts folder
2025-07-17 15:00:24 - outlook_service - DEBUG - _get_emails_from_multiple_files:1324 - Successfully read emails_inbox.json with encoding: cp1252
2025-07-17 15:00:24 - outlook_service - DEBUG - _get_emails_from_multiple_files:1364 - Loaded 7 emails from Inbox folder
2025-07-17 15:00:24 - outlook_service - DEBUG - _get_emails_from_multiple_files:1324 - Successfully read emails_sent_items.json with encoding: utf-8
2025-07-17 15:00:24 - outlook_service - DEBUG - _get_emails_from_multiple_files:1364 - Loaded 1 emails from Sent Items folder
2025-07-17 15:00:24 - outlook_service - DEBUG - _get_emails_from_multiple_files:1378 - Consolidated 14 emails from 4 folders
2025-07-17 15:01:25 - outlook_service - INFO - __init__:136 - === Initializing OutlookService ===
2025-07-17 15:01:25 - outlook_service - DEBUG - __init__:137 - Service initialization started at 2025-07-17 15:01:25.543390
2025-07-17 15:01:25 - outlook_service - INFO - __init__:146 - OutlookService configured for user: user1
2025-07-17 15:01:25 - outlook_service - DEBUG - __init__:147 - Base path: C:\Users\user1\Desktop\normie\outlook\analyze\mail
2025-07-17 15:01:25 - outlook_service - DEBUG - __init__:148 - Emails file: C:\Users\user1\Desktop\normie\outlook\analyze\mail\emails.json
2025-07-17 15:01:25 - outlook_service - DEBUG - __init__:149 - Data folder: C:\Users\user1\Desktop\normie\outlook\analyze\mail\data
2025-07-17 15:01:25 - outlook_service - INFO - __init__:156 - COM interface availability: True
2025-07-17 15:01:25 - outlook_service - INFO - __init__:160 - Base path exists: C:\Users\user1\Desktop\normie\outlook\analyze\mail
2025-07-17 15:01:25 - outlook_service - INFO - __init__:168 - Emails file not found: C:\Users\user1\Desktop\normie\outlook\analyze\mail\emails.json
2025-07-17 15:01:25 - outlook_service - INFO - __init__:170 - OutlookService initialization completed successfully
2025-07-17 15:01:25 - outlook_service - DEBUG - get_emails_data:1273 - === Loading emails data ===
2025-07-17 15:01:25 - outlook_service - INFO - get_emails_data:1280 - Found 4 folder-specific email files
2025-07-17 15:01:25 - outlook_service - DEBUG - get_emails_data:1281 - Folder files: ['emails_deleted_items.json', 'emails_drafts.json', 'emails_inbox.json', 'emails_sent_items.json']
2025-07-17 15:01:25 - outlook_service - DEBUG - _get_emails_from_multiple_files:1324 - Successfully read emails_deleted_items.json with encoding: cp1252
2025-07-17 15:01:25 - outlook_service - DEBUG - _get_emails_from_multiple_files:1364 - Loaded 5 emails from Deleted Items folder
2025-07-17 15:01:25 - outlook_service - DEBUG - _get_emails_from_multiple_files:1324 - Successfully read emails_drafts.json with encoding: utf-8
2025-07-17 15:01:25 - outlook_service - DEBUG - _get_emails_from_multiple_files:1364 - Loaded 1 emails from Drafts folder
2025-07-17 15:01:25 - outlook_service - DEBUG - _get_emails_from_multiple_files:1324 - Successfully read emails_inbox.json with encoding: cp1252
2025-07-17 15:01:25 - outlook_service - DEBUG - _get_emails_from_multiple_files:1364 - Loaded 7 emails from Inbox folder
2025-07-17 15:01:25 - outlook_service - DEBUG - _get_emails_from_multiple_files:1324 - Successfully read emails_sent_items.json with encoding: utf-8
2025-07-17 15:01:25 - outlook_service - DEBUG - _get_emails_from_multiple_files:1364 - Loaded 1 emails from Sent Items folder
2025-07-17 15:01:25 - outlook_service - DEBUG - _get_emails_from_multiple_files:1378 - Consolidated 14 emails from 4 folders
2025-07-17 15:01:25 - outlook_service - DEBUG - get_emails_list:1499 - Returning 7 emails (page 1/1)
2025-07-17 15:01:25 - outlook_service - DEBUG - get_emails_data:1273 - === Loading emails data ===
2025-07-17 15:01:25 - outlook_service - INFO - get_emails_data:1280 - Found 4 folder-specific email files
2025-07-17 15:01:25 - outlook_service - DEBUG - get_emails_data:1281 - Folder files: ['emails_deleted_items.json', 'emails_drafts.json', 'emails_inbox.json', 'emails_sent_items.json']
2025-07-17 15:01:25 - outlook_service - DEBUG - _get_emails_from_multiple_files:1324 - Successfully read emails_deleted_items.json with encoding: cp1252
2025-07-17 15:01:25 - outlook_service - DEBUG - _get_emails_from_multiple_files:1364 - Loaded 5 emails from Deleted Items folder
2025-07-17 15:01:25 - outlook_service - DEBUG - _get_emails_from_multiple_files:1324 - Successfully read emails_drafts.json with encoding: utf-8
2025-07-17 15:01:25 - outlook_service - DEBUG - _get_emails_from_multiple_files:1364 - Loaded 1 emails from Drafts folder
2025-07-17 15:01:25 - outlook_service - DEBUG - _get_emails_from_multiple_files:1324 - Successfully read emails_inbox.json with encoding: cp1252
2025-07-17 15:01:25 - outlook_service - DEBUG - _get_emails_from_multiple_files:1364 - Loaded 7 emails from Inbox folder
2025-07-17 15:01:25 - outlook_service - DEBUG - _get_emails_from_multiple_files:1324 - Successfully read emails_sent_items.json with encoding: utf-8
2025-07-17 15:01:25 - outlook_service - DEBUG - _get_emails_from_multiple_files:1364 - Loaded 1 emails from Sent Items folder
2025-07-17 15:01:25 - outlook_service - DEBUG - _get_emails_from_multiple_files:1378 - Consolidated 14 emails from 4 folders
2025-07-17 15:02:26 - outlook_service - INFO - __init__:136 - === Initializing OutlookService ===
2025-07-17 15:02:26 - outlook_service - DEBUG - __init__:137 - Service initialization started at 2025-07-17 15:02:26.540763
2025-07-17 15:02:26 - outlook_service - INFO - __init__:146 - OutlookService configured for user: user1
2025-07-17 15:02:26 - outlook_service - DEBUG - __init__:147 - Base path: C:\Users\user1\Desktop\normie\outlook\analyze\mail
2025-07-17 15:02:26 - outlook_service - DEBUG - __init__:148 - Emails file: C:\Users\user1\Desktop\normie\outlook\analyze\mail\emails.json
2025-07-17 15:02:26 - outlook_service - DEBUG - __init__:149 - Data folder: C:\Users\user1\Desktop\normie\outlook\analyze\mail\data
2025-07-17 15:02:26 - outlook_service - INFO - __init__:156 - COM interface availability: True
2025-07-17 15:02:26 - outlook_service - INFO - __init__:160 - Base path exists: C:\Users\user1\Desktop\normie\outlook\analyze\mail
2025-07-17 15:02:26 - outlook_service - INFO - __init__:168 - Emails file not found: C:\Users\user1\Desktop\normie\outlook\analyze\mail\emails.json
2025-07-17 15:02:26 - outlook_service - INFO - __init__:170 - OutlookService initialization completed successfully
2025-07-17 15:02:26 - outlook_service - DEBUG - get_emails_data:1273 - === Loading emails data ===
2025-07-17 15:02:26 - outlook_service - INFO - get_emails_data:1280 - Found 4 folder-specific email files
2025-07-17 15:02:26 - outlook_service - DEBUG - get_emails_data:1281 - Folder files: ['emails_deleted_items.json', 'emails_drafts.json', 'emails_inbox.json', 'emails_sent_items.json']
2025-07-17 15:02:26 - outlook_service - DEBUG - _get_emails_from_multiple_files:1324 - Successfully read emails_deleted_items.json with encoding: cp1252
2025-07-17 15:02:26 - outlook_service - DEBUG - _get_emails_from_multiple_files:1364 - Loaded 5 emails from Deleted Items folder
2025-07-17 15:02:26 - outlook_service - DEBUG - _get_emails_from_multiple_files:1324 - Successfully read emails_drafts.json with encoding: utf-8
2025-07-17 15:02:26 - outlook_service - DEBUG - _get_emails_from_multiple_files:1364 - Loaded 1 emails from Drafts folder
2025-07-17 15:02:26 - outlook_service - DEBUG - _get_emails_from_multiple_files:1324 - Successfully read emails_inbox.json with encoding: cp1252
2025-07-17 15:02:26 - outlook_service - DEBUG - _get_emails_from_multiple_files:1364 - Loaded 7 emails from Inbox folder
2025-07-17 15:02:26 - outlook_service - DEBUG - _get_emails_from_multiple_files:1324 - Successfully read emails_sent_items.json with encoding: utf-8
2025-07-17 15:02:26 - outlook_service - DEBUG - _get_emails_from_multiple_files:1364 - Loaded 1 emails from Sent Items folder
2025-07-17 15:02:26 - outlook_service - DEBUG - _get_emails_from_multiple_files:1378 - Consolidated 14 emails from 4 folders
2025-07-17 15:02:26 - outlook_service - DEBUG - get_emails_list:1499 - Returning 7 emails (page 1/1)
2025-07-17 15:02:26 - outlook_service - DEBUG - get_emails_data:1273 - === Loading emails data ===
2025-07-17 15:02:26 - outlook_service - INFO - get_emails_data:1280 - Found 4 folder-specific email files
2025-07-17 15:02:26 - outlook_service - DEBUG - get_emails_data:1281 - Folder files: ['emails_deleted_items.json', 'emails_drafts.json', 'emails_inbox.json', 'emails_sent_items.json']
2025-07-17 15:02:26 - outlook_service - DEBUG - _get_emails_from_multiple_files:1324 - Successfully read emails_deleted_items.json with encoding: cp1252
2025-07-17 15:02:26 - outlook_service - DEBUG - _get_emails_from_multiple_files:1364 - Loaded 5 emails from Deleted Items folder
2025-07-17 15:02:26 - outlook_service - DEBUG - _get_emails_from_multiple_files:1324 - Successfully read emails_drafts.json with encoding: utf-8
2025-07-17 15:02:26 - outlook_service - DEBUG - _get_emails_from_multiple_files:1364 - Loaded 1 emails from Drafts folder
2025-07-17 15:02:26 - outlook_service - DEBUG - _get_emails_from_multiple_files:1324 - Successfully read emails_inbox.json with encoding: cp1252
2025-07-17 15:02:26 - outlook_service - DEBUG - _get_emails_from_multiple_files:1364 - Loaded 7 emails from Inbox folder
2025-07-17 15:02:26 - outlook_service - DEBUG - _get_emails_from_multiple_files:1324 - Successfully read emails_sent_items.json with encoding: utf-8
2025-07-17 15:02:26 - outlook_service - DEBUG - _get_emails_from_multiple_files:1364 - Loaded 1 emails from Sent Items folder
2025-07-17 15:02:26 - outlook_service - DEBUG - _get_emails_from_multiple_files:1378 - Consolidated 14 emails from 4 folders
2025-07-17 15:03:27 - outlook_service - INFO - __init__:136 - === Initializing OutlookService ===
2025-07-17 15:03:27 - outlook_service - DEBUG - __init__:137 - Service initialization started at 2025-07-17 15:03:27.537578
2025-07-17 15:03:27 - outlook_service - INFO - __init__:146 - OutlookService configured for user: user1
2025-07-17 15:03:27 - outlook_service - DEBUG - __init__:147 - Base path: C:\Users\user1\Desktop\normie\outlook\analyze\mail
2025-07-17 15:03:27 - outlook_service - DEBUG - __init__:148 - Emails file: C:\Users\user1\Desktop\normie\outlook\analyze\mail\emails.json
2025-07-17 15:03:27 - outlook_service - DEBUG - __init__:149 - Data folder: C:\Users\user1\Desktop\normie\outlook\analyze\mail\data
2025-07-17 15:03:27 - outlook_service - INFO - __init__:156 - COM interface availability: True
2025-07-17 15:03:27 - outlook_service - INFO - __init__:160 - Base path exists: C:\Users\user1\Desktop\normie\outlook\analyze\mail
2025-07-17 15:03:27 - outlook_service - INFO - __init__:168 - Emails file not found: C:\Users\user1\Desktop\normie\outlook\analyze\mail\emails.json
2025-07-17 15:03:27 - outlook_service - INFO - __init__:170 - OutlookService initialization completed successfully
2025-07-17 15:03:27 - outlook_service - DEBUG - get_emails_data:1273 - === Loading emails data ===
2025-07-17 15:03:27 - outlook_service - INFO - get_emails_data:1280 - Found 4 folder-specific email files
2025-07-17 15:03:27 - outlook_service - DEBUG - get_emails_data:1281 - Folder files: ['emails_deleted_items.json', 'emails_drafts.json', 'emails_inbox.json', 'emails_sent_items.json']
2025-07-17 15:03:27 - outlook_service - DEBUG - _get_emails_from_multiple_files:1324 - Successfully read emails_deleted_items.json with encoding: cp1252
2025-07-17 15:03:27 - outlook_service - DEBUG - _get_emails_from_multiple_files:1364 - Loaded 5 emails from Deleted Items folder
2025-07-17 15:03:27 - outlook_service - DEBUG - _get_emails_from_multiple_files:1324 - Successfully read emails_drafts.json with encoding: utf-8
2025-07-17 15:03:27 - outlook_service - DEBUG - _get_emails_from_multiple_files:1364 - Loaded 1 emails from Drafts folder
2025-07-17 15:03:27 - outlook_service - DEBUG - _get_emails_from_multiple_files:1324 - Successfully read emails_inbox.json with encoding: cp1252
2025-07-17 15:03:27 - outlook_service - DEBUG - _get_emails_from_multiple_files:1364 - Loaded 7 emails from Inbox folder
2025-07-17 15:03:27 - outlook_service - DEBUG - _get_emails_from_multiple_files:1324 - Successfully read emails_sent_items.json with encoding: utf-8
2025-07-17 15:03:27 - outlook_service - DEBUG - _get_emails_from_multiple_files:1364 - Loaded 1 emails from Sent Items folder
2025-07-17 15:03:27 - outlook_service - DEBUG - _get_emails_from_multiple_files:1378 - Consolidated 14 emails from 4 folders
2025-07-17 15:03:27 - outlook_service - DEBUG - get_emails_list:1499 - Returning 7 emails (page 1/1)
2025-07-17 15:03:27 - outlook_service - DEBUG - get_emails_data:1273 - === Loading emails data ===
2025-07-17 15:03:27 - outlook_service - INFO - get_emails_data:1280 - Found 4 folder-specific email files
2025-07-17 15:03:27 - outlook_service - DEBUG - get_emails_data:1281 - Folder files: ['emails_deleted_items.json', 'emails_drafts.json', 'emails_inbox.json', 'emails_sent_items.json']
2025-07-17 15:03:27 - outlook_service - DEBUG - _get_emails_from_multiple_files:1324 - Successfully read emails_deleted_items.json with encoding: cp1252
2025-07-17 15:03:27 - outlook_service - DEBUG - _get_emails_from_multiple_files:1364 - Loaded 5 emails from Deleted Items folder
2025-07-17 15:03:27 - outlook_service - DEBUG - _get_emails_from_multiple_files:1324 - Successfully read emails_drafts.json with encoding: utf-8
2025-07-17 15:03:27 - outlook_service - DEBUG - _get_emails_from_multiple_files:1364 - Loaded 1 emails from Drafts folder
2025-07-17 15:03:27 - outlook_service - DEBUG - _get_emails_from_multiple_files:1324 - Successfully read emails_inbox.json with encoding: cp1252
2025-07-17 15:03:27 - outlook_service - DEBUG - _get_emails_from_multiple_files:1364 - Loaded 7 emails from Inbox folder
2025-07-17 15:03:27 - outlook_service - DEBUG - _get_emails_from_multiple_files:1324 - Successfully read emails_sent_items.json with encoding: utf-8
2025-07-17 15:03:27 - outlook_service - DEBUG - _get_emails_from_multiple_files:1364 - Loaded 1 emails from Sent Items folder
2025-07-17 15:03:27 - outlook_service - DEBUG - _get_emails_from_multiple_files:1378 - Consolidated 14 emails from 4 folders
2025-07-17 15:04:28 - outlook_service - INFO - __init__:136 - === Initializing OutlookService ===
2025-07-17 15:04:28 - outlook_service - DEBUG - __init__:137 - Service initialization started at 2025-07-17 15:04:28.539230
2025-07-17 15:04:28 - outlook_service - INFO - __init__:146 - OutlookService configured for user: user1
2025-07-17 15:04:28 - outlook_service - DEBUG - __init__:147 - Base path: C:\Users\user1\Desktop\normie\outlook\analyze\mail
2025-07-17 15:04:28 - outlook_service - DEBUG - __init__:148 - Emails file: C:\Users\user1\Desktop\normie\outlook\analyze\mail\emails.json
2025-07-17 15:04:28 - outlook_service - DEBUG - __init__:149 - Data folder: C:\Users\user1\Desktop\normie\outlook\analyze\mail\data
2025-07-17 15:04:28 - outlook_service - INFO - __init__:156 - COM interface availability: True
2025-07-17 15:04:28 - outlook_service - INFO - __init__:160 - Base path exists: C:\Users\user1\Desktop\normie\outlook\analyze\mail
2025-07-17 15:04:28 - outlook_service - INFO - __init__:168 - Emails file not found: C:\Users\user1\Desktop\normie\outlook\analyze\mail\emails.json
2025-07-17 15:04:28 - outlook_service - INFO - __init__:170 - OutlookService initialization completed successfully
2025-07-17 15:04:28 - outlook_service - DEBUG - get_emails_data:1273 - === Loading emails data ===
2025-07-17 15:04:28 - outlook_service - INFO - get_emails_data:1280 - Found 4 folder-specific email files
2025-07-17 15:04:28 - outlook_service - DEBUG - get_emails_data:1281 - Folder files: ['emails_deleted_items.json', 'emails_drafts.json', 'emails_inbox.json', 'emails_sent_items.json']
2025-07-17 15:04:28 - outlook_service - DEBUG - _get_emails_from_multiple_files:1324 - Successfully read emails_deleted_items.json with encoding: cp1252
2025-07-17 15:04:28 - outlook_service - DEBUG - _get_emails_from_multiple_files:1364 - Loaded 5 emails from Deleted Items folder
2025-07-17 15:04:28 - outlook_service - DEBUG - _get_emails_from_multiple_files:1324 - Successfully read emails_drafts.json with encoding: utf-8
2025-07-17 15:04:28 - outlook_service - DEBUG - _get_emails_from_multiple_files:1364 - Loaded 1 emails from Drafts folder
2025-07-17 15:04:28 - outlook_service - DEBUG - _get_emails_from_multiple_files:1324 - Successfully read emails_inbox.json with encoding: cp1252
2025-07-17 15:04:28 - outlook_service - DEBUG - _get_emails_from_multiple_files:1364 - Loaded 7 emails from Inbox folder
2025-07-17 15:04:28 - outlook_service - DEBUG - _get_emails_from_multiple_files:1324 - Successfully read emails_sent_items.json with encoding: utf-8
2025-07-17 15:04:28 - outlook_service - DEBUG - _get_emails_from_multiple_files:1364 - Loaded 1 emails from Sent Items folder
2025-07-17 15:04:28 - outlook_service - DEBUG - _get_emails_from_multiple_files:1378 - Consolidated 14 emails from 4 folders
2025-07-17 15:04:28 - outlook_service - DEBUG - get_emails_list:1499 - Returning 7 emails (page 1/1)
2025-07-17 15:04:28 - outlook_service - DEBUG - get_emails_data:1273 - === Loading emails data ===
2025-07-17 15:04:28 - outlook_service - INFO - get_emails_data:1280 - Found 4 folder-specific email files
2025-07-17 15:04:28 - outlook_service - DEBUG - get_emails_data:1281 - Folder files: ['emails_deleted_items.json', 'emails_drafts.json', 'emails_inbox.json', 'emails_sent_items.json']
2025-07-17 15:04:28 - outlook_service - DEBUG - _get_emails_from_multiple_files:1324 - Successfully read emails_deleted_items.json with encoding: cp1252
2025-07-17 15:04:28 - outlook_service - DEBUG - _get_emails_from_multiple_files:1364 - Loaded 5 emails from Deleted Items folder
2025-07-17 15:04:28 - outlook_service - DEBUG - _get_emails_from_multiple_files:1324 - Successfully read emails_drafts.json with encoding: utf-8
2025-07-17 15:04:28 - outlook_service - DEBUG - _get_emails_from_multiple_files:1364 - Loaded 1 emails from Drafts folder
2025-07-17 15:04:28 - outlook_service - DEBUG - _get_emails_from_multiple_files:1324 - Successfully read emails_inbox.json with encoding: cp1252
2025-07-17 15:04:28 - outlook_service - DEBUG - _get_emails_from_multiple_files:1364 - Loaded 7 emails from Inbox folder
2025-07-17 15:04:28 - outlook_service - DEBUG - _get_emails_from_multiple_files:1324 - Successfully read emails_sent_items.json with encoding: utf-8
2025-07-17 15:04:28 - outlook_service - DEBUG - _get_emails_from_multiple_files:1364 - Loaded 1 emails from Sent Items folder
2025-07-17 15:04:28 - outlook_service - DEBUG - _get_emails_from_multiple_files:1378 - Consolidated 14 emails from 4 folders
2025-07-17 15:05:29 - outlook_service - INFO - __init__:136 - === Initializing OutlookService ===
2025-07-17 15:05:29 - outlook_service - DEBUG - __init__:137 - Service initialization started at 2025-07-17 15:05:29.542401
2025-07-17 15:05:29 - outlook_service - INFO - __init__:146 - OutlookService configured for user: user1
2025-07-17 15:05:29 - outlook_service - DEBUG - __init__:147 - Base path: C:\Users\user1\Desktop\normie\outlook\analyze\mail
2025-07-17 15:05:29 - outlook_service - DEBUG - __init__:148 - Emails file: C:\Users\user1\Desktop\normie\outlook\analyze\mail\emails.json
2025-07-17 15:05:29 - outlook_service - DEBUG - __init__:149 - Data folder: C:\Users\user1\Desktop\normie\outlook\analyze\mail\data
2025-07-17 15:05:29 - outlook_service - INFO - __init__:156 - COM interface availability: True
2025-07-17 15:05:29 - outlook_service - INFO - __init__:160 - Base path exists: C:\Users\user1\Desktop\normie\outlook\analyze\mail
2025-07-17 15:05:29 - outlook_service - INFO - __init__:168 - Emails file not found: C:\Users\user1\Desktop\normie\outlook\analyze\mail\emails.json
2025-07-17 15:05:29 - outlook_service - INFO - __init__:170 - OutlookService initialization completed successfully
2025-07-17 15:05:29 - outlook_service - DEBUG - get_emails_data:1273 - === Loading emails data ===
2025-07-17 15:05:29 - outlook_service - INFO - get_emails_data:1280 - Found 4 folder-specific email files
2025-07-17 15:05:29 - outlook_service - DEBUG - get_emails_data:1281 - Folder files: ['emails_deleted_items.json', 'emails_drafts.json', 'emails_inbox.json', 'emails_sent_items.json']
2025-07-17 15:05:29 - outlook_service - DEBUG - _get_emails_from_multiple_files:1324 - Successfully read emails_deleted_items.json with encoding: cp1252
2025-07-17 15:05:29 - outlook_service - DEBUG - _get_emails_from_multiple_files:1364 - Loaded 5 emails from Deleted Items folder
2025-07-17 15:05:29 - outlook_service - DEBUG - _get_emails_from_multiple_files:1324 - Successfully read emails_drafts.json with encoding: utf-8
2025-07-17 15:05:29 - outlook_service - DEBUG - _get_emails_from_multiple_files:1364 - Loaded 1 emails from Drafts folder
2025-07-17 15:05:29 - outlook_service - DEBUG - _get_emails_from_multiple_files:1324 - Successfully read emails_inbox.json with encoding: cp1252
2025-07-17 15:05:29 - outlook_service - DEBUG - _get_emails_from_multiple_files:1364 - Loaded 7 emails from Inbox folder
2025-07-17 15:05:29 - outlook_service - DEBUG - _get_emails_from_multiple_files:1324 - Successfully read emails_sent_items.json with encoding: utf-8
2025-07-17 15:05:29 - outlook_service - DEBUG - _get_emails_from_multiple_files:1364 - Loaded 1 emails from Sent Items folder
2025-07-17 15:05:29 - outlook_service - DEBUG - _get_emails_from_multiple_files:1378 - Consolidated 14 emails from 4 folders
2025-07-17 15:05:29 - outlook_service - DEBUG - get_emails_list:1499 - Returning 7 emails (page 1/1)
2025-07-17 15:05:29 - outlook_service - DEBUG - get_emails_data:1273 - === Loading emails data ===
2025-07-17 15:05:29 - outlook_service - INFO - get_emails_data:1280 - Found 4 folder-specific email files
2025-07-17 15:05:29 - outlook_service - DEBUG - get_emails_data:1281 - Folder files: ['emails_deleted_items.json', 'emails_drafts.json', 'emails_inbox.json', 'emails_sent_items.json']
2025-07-17 15:05:29 - outlook_service - DEBUG - _get_emails_from_multiple_files:1324 - Successfully read emails_deleted_items.json with encoding: cp1252
2025-07-17 15:05:29 - outlook_service - DEBUG - _get_emails_from_multiple_files:1364 - Loaded 5 emails from Deleted Items folder
2025-07-17 15:05:29 - outlook_service - DEBUG - _get_emails_from_multiple_files:1324 - Successfully read emails_drafts.json with encoding: utf-8
2025-07-17 15:05:29 - outlook_service - DEBUG - _get_emails_from_multiple_files:1364 - Loaded 1 emails from Drafts folder
2025-07-17 15:05:29 - outlook_service - DEBUG - _get_emails_from_multiple_files:1324 - Successfully read emails_inbox.json with encoding: cp1252
2025-07-17 15:05:29 - outlook_service - DEBUG - _get_emails_from_multiple_files:1364 - Loaded 7 emails from Inbox folder
2025-07-17 15:05:29 - outlook_service - DEBUG - _get_emails_from_multiple_files:1324 - Successfully read emails_sent_items.json with encoding: utf-8
2025-07-17 15:05:29 - outlook_service - DEBUG - _get_emails_from_multiple_files:1364 - Loaded 1 emails from Sent Items folder
2025-07-17 15:05:29 - outlook_service - DEBUG - _get_emails_from_multiple_files:1378 - Consolidated 14 emails from 4 folders
2025-07-17 15:06:29 - outlook_service - INFO - __init__:136 - === Initializing OutlookService ===
2025-07-17 15:06:29 - outlook_service - DEBUG - __init__:137 - Service initialization started at 2025-07-17 15:06:29.541319
2025-07-17 15:06:29 - outlook_service - INFO - __init__:146 - OutlookService configured for user: user1
2025-07-17 15:06:29 - outlook_service - DEBUG - __init__:147 - Base path: C:\Users\user1\Desktop\normie\outlook\analyze\mail
2025-07-17 15:06:29 - outlook_service - DEBUG - __init__:148 - Emails file: C:\Users\user1\Desktop\normie\outlook\analyze\mail\emails.json
2025-07-17 15:06:29 - outlook_service - DEBUG - __init__:149 - Data folder: C:\Users\user1\Desktop\normie\outlook\analyze\mail\data
2025-07-17 15:06:29 - outlook_service - INFO - __init__:156 - COM interface availability: True
2025-07-17 15:06:29 - outlook_service - INFO - __init__:160 - Base path exists: C:\Users\user1\Desktop\normie\outlook\analyze\mail
2025-07-17 15:06:29 - outlook_service - INFO - __init__:168 - Emails file not found: C:\Users\user1\Desktop\normie\outlook\analyze\mail\emails.json
2025-07-17 15:06:29 - outlook_service - INFO - __init__:170 - OutlookService initialization completed successfully
2025-07-17 15:06:29 - outlook_service - DEBUG - get_emails_data:1273 - === Loading emails data ===
2025-07-17 15:06:29 - outlook_service - INFO - get_emails_data:1280 - Found 4 folder-specific email files
2025-07-17 15:06:29 - outlook_service - DEBUG - get_emails_data:1281 - Folder files: ['emails_deleted_items.json', 'emails_drafts.json', 'emails_inbox.json', 'emails_sent_items.json']
2025-07-17 15:06:29 - outlook_service - DEBUG - _get_emails_from_multiple_files:1324 - Successfully read emails_deleted_items.json with encoding: cp1252
2025-07-17 15:06:29 - outlook_service - DEBUG - _get_emails_from_multiple_files:1364 - Loaded 5 emails from Deleted Items folder
2025-07-17 15:06:29 - outlook_service - DEBUG - _get_emails_from_multiple_files:1324 - Successfully read emails_drafts.json with encoding: utf-8
2025-07-17 15:06:29 - outlook_service - DEBUG - _get_emails_from_multiple_files:1364 - Loaded 1 emails from Drafts folder
2025-07-17 15:06:29 - outlook_service - DEBUG - _get_emails_from_multiple_files:1324 - Successfully read emails_inbox.json with encoding: cp1252
2025-07-17 15:06:29 - outlook_service - DEBUG - _get_emails_from_multiple_files:1364 - Loaded 7 emails from Inbox folder
2025-07-17 15:06:29 - outlook_service - DEBUG - _get_emails_from_multiple_files:1324 - Successfully read emails_sent_items.json with encoding: utf-8
2025-07-17 15:06:29 - outlook_service - DEBUG - _get_emails_from_multiple_files:1364 - Loaded 1 emails from Sent Items folder
2025-07-17 15:06:29 - outlook_service - DEBUG - _get_emails_from_multiple_files:1378 - Consolidated 14 emails from 4 folders
2025-07-17 15:06:29 - outlook_service - DEBUG - get_emails_list:1499 - Returning 7 emails (page 1/1)
2025-07-17 15:06:29 - outlook_service - DEBUG - get_emails_data:1273 - === Loading emails data ===
2025-07-17 15:06:29 - outlook_service - INFO - get_emails_data:1280 - Found 4 folder-specific email files
2025-07-17 15:06:29 - outlook_service - DEBUG - get_emails_data:1281 - Folder files: ['emails_deleted_items.json', 'emails_drafts.json', 'emails_inbox.json', 'emails_sent_items.json']
2025-07-17 15:06:29 - outlook_service - DEBUG - _get_emails_from_multiple_files:1324 - Successfully read emails_deleted_items.json with encoding: cp1252
2025-07-17 15:06:29 - outlook_service - DEBUG - _get_emails_from_multiple_files:1364 - Loaded 5 emails from Deleted Items folder
2025-07-17 15:06:29 - outlook_service - DEBUG - _get_emails_from_multiple_files:1324 - Successfully read emails_drafts.json with encoding: utf-8
2025-07-17 15:06:29 - outlook_service - DEBUG - _get_emails_from_multiple_files:1364 - Loaded 1 emails from Drafts folder
2025-07-17 15:06:29 - outlook_service - DEBUG - _get_emails_from_multiple_files:1324 - Successfully read emails_inbox.json with encoding: cp1252
2025-07-17 15:06:29 - outlook_service - DEBUG - _get_emails_from_multiple_files:1364 - Loaded 7 emails from Inbox folder
2025-07-17 15:06:29 - outlook_service - DEBUG - _get_emails_from_multiple_files:1324 - Successfully read emails_sent_items.json with encoding: utf-8
2025-07-17 15:06:29 - outlook_service - DEBUG - _get_emails_from_multiple_files:1364 - Loaded 1 emails from Sent Items folder
2025-07-17 15:06:29 - outlook_service - DEBUG - _get_emails_from_multiple_files:1378 - Consolidated 14 emails from 4 folders
2025-07-17 15:06:29 - outlook_service - INFO - __init__:136 - === Initializing OutlookService ===
2025-07-17 15:06:29 - outlook_service - DEBUG - __init__:137 - Service initialization started at 2025-07-17 15:06:29.917160
2025-07-17 15:06:29 - outlook_service - INFO - __init__:146 - OutlookService configured for user: user1
2025-07-17 15:06:29 - outlook_service - DEBUG - __init__:147 - Base path: C:\Users\user1\Desktop\normie\outlook\analyze\mail
2025-07-17 15:06:29 - outlook_service - DEBUG - __init__:148 - Emails file: C:\Users\user1\Desktop\normie\outlook\analyze\mail\emails.json
2025-07-17 15:06:29 - outlook_service - DEBUG - __init__:149 - Data folder: C:\Users\user1\Desktop\normie\outlook\analyze\mail\data
2025-07-17 15:06:29 - outlook_service - INFO - __init__:156 - COM interface availability: True
2025-07-17 15:06:29 - outlook_service - INFO - __init__:160 - Base path exists: C:\Users\user1\Desktop\normie\outlook\analyze\mail
2025-07-17 15:06:29 - outlook_service - INFO - __init__:168 - Emails file not found: C:\Users\user1\Desktop\normie\outlook\analyze\mail\emails.json
2025-07-17 15:06:29 - outlook_service - INFO - __init__:170 - OutlookService initialization completed successfully
2025-07-17 15:06:29 - outlook_service - DEBUG - get_emails_data:1273 - === Loading emails data ===
2025-07-17 15:06:29 - outlook_service - INFO - get_emails_data:1280 - Found 4 folder-specific email files
2025-07-17 15:06:29 - outlook_service - DEBUG - get_emails_data:1281 - Folder files: ['emails_deleted_items.json', 'emails_drafts.json', 'emails_inbox.json', 'emails_sent_items.json']
2025-07-17 15:06:29 - outlook_service - DEBUG - _get_emails_from_multiple_files:1324 - Successfully read emails_deleted_items.json with encoding: cp1252
2025-07-17 15:06:29 - outlook_service - DEBUG - _get_emails_from_multiple_files:1364 - Loaded 5 emails from Deleted Items folder
2025-07-17 15:06:29 - outlook_service - DEBUG - _get_emails_from_multiple_files:1324 - Successfully read emails_drafts.json with encoding: utf-8
2025-07-17 15:06:29 - outlook_service - DEBUG - _get_emails_from_multiple_files:1364 - Loaded 1 emails from Drafts folder
2025-07-17 15:06:29 - outlook_service - DEBUG - _get_emails_from_multiple_files:1324 - Successfully read emails_inbox.json with encoding: cp1252
2025-07-17 15:06:29 - outlook_service - DEBUG - _get_emails_from_multiple_files:1364 - Loaded 7 emails from Inbox folder
2025-07-17 15:06:29 - outlook_service - DEBUG - _get_emails_from_multiple_files:1324 - Successfully read emails_sent_items.json with encoding: utf-8
2025-07-17 15:06:29 - outlook_service - DEBUG - _get_emails_from_multiple_files:1364 - Loaded 1 emails from Sent Items folder
2025-07-17 15:06:29 - outlook_service - DEBUG - _get_emails_from_multiple_files:1378 - Consolidated 14 emails from 4 folders
2025-07-17 15:07:29 - outlook_service - INFO - __init__:136 - === Initializing OutlookService ===
2025-07-17 15:07:29 - outlook_service - DEBUG - __init__:137 - Service initialization started at 2025-07-17 15:07:29.543009
2025-07-17 15:07:29 - outlook_service - INFO - __init__:146 - OutlookService configured for user: user1
2025-07-17 15:07:29 - outlook_service - DEBUG - __init__:147 - Base path: C:\Users\user1\Desktop\normie\outlook\analyze\mail
2025-07-17 15:07:29 - outlook_service - DEBUG - __init__:148 - Emails file: C:\Users\user1\Desktop\normie\outlook\analyze\mail\emails.json
2025-07-17 15:07:29 - outlook_service - DEBUG - __init__:149 - Data folder: C:\Users\user1\Desktop\normie\outlook\analyze\mail\data
2025-07-17 15:07:29 - outlook_service - INFO - __init__:156 - COM interface availability: True
2025-07-17 15:07:29 - outlook_service - INFO - __init__:160 - Base path exists: C:\Users\user1\Desktop\normie\outlook\analyze\mail
2025-07-17 15:07:29 - outlook_service - INFO - __init__:168 - Emails file not found: C:\Users\user1\Desktop\normie\outlook\analyze\mail\emails.json
2025-07-17 15:07:29 - outlook_service - INFO - __init__:170 - OutlookService initialization completed successfully
2025-07-17 15:07:29 - outlook_service - DEBUG - get_emails_data:1273 - === Loading emails data ===
2025-07-17 15:07:29 - outlook_service - INFO - get_emails_data:1280 - Found 4 folder-specific email files
2025-07-17 15:07:29 - outlook_service - DEBUG - get_emails_data:1281 - Folder files: ['emails_deleted_items.json', 'emails_drafts.json', 'emails_inbox.json', 'emails_sent_items.json']
2025-07-17 15:07:29 - outlook_service - DEBUG - _get_emails_from_multiple_files:1324 - Successfully read emails_deleted_items.json with encoding: cp1252
2025-07-17 15:07:29 - outlook_service - DEBUG - _get_emails_from_multiple_files:1364 - Loaded 5 emails from Deleted Items folder
2025-07-17 15:07:29 - outlook_service - DEBUG - _get_emails_from_multiple_files:1324 - Successfully read emails_drafts.json with encoding: utf-8
2025-07-17 15:07:29 - outlook_service - DEBUG - _get_emails_from_multiple_files:1364 - Loaded 1 emails from Drafts folder
2025-07-17 15:07:29 - outlook_service - DEBUG - _get_emails_from_multiple_files:1324 - Successfully read emails_inbox.json with encoding: cp1252
2025-07-17 15:07:29 - outlook_service - DEBUG - _get_emails_from_multiple_files:1364 - Loaded 7 emails from Inbox folder
2025-07-17 15:07:29 - outlook_service - DEBUG - _get_emails_from_multiple_files:1324 - Successfully read emails_sent_items.json with encoding: utf-8
2025-07-17 15:07:29 - outlook_service - DEBUG - _get_emails_from_multiple_files:1364 - Loaded 1 emails from Sent Items folder
2025-07-17 15:07:29 - outlook_service - DEBUG - _get_emails_from_multiple_files:1378 - Consolidated 14 emails from 4 folders
2025-07-17 15:07:29 - outlook_service - DEBUG - get_emails_list:1499 - Returning 7 emails (page 1/1)
2025-07-17 15:07:29 - outlook_service - DEBUG - get_emails_data:1273 - === Loading emails data ===
2025-07-17 15:07:29 - outlook_service - INFO - get_emails_data:1280 - Found 4 folder-specific email files
2025-07-17 15:07:29 - outlook_service - DEBUG - get_emails_data:1281 - Folder files: ['emails_deleted_items.json', 'emails_drafts.json', 'emails_inbox.json', 'emails_sent_items.json']
2025-07-17 15:07:29 - outlook_service - DEBUG - _get_emails_from_multiple_files:1324 - Successfully read emails_deleted_items.json with encoding: cp1252
2025-07-17 15:07:29 - outlook_service - DEBUG - _get_emails_from_multiple_files:1364 - Loaded 5 emails from Deleted Items folder
2025-07-17 15:07:29 - outlook_service - DEBUG - _get_emails_from_multiple_files:1324 - Successfully read emails_drafts.json with encoding: utf-8
2025-07-17 15:07:29 - outlook_service - DEBUG - _get_emails_from_multiple_files:1364 - Loaded 1 emails from Drafts folder
2025-07-17 15:07:29 - outlook_service - DEBUG - _get_emails_from_multiple_files:1324 - Successfully read emails_inbox.json with encoding: cp1252
2025-07-17 15:07:29 - outlook_service - DEBUG - _get_emails_from_multiple_files:1364 - Loaded 7 emails from Inbox folder
2025-07-17 15:07:29 - outlook_service - DEBUG - _get_emails_from_multiple_files:1324 - Successfully read emails_sent_items.json with encoding: utf-8
2025-07-17 15:07:29 - outlook_service - DEBUG - _get_emails_from_multiple_files:1364 - Loaded 1 emails from Sent Items folder
2025-07-17 15:07:29 - outlook_service - DEBUG - _get_emails_from_multiple_files:1378 - Consolidated 14 emails from 4 folders
2025-07-17 15:08:29 - outlook_service - INFO - __init__:136 - === Initializing OutlookService ===
2025-07-17 15:08:29 - outlook_service - DEBUG - __init__:137 - Service initialization started at 2025-07-17 15:08:29.541054
2025-07-17 15:08:29 - outlook_service - INFO - __init__:146 - OutlookService configured for user: user1
2025-07-17 15:08:29 - outlook_service - DEBUG - __init__:147 - Base path: C:\Users\user1\Desktop\normie\outlook\analyze\mail
2025-07-17 15:08:29 - outlook_service - DEBUG - __init__:148 - Emails file: C:\Users\user1\Desktop\normie\outlook\analyze\mail\emails.json
2025-07-17 15:08:29 - outlook_service - DEBUG - __init__:149 - Data folder: C:\Users\user1\Desktop\normie\outlook\analyze\mail\data
2025-07-17 15:08:29 - outlook_service - INFO - __init__:156 - COM interface availability: True
2025-07-17 15:08:29 - outlook_service - INFO - __init__:160 - Base path exists: C:\Users\user1\Desktop\normie\outlook\analyze\mail
2025-07-17 15:08:29 - outlook_service - INFO - __init__:168 - Emails file not found: C:\Users\user1\Desktop\normie\outlook\analyze\mail\emails.json
2025-07-17 15:08:29 - outlook_service - INFO - __init__:170 - OutlookService initialization completed successfully
2025-07-17 15:08:29 - outlook_service - DEBUG - get_emails_data:1273 - === Loading emails data ===
2025-07-17 15:08:29 - outlook_service - INFO - get_emails_data:1280 - Found 4 folder-specific email files
2025-07-17 15:08:29 - outlook_service - DEBUG - get_emails_data:1281 - Folder files: ['emails_deleted_items.json', 'emails_drafts.json', 'emails_inbox.json', 'emails_sent_items.json']
2025-07-17 15:08:29 - outlook_service - DEBUG - _get_emails_from_multiple_files:1324 - Successfully read emails_deleted_items.json with encoding: cp1252
2025-07-17 15:08:29 - outlook_service - DEBUG - _get_emails_from_multiple_files:1364 - Loaded 5 emails from Deleted Items folder
2025-07-17 15:08:29 - outlook_service - DEBUG - _get_emails_from_multiple_files:1324 - Successfully read emails_drafts.json with encoding: utf-8
2025-07-17 15:08:29 - outlook_service - DEBUG - _get_emails_from_multiple_files:1364 - Loaded 1 emails from Drafts folder
2025-07-17 15:08:29 - outlook_service - DEBUG - _get_emails_from_multiple_files:1324 - Successfully read emails_inbox.json with encoding: cp1252
2025-07-17 15:08:29 - outlook_service - DEBUG - _get_emails_from_multiple_files:1364 - Loaded 7 emails from Inbox folder
2025-07-17 15:08:29 - outlook_service - DEBUG - _get_emails_from_multiple_files:1324 - Successfully read emails_sent_items.json with encoding: utf-8
2025-07-17 15:08:29 - outlook_service - DEBUG - _get_emails_from_multiple_files:1364 - Loaded 1 emails from Sent Items folder
2025-07-17 15:08:29 - outlook_service - DEBUG - _get_emails_from_multiple_files:1378 - Consolidated 14 emails from 4 folders
2025-07-17 15:08:29 - outlook_service - DEBUG - get_emails_list:1499 - Returning 7 emails (page 1/1)
2025-07-17 15:08:29 - outlook_service - DEBUG - get_emails_data:1273 - === Loading emails data ===
2025-07-17 15:08:29 - outlook_service - INFO - get_emails_data:1280 - Found 4 folder-specific email files
2025-07-17 15:08:29 - outlook_service - DEBUG - get_emails_data:1281 - Folder files: ['emails_deleted_items.json', 'emails_drafts.json', 'emails_inbox.json', 'emails_sent_items.json']
2025-07-17 15:08:29 - outlook_service - DEBUG - _get_emails_from_multiple_files:1324 - Successfully read emails_deleted_items.json with encoding: cp1252
2025-07-17 15:08:29 - outlook_service - DEBUG - _get_emails_from_multiple_files:1364 - Loaded 5 emails from Deleted Items folder
2025-07-17 15:08:29 - outlook_service - DEBUG - _get_emails_from_multiple_files:1324 - Successfully read emails_drafts.json with encoding: utf-8
2025-07-17 15:08:29 - outlook_service - DEBUG - _get_emails_from_multiple_files:1364 - Loaded 1 emails from Drafts folder
2025-07-17 15:08:29 - outlook_service - DEBUG - _get_emails_from_multiple_files:1324 - Successfully read emails_inbox.json with encoding: cp1252
2025-07-17 15:08:29 - outlook_service - DEBUG - _get_emails_from_multiple_files:1364 - Loaded 7 emails from Inbox folder
2025-07-17 15:08:29 - outlook_service - DEBUG - _get_emails_from_multiple_files:1324 - Successfully read emails_sent_items.json with encoding: utf-8
2025-07-17 15:08:29 - outlook_service - DEBUG - _get_emails_from_multiple_files:1364 - Loaded 1 emails from Sent Items folder
2025-07-17 15:08:29 - outlook_service - DEBUG - _get_emails_from_multiple_files:1378 - Consolidated 14 emails from 4 folders
2025-07-17 15:09:29 - outlook_service - INFO - __init__:136 - === Initializing OutlookService ===
2025-07-17 15:09:29 - outlook_service - DEBUG - __init__:137 - Service initialization started at 2025-07-17 15:09:29.542611
2025-07-17 15:09:29 - outlook_service - INFO - __init__:146 - OutlookService configured for user: user1
2025-07-17 15:09:29 - outlook_service - DEBUG - __init__:147 - Base path: C:\Users\user1\Desktop\normie\outlook\analyze\mail
2025-07-17 15:09:29 - outlook_service - DEBUG - __init__:148 - Emails file: C:\Users\user1\Desktop\normie\outlook\analyze\mail\emails.json
2025-07-17 15:09:29 - outlook_service - DEBUG - __init__:149 - Data folder: C:\Users\user1\Desktop\normie\outlook\analyze\mail\data
2025-07-17 15:09:29 - outlook_service - INFO - __init__:156 - COM interface availability: True
2025-07-17 15:09:29 - outlook_service - INFO - __init__:160 - Base path exists: C:\Users\user1\Desktop\normie\outlook\analyze\mail
2025-07-17 15:09:29 - outlook_service - INFO - __init__:168 - Emails file not found: C:\Users\user1\Desktop\normie\outlook\analyze\mail\emails.json
2025-07-17 15:09:29 - outlook_service - INFO - __init__:170 - OutlookService initialization completed successfully
2025-07-17 15:09:29 - outlook_service - DEBUG - get_emails_data:1273 - === Loading emails data ===
2025-07-17 15:09:29 - outlook_service - INFO - get_emails_data:1280 - Found 4 folder-specific email files
2025-07-17 15:09:29 - outlook_service - DEBUG - get_emails_data:1281 - Folder files: ['emails_deleted_items.json', 'emails_drafts.json', 'emails_inbox.json', 'emails_sent_items.json']
2025-07-17 15:09:29 - outlook_service - DEBUG - _get_emails_from_multiple_files:1324 - Successfully read emails_deleted_items.json with encoding: cp1252
2025-07-17 15:09:29 - outlook_service - DEBUG - _get_emails_from_multiple_files:1364 - Loaded 5 emails from Deleted Items folder
2025-07-17 15:09:29 - outlook_service - DEBUG - _get_emails_from_multiple_files:1324 - Successfully read emails_drafts.json with encoding: utf-8
2025-07-17 15:09:29 - outlook_service - DEBUG - _get_emails_from_multiple_files:1364 - Loaded 1 emails from Drafts folder
2025-07-17 15:09:29 - outlook_service - DEBUG - _get_emails_from_multiple_files:1324 - Successfully read emails_inbox.json with encoding: cp1252
2025-07-17 15:09:29 - outlook_service - DEBUG - _get_emails_from_multiple_files:1364 - Loaded 7 emails from Inbox folder
2025-07-17 15:09:29 - outlook_service - DEBUG - _get_emails_from_multiple_files:1324 - Successfully read emails_sent_items.json with encoding: utf-8
2025-07-17 15:09:29 - outlook_service - DEBUG - _get_emails_from_multiple_files:1364 - Loaded 1 emails from Sent Items folder
2025-07-17 15:09:29 - outlook_service - DEBUG - _get_emails_from_multiple_files:1378 - Consolidated 14 emails from 4 folders
2025-07-17 15:09:29 - outlook_service - DEBUG - get_emails_list:1499 - Returning 7 emails (page 1/1)
2025-07-17 15:09:29 - outlook_service - DEBUG - get_emails_data:1273 - === Loading emails data ===
2025-07-17 15:09:29 - outlook_service - INFO - get_emails_data:1280 - Found 4 folder-specific email files
2025-07-17 15:09:29 - outlook_service - DEBUG - get_emails_data:1281 - Folder files: ['emails_deleted_items.json', 'emails_drafts.json', 'emails_inbox.json', 'emails_sent_items.json']
2025-07-17 15:09:29 - outlook_service - DEBUG - _get_emails_from_multiple_files:1324 - Successfully read emails_deleted_items.json with encoding: cp1252
2025-07-17 15:09:29 - outlook_service - DEBUG - _get_emails_from_multiple_files:1364 - Loaded 5 emails from Deleted Items folder
2025-07-17 15:09:29 - outlook_service - DEBUG - _get_emails_from_multiple_files:1324 - Successfully read emails_drafts.json with encoding: utf-8
2025-07-17 15:09:29 - outlook_service - DEBUG - _get_emails_from_multiple_files:1364 - Loaded 1 emails from Drafts folder
2025-07-17 15:09:29 - outlook_service - DEBUG - _get_emails_from_multiple_files:1324 - Successfully read emails_inbox.json with encoding: cp1252
2025-07-17 15:09:29 - outlook_service - DEBUG - _get_emails_from_multiple_files:1364 - Loaded 7 emails from Inbox folder
2025-07-17 15:09:29 - outlook_service - DEBUG - _get_emails_from_multiple_files:1324 - Successfully read emails_sent_items.json with encoding: utf-8
2025-07-17 15:09:29 - outlook_service - DEBUG - _get_emails_from_multiple_files:1364 - Loaded 1 emails from Sent Items folder
2025-07-17 15:09:29 - outlook_service - DEBUG - _get_emails_from_multiple_files:1378 - Consolidated 14 emails from 4 folders
2025-07-17 15:10:29 - outlook_service - INFO - __init__:136 - === Initializing OutlookService ===
2025-07-17 15:10:29 - outlook_service - DEBUG - __init__:137 - Service initialization started at 2025-07-17 15:10:29.544421
2025-07-17 15:10:29 - outlook_service - INFO - __init__:146 - OutlookService configured for user: user1
2025-07-17 15:10:29 - outlook_service - DEBUG - __init__:147 - Base path: C:\Users\user1\Desktop\normie\outlook\analyze\mail
2025-07-17 15:10:29 - outlook_service - DEBUG - __init__:148 - Emails file: C:\Users\user1\Desktop\normie\outlook\analyze\mail\emails.json
2025-07-17 15:10:29 - outlook_service - DEBUG - __init__:149 - Data folder: C:\Users\user1\Desktop\normie\outlook\analyze\mail\data
2025-07-17 15:10:29 - outlook_service - INFO - __init__:156 - COM interface availability: True
2025-07-17 15:10:29 - outlook_service - INFO - __init__:160 - Base path exists: C:\Users\user1\Desktop\normie\outlook\analyze\mail
2025-07-17 15:10:29 - outlook_service - INFO - __init__:168 - Emails file not found: C:\Users\user1\Desktop\normie\outlook\analyze\mail\emails.json
2025-07-17 15:10:29 - outlook_service - INFO - __init__:170 - OutlookService initialization completed successfully
2025-07-17 15:10:29 - outlook_service - DEBUG - get_emails_data:1273 - === Loading emails data ===
2025-07-17 15:10:29 - outlook_service - INFO - get_emails_data:1280 - Found 4 folder-specific email files
2025-07-17 15:10:29 - outlook_service - DEBUG - get_emails_data:1281 - Folder files: ['emails_deleted_items.json', 'emails_drafts.json', 'emails_inbox.json', 'emails_sent_items.json']
2025-07-17 15:10:29 - outlook_service - DEBUG - _get_emails_from_multiple_files:1324 - Successfully read emails_deleted_items.json with encoding: cp1252
2025-07-17 15:10:29 - outlook_service - DEBUG - _get_emails_from_multiple_files:1364 - Loaded 5 emails from Deleted Items folder
2025-07-17 15:10:29 - outlook_service - DEBUG - _get_emails_from_multiple_files:1324 - Successfully read emails_drafts.json with encoding: utf-8
2025-07-17 15:10:29 - outlook_service - DEBUG - _get_emails_from_multiple_files:1364 - Loaded 1 emails from Drafts folder
2025-07-17 15:10:29 - outlook_service - DEBUG - _get_emails_from_multiple_files:1324 - Successfully read emails_inbox.json with encoding: cp1252
2025-07-17 15:10:29 - outlook_service - DEBUG - _get_emails_from_multiple_files:1364 - Loaded 7 emails from Inbox folder
2025-07-17 15:10:29 - outlook_service - DEBUG - _get_emails_from_multiple_files:1324 - Successfully read emails_sent_items.json with encoding: utf-8
2025-07-17 15:10:29 - outlook_service - DEBUG - _get_emails_from_multiple_files:1364 - Loaded 1 emails from Sent Items folder
2025-07-17 15:10:29 - outlook_service - DEBUG - _get_emails_from_multiple_files:1378 - Consolidated 14 emails from 4 folders
2025-07-17 15:10:29 - outlook_service - DEBUG - get_emails_list:1499 - Returning 7 emails (page 1/1)
2025-07-17 15:10:29 - outlook_service - DEBUG - get_emails_data:1273 - === Loading emails data ===
2025-07-17 15:10:29 - outlook_service - INFO - get_emails_data:1280 - Found 4 folder-specific email files
2025-07-17 15:10:29 - outlook_service - DEBUG - get_emails_data:1281 - Folder files: ['emails_deleted_items.json', 'emails_drafts.json', 'emails_inbox.json', 'emails_sent_items.json']
2025-07-17 15:10:29 - outlook_service - DEBUG - _get_emails_from_multiple_files:1324 - Successfully read emails_deleted_items.json with encoding: cp1252
2025-07-17 15:10:29 - outlook_service - DEBUG - _get_emails_from_multiple_files:1364 - Loaded 5 emails from Deleted Items folder
2025-07-17 15:10:29 - outlook_service - DEBUG - _get_emails_from_multiple_files:1324 - Successfully read emails_drafts.json with encoding: utf-8
2025-07-17 15:10:29 - outlook_service - DEBUG - _get_emails_from_multiple_files:1364 - Loaded 1 emails from Drafts folder
2025-07-17 15:10:29 - outlook_service - DEBUG - _get_emails_from_multiple_files:1324 - Successfully read emails_inbox.json with encoding: cp1252
2025-07-17 15:10:29 - outlook_service - DEBUG - _get_emails_from_multiple_files:1364 - Loaded 7 emails from Inbox folder
2025-07-17 15:10:29 - outlook_service - DEBUG - _get_emails_from_multiple_files:1324 - Successfully read emails_sent_items.json with encoding: utf-8
2025-07-17 15:10:29 - outlook_service - DEBUG - _get_emails_from_multiple_files:1364 - Loaded 1 emails from Sent Items folder
2025-07-17 15:10:29 - outlook_service - DEBUG - _get_emails_from_multiple_files:1378 - Consolidated 14 emails from 4 folders
2025-07-17 15:11:29 - outlook_service - INFO - __init__:136 - === Initializing OutlookService ===
2025-07-17 15:11:29 - outlook_service - DEBUG - __init__:137 - Service initialization started at 2025-07-17 15:11:29.531762
2025-07-17 15:11:29 - outlook_service - INFO - __init__:146 - OutlookService configured for user: user1
2025-07-17 15:11:29 - outlook_service - DEBUG - __init__:147 - Base path: C:\Users\user1\Desktop\normie\outlook\analyze\mail
2025-07-17 15:11:29 - outlook_service - DEBUG - __init__:148 - Emails file: C:\Users\user1\Desktop\normie\outlook\analyze\mail\emails.json
2025-07-17 15:11:29 - outlook_service - DEBUG - __init__:149 - Data folder: C:\Users\user1\Desktop\normie\outlook\analyze\mail\data
2025-07-17 15:11:29 - outlook_service - INFO - __init__:156 - COM interface availability: True
2025-07-17 15:11:29 - outlook_service - INFO - __init__:160 - Base path exists: C:\Users\user1\Desktop\normie\outlook\analyze\mail
2025-07-17 15:11:29 - outlook_service - INFO - __init__:168 - Emails file not found: C:\Users\user1\Desktop\normie\outlook\analyze\mail\emails.json
2025-07-17 15:11:29 - outlook_service - INFO - __init__:170 - OutlookService initialization completed successfully
2025-07-17 15:11:29 - outlook_service - DEBUG - get_emails_data:1273 - === Loading emails data ===
2025-07-17 15:11:29 - outlook_service - INFO - get_emails_data:1280 - Found 4 folder-specific email files
2025-07-17 15:11:29 - outlook_service - DEBUG - get_emails_data:1281 - Folder files: ['emails_deleted_items.json', 'emails_drafts.json', 'emails_inbox.json', 'emails_sent_items.json']
2025-07-17 15:11:29 - outlook_service - DEBUG - _get_emails_from_multiple_files:1324 - Successfully read emails_deleted_items.json with encoding: cp1252
2025-07-17 15:11:29 - outlook_service - DEBUG - _get_emails_from_multiple_files:1364 - Loaded 5 emails from Deleted Items folder
2025-07-17 15:11:29 - outlook_service - DEBUG - _get_emails_from_multiple_files:1324 - Successfully read emails_drafts.json with encoding: utf-8
2025-07-17 15:11:29 - outlook_service - DEBUG - _get_emails_from_multiple_files:1364 - Loaded 1 emails from Drafts folder
2025-07-17 15:11:29 - outlook_service - DEBUG - _get_emails_from_multiple_files:1324 - Successfully read emails_inbox.json with encoding: cp1252
2025-07-17 15:11:29 - outlook_service - DEBUG - _get_emails_from_multiple_files:1364 - Loaded 7 emails from Inbox folder
2025-07-17 15:11:29 - outlook_service - DEBUG - _get_emails_from_multiple_files:1324 - Successfully read emails_sent_items.json with encoding: utf-8
2025-07-17 15:11:29 - outlook_service - DEBUG - _get_emails_from_multiple_files:1364 - Loaded 1 emails from Sent Items folder
2025-07-17 15:11:29 - outlook_service - DEBUG - _get_emails_from_multiple_files:1378 - Consolidated 14 emails from 4 folders
2025-07-17 15:11:29 - outlook_service - DEBUG - get_emails_list:1499 - Returning 7 emails (page 1/1)
2025-07-17 15:11:29 - outlook_service - DEBUG - get_emails_data:1273 - === Loading emails data ===
2025-07-17 15:11:29 - outlook_service - INFO - get_emails_data:1280 - Found 4 folder-specific email files
2025-07-17 15:11:29 - outlook_service - DEBUG - get_emails_data:1281 - Folder files: ['emails_deleted_items.json', 'emails_drafts.json', 'emails_inbox.json', 'emails_sent_items.json']
2025-07-17 15:11:29 - outlook_service - DEBUG - _get_emails_from_multiple_files:1324 - Successfully read emails_deleted_items.json with encoding: cp1252
2025-07-17 15:11:29 - outlook_service - DEBUG - _get_emails_from_multiple_files:1364 - Loaded 5 emails from Deleted Items folder
2025-07-17 15:11:29 - outlook_service - DEBUG - _get_emails_from_multiple_files:1324 - Successfully read emails_drafts.json with encoding: utf-8
2025-07-17 15:11:29 - outlook_service - DEBUG - _get_emails_from_multiple_files:1364 - Loaded 1 emails from Drafts folder
2025-07-17 15:11:29 - outlook_service - DEBUG - _get_emails_from_multiple_files:1324 - Successfully read emails_inbox.json with encoding: cp1252
2025-07-17 15:11:29 - outlook_service - DEBUG - _get_emails_from_multiple_files:1364 - Loaded 7 emails from Inbox folder
2025-07-17 15:11:29 - outlook_service - DEBUG - _get_emails_from_multiple_files:1324 - Successfully read emails_sent_items.json with encoding: utf-8
2025-07-17 15:11:29 - outlook_service - DEBUG - _get_emails_from_multiple_files:1364 - Loaded 1 emails from Sent Items folder
2025-07-17 15:11:29 - outlook_service - DEBUG - _get_emails_from_multiple_files:1378 - Consolidated 14 emails from 4 folders
2025-07-17 15:12:29 - outlook_service - INFO - __init__:136 - === Initializing OutlookService ===
2025-07-17 15:12:29 - outlook_service - DEBUG - __init__:137 - Service initialization started at 2025-07-17 15:12:29.540120
2025-07-17 15:12:29 - outlook_service - INFO - __init__:146 - OutlookService configured for user: user1
2025-07-17 15:12:29 - outlook_service - DEBUG - __init__:147 - Base path: C:\Users\user1\Desktop\normie\outlook\analyze\mail
2025-07-17 15:12:29 - outlook_service - DEBUG - __init__:148 - Emails file: C:\Users\user1\Desktop\normie\outlook\analyze\mail\emails.json
2025-07-17 15:12:29 - outlook_service - DEBUG - __init__:149 - Data folder: C:\Users\user1\Desktop\normie\outlook\analyze\mail\data
2025-07-17 15:12:29 - outlook_service - INFO - __init__:156 - COM interface availability: True
2025-07-17 15:12:29 - outlook_service - INFO - __init__:160 - Base path exists: C:\Users\user1\Desktop\normie\outlook\analyze\mail
2025-07-17 15:12:29 - outlook_service - INFO - __init__:168 - Emails file not found: C:\Users\user1\Desktop\normie\outlook\analyze\mail\emails.json
2025-07-17 15:12:29 - outlook_service - INFO - __init__:170 - OutlookService initialization completed successfully
2025-07-17 15:12:29 - outlook_service - DEBUG - get_emails_data:1273 - === Loading emails data ===
2025-07-17 15:12:29 - outlook_service - INFO - get_emails_data:1280 - Found 4 folder-specific email files
2025-07-17 15:12:29 - outlook_service - DEBUG - get_emails_data:1281 - Folder files: ['emails_deleted_items.json', 'emails_drafts.json', 'emails_inbox.json', 'emails_sent_items.json']
2025-07-17 15:12:29 - outlook_service - DEBUG - _get_emails_from_multiple_files:1324 - Successfully read emails_deleted_items.json with encoding: cp1252
2025-07-17 15:12:29 - outlook_service - DEBUG - _get_emails_from_multiple_files:1364 - Loaded 5 emails from Deleted Items folder
2025-07-17 15:12:29 - outlook_service - DEBUG - _get_emails_from_multiple_files:1324 - Successfully read emails_drafts.json with encoding: utf-8
2025-07-17 15:12:29 - outlook_service - DEBUG - _get_emails_from_multiple_files:1364 - Loaded 1 emails from Drafts folder
2025-07-17 15:12:29 - outlook_service - DEBUG - _get_emails_from_multiple_files:1324 - Successfully read emails_inbox.json with encoding: cp1252
2025-07-17 15:12:29 - outlook_service - DEBUG - _get_emails_from_multiple_files:1364 - Loaded 7 emails from Inbox folder
2025-07-17 15:12:29 - outlook_service - DEBUG - _get_emails_from_multiple_files:1324 - Successfully read emails_sent_items.json with encoding: utf-8
2025-07-17 15:12:29 - outlook_service - DEBUG - _get_emails_from_multiple_files:1364 - Loaded 1 emails from Sent Items folder
2025-07-17 15:12:29 - outlook_service - DEBUG - _get_emails_from_multiple_files:1378 - Consolidated 14 emails from 4 folders
2025-07-17 15:12:29 - outlook_service - DEBUG - get_emails_list:1499 - Returning 7 emails (page 1/1)
2025-07-17 15:12:29 - outlook_service - DEBUG - get_emails_data:1273 - === Loading emails data ===
2025-07-17 15:12:29 - outlook_service - INFO - get_emails_data:1280 - Found 4 folder-specific email files
2025-07-17 15:12:29 - outlook_service - DEBUG - get_emails_data:1281 - Folder files: ['emails_deleted_items.json', 'emails_drafts.json', 'emails_inbox.json', 'emails_sent_items.json']
2025-07-17 15:12:29 - outlook_service - DEBUG - _get_emails_from_multiple_files:1324 - Successfully read emails_deleted_items.json with encoding: cp1252
2025-07-17 15:12:29 - outlook_service - DEBUG - _get_emails_from_multiple_files:1364 - Loaded 5 emails from Deleted Items folder
2025-07-17 15:12:29 - outlook_service - DEBUG - _get_emails_from_multiple_files:1324 - Successfully read emails_drafts.json with encoding: utf-8
2025-07-17 15:12:29 - outlook_service - DEBUG - _get_emails_from_multiple_files:1364 - Loaded 1 emails from Drafts folder
2025-07-17 15:12:29 - outlook_service - DEBUG - _get_emails_from_multiple_files:1324 - Successfully read emails_inbox.json with encoding: cp1252
2025-07-17 15:12:29 - outlook_service - DEBUG - _get_emails_from_multiple_files:1364 - Loaded 7 emails from Inbox folder
2025-07-17 15:12:29 - outlook_service - DEBUG - _get_emails_from_multiple_files:1324 - Successfully read emails_sent_items.json with encoding: utf-8
2025-07-17 15:12:29 - outlook_service - DEBUG - _get_emails_from_multiple_files:1364 - Loaded 1 emails from Sent Items folder
2025-07-17 15:12:29 - outlook_service - DEBUG - _get_emails_from_multiple_files:1378 - Consolidated 14 emails from 4 folders
2025-07-17 15:13:29 - outlook_service - INFO - __init__:136 - === Initializing OutlookService ===
2025-07-17 15:13:29 - outlook_service - DEBUG - __init__:137 - Service initialization started at 2025-07-17 15:13:29.540846
2025-07-17 15:13:29 - outlook_service - INFO - __init__:146 - OutlookService configured for user: user1
2025-07-17 15:13:29 - outlook_service - DEBUG - __init__:147 - Base path: C:\Users\user1\Desktop\normie\outlook\analyze\mail
2025-07-17 15:13:29 - outlook_service - DEBUG - __init__:148 - Emails file: C:\Users\user1\Desktop\normie\outlook\analyze\mail\emails.json
2025-07-17 15:13:29 - outlook_service - DEBUG - __init__:149 - Data folder: C:\Users\user1\Desktop\normie\outlook\analyze\mail\data
2025-07-17 15:13:29 - outlook_service - INFO - __init__:156 - COM interface availability: True
2025-07-17 15:13:29 - outlook_service - INFO - __init__:160 - Base path exists: C:\Users\user1\Desktop\normie\outlook\analyze\mail
2025-07-17 15:13:29 - outlook_service - INFO - __init__:168 - Emails file not found: C:\Users\user1\Desktop\normie\outlook\analyze\mail\emails.json
2025-07-17 15:13:29 - outlook_service - INFO - __init__:170 - OutlookService initialization completed successfully
2025-07-17 15:13:29 - outlook_service - DEBUG - get_emails_data:1273 - === Loading emails data ===
2025-07-17 15:13:29 - outlook_service - INFO - get_emails_data:1280 - Found 4 folder-specific email files
2025-07-17 15:13:29 - outlook_service - DEBUG - get_emails_data:1281 - Folder files: ['emails_deleted_items.json', 'emails_drafts.json', 'emails_inbox.json', 'emails_sent_items.json']
2025-07-17 15:13:29 - outlook_service - DEBUG - _get_emails_from_multiple_files:1324 - Successfully read emails_deleted_items.json with encoding: cp1252
2025-07-17 15:13:29 - outlook_service - DEBUG - _get_emails_from_multiple_files:1364 - Loaded 5 emails from Deleted Items folder
2025-07-17 15:13:29 - outlook_service - DEBUG - _get_emails_from_multiple_files:1324 - Successfully read emails_drafts.json with encoding: utf-8
2025-07-17 15:13:29 - outlook_service - DEBUG - _get_emails_from_multiple_files:1364 - Loaded 1 emails from Drafts folder
2025-07-17 15:13:29 - outlook_service - DEBUG - _get_emails_from_multiple_files:1324 - Successfully read emails_inbox.json with encoding: cp1252
2025-07-17 15:13:29 - outlook_service - DEBUG - _get_emails_from_multiple_files:1364 - Loaded 7 emails from Inbox folder
2025-07-17 15:13:29 - outlook_service - DEBUG - _get_emails_from_multiple_files:1324 - Successfully read emails_sent_items.json with encoding: utf-8
2025-07-17 15:13:29 - outlook_service - DEBUG - _get_emails_from_multiple_files:1364 - Loaded 1 emails from Sent Items folder
2025-07-17 15:13:29 - outlook_service - DEBUG - _get_emails_from_multiple_files:1378 - Consolidated 14 emails from 4 folders
2025-07-17 15:13:29 - outlook_service - DEBUG - get_emails_list:1499 - Returning 7 emails (page 1/1)
2025-07-17 15:13:29 - outlook_service - DEBUG - get_emails_data:1273 - === Loading emails data ===
2025-07-17 15:13:29 - outlook_service - INFO - get_emails_data:1280 - Found 4 folder-specific email files
2025-07-17 15:13:29 - outlook_service - DEBUG - get_emails_data:1281 - Folder files: ['emails_deleted_items.json', 'emails_drafts.json', 'emails_inbox.json', 'emails_sent_items.json']
2025-07-17 15:13:29 - outlook_service - DEBUG - _get_emails_from_multiple_files:1324 - Successfully read emails_deleted_items.json with encoding: cp1252
2025-07-17 15:13:29 - outlook_service - DEBUG - _get_emails_from_multiple_files:1364 - Loaded 5 emails from Deleted Items folder
2025-07-17 15:13:29 - outlook_service - DEBUG - _get_emails_from_multiple_files:1324 - Successfully read emails_drafts.json with encoding: utf-8
2025-07-17 15:13:29 - outlook_service - DEBUG - _get_emails_from_multiple_files:1364 - Loaded 1 emails from Drafts folder
2025-07-17 15:13:29 - outlook_service - DEBUG - _get_emails_from_multiple_files:1324 - Successfully read emails_inbox.json with encoding: cp1252
2025-07-17 15:13:29 - outlook_service - DEBUG - _get_emails_from_multiple_files:1364 - Loaded 7 emails from Inbox folder
2025-07-17 15:13:29 - outlook_service - DEBUG - _get_emails_from_multiple_files:1324 - Successfully read emails_sent_items.json with encoding: utf-8
2025-07-17 15:13:29 - outlook_service - DEBUG - _get_emails_from_multiple_files:1364 - Loaded 1 emails from Sent Items folder
2025-07-17 15:13:29 - outlook_service - DEBUG - _get_emails_from_multiple_files:1378 - Consolidated 14 emails from 4 folders
2025-07-17 15:14:29 - outlook_service - INFO - __init__:136 - === Initializing OutlookService ===
2025-07-17 15:14:29 - outlook_service - DEBUG - __init__:137 - Service initialization started at 2025-07-17 15:14:29.524980
2025-07-17 15:14:29 - outlook_service - INFO - __init__:146 - OutlookService configured for user: user1
2025-07-17 15:14:29 - outlook_service - DEBUG - __init__:147 - Base path: C:\Users\user1\Desktop\normie\outlook\analyze\mail
2025-07-17 15:14:29 - outlook_service - DEBUG - __init__:148 - Emails file: C:\Users\user1\Desktop\normie\outlook\analyze\mail\emails.json
2025-07-17 15:14:29 - outlook_service - DEBUG - __init__:149 - Data folder: C:\Users\user1\Desktop\normie\outlook\analyze\mail\data
2025-07-17 15:14:29 - outlook_service - INFO - __init__:156 - COM interface availability: True
2025-07-17 15:14:29 - outlook_service - INFO - __init__:160 - Base path exists: C:\Users\user1\Desktop\normie\outlook\analyze\mail
2025-07-17 15:14:29 - outlook_service - INFO - __init__:168 - Emails file not found: C:\Users\user1\Desktop\normie\outlook\analyze\mail\emails.json
2025-07-17 15:14:29 - outlook_service - INFO - __init__:170 - OutlookService initialization completed successfully
2025-07-17 15:14:29 - outlook_service - DEBUG - get_emails_data:1273 - === Loading emails data ===
2025-07-17 15:14:29 - outlook_service - INFO - get_emails_data:1280 - Found 4 folder-specific email files
2025-07-17 15:14:29 - outlook_service - DEBUG - get_emails_data:1281 - Folder files: ['emails_deleted_items.json', 'emails_drafts.json', 'emails_inbox.json', 'emails_sent_items.json']
2025-07-17 15:14:29 - outlook_service - DEBUG - _get_emails_from_multiple_files:1324 - Successfully read emails_deleted_items.json with encoding: cp1252
2025-07-17 15:14:29 - outlook_service - DEBUG - _get_emails_from_multiple_files:1364 - Loaded 5 emails from Deleted Items folder
2025-07-17 15:14:29 - outlook_service - DEBUG - _get_emails_from_multiple_files:1324 - Successfully read emails_drafts.json with encoding: utf-8
2025-07-17 15:14:29 - outlook_service - DEBUG - _get_emails_from_multiple_files:1364 - Loaded 1 emails from Drafts folder
2025-07-17 15:14:29 - outlook_service - DEBUG - _get_emails_from_multiple_files:1324 - Successfully read emails_inbox.json with encoding: cp1252
2025-07-17 15:14:29 - outlook_service - DEBUG - _get_emails_from_multiple_files:1364 - Loaded 7 emails from Inbox folder
2025-07-17 15:14:29 - outlook_service - DEBUG - _get_emails_from_multiple_files:1324 - Successfully read emails_sent_items.json with encoding: utf-8
2025-07-17 15:14:29 - outlook_service - DEBUG - _get_emails_from_multiple_files:1364 - Loaded 1 emails from Sent Items folder
2025-07-17 15:14:29 - outlook_service - DEBUG - _get_emails_from_multiple_files:1378 - Consolidated 14 emails from 4 folders
2025-07-17 15:14:29 - outlook_service - DEBUG - get_emails_list:1499 - Returning 7 emails (page 1/1)
2025-07-17 15:14:29 - outlook_service - DEBUG - get_emails_data:1273 - === Loading emails data ===
2025-07-17 15:14:29 - outlook_service - INFO - get_emails_data:1280 - Found 4 folder-specific email files
2025-07-17 15:14:29 - outlook_service - DEBUG - get_emails_data:1281 - Folder files: ['emails_deleted_items.json', 'emails_drafts.json', 'emails_inbox.json', 'emails_sent_items.json']
2025-07-17 15:14:29 - outlook_service - DEBUG - _get_emails_from_multiple_files:1324 - Successfully read emails_deleted_items.json with encoding: cp1252
2025-07-17 15:14:29 - outlook_service - DEBUG - _get_emails_from_multiple_files:1364 - Loaded 5 emails from Deleted Items folder
2025-07-17 15:14:29 - outlook_service - DEBUG - _get_emails_from_multiple_files:1324 - Successfully read emails_drafts.json with encoding: utf-8
2025-07-17 15:14:29 - outlook_service - DEBUG - _get_emails_from_multiple_files:1364 - Loaded 1 emails from Drafts folder
2025-07-17 15:14:29 - outlook_service - DEBUG - _get_emails_from_multiple_files:1324 - Successfully read emails_inbox.json with encoding: cp1252
2025-07-17 15:14:29 - outlook_service - DEBUG - _get_emails_from_multiple_files:1364 - Loaded 7 emails from Inbox folder
2025-07-17 15:14:29 - outlook_service - DEBUG - _get_emails_from_multiple_files:1324 - Successfully read emails_sent_items.json with encoding: utf-8
2025-07-17 15:14:29 - outlook_service - DEBUG - _get_emails_from_multiple_files:1364 - Loaded 1 emails from Sent Items folder
2025-07-17 15:14:29 - outlook_service - DEBUG - _get_emails_from_multiple_files:1378 - Consolidated 14 emails from 4 folders
2025-07-17 15:15:29 - outlook_service - INFO - __init__:136 - === Initializing OutlookService ===
2025-07-17 15:15:29 - outlook_service - DEBUG - __init__:137 - Service initialization started at 2025-07-17 15:15:29.523832
2025-07-17 15:15:29 - outlook_service - INFO - __init__:146 - OutlookService configured for user: user1
2025-07-17 15:15:29 - outlook_service - DEBUG - __init__:147 - Base path: C:\Users\user1\Desktop\normie\outlook\analyze\mail
2025-07-17 15:15:29 - outlook_service - DEBUG - __init__:148 - Emails file: C:\Users\user1\Desktop\normie\outlook\analyze\mail\emails.json
2025-07-17 15:15:29 - outlook_service - DEBUG - __init__:149 - Data folder: C:\Users\user1\Desktop\normie\outlook\analyze\mail\data
2025-07-17 15:15:29 - outlook_service - INFO - __init__:156 - COM interface availability: True
2025-07-17 15:15:29 - outlook_service - INFO - __init__:160 - Base path exists: C:\Users\user1\Desktop\normie\outlook\analyze\mail
2025-07-17 15:15:29 - outlook_service - INFO - __init__:168 - Emails file not found: C:\Users\user1\Desktop\normie\outlook\analyze\mail\emails.json
2025-07-17 15:15:29 - outlook_service - INFO - __init__:170 - OutlookService initialization completed successfully
2025-07-17 15:15:29 - outlook_service - DEBUG - get_emails_data:1273 - === Loading emails data ===
2025-07-17 15:15:29 - outlook_service - INFO - get_emails_data:1280 - Found 4 folder-specific email files
2025-07-17 15:15:29 - outlook_service - DEBUG - get_emails_data:1281 - Folder files: ['emails_deleted_items.json', 'emails_drafts.json', 'emails_inbox.json', 'emails_sent_items.json']
2025-07-17 15:15:29 - outlook_service - DEBUG - _get_emails_from_multiple_files:1324 - Successfully read emails_deleted_items.json with encoding: cp1252
2025-07-17 15:15:29 - outlook_service - DEBUG - _get_emails_from_multiple_files:1364 - Loaded 5 emails from Deleted Items folder
2025-07-17 15:15:29 - outlook_service - DEBUG - _get_emails_from_multiple_files:1324 - Successfully read emails_drafts.json with encoding: utf-8
2025-07-17 15:15:29 - outlook_service - DEBUG - _get_emails_from_multiple_files:1364 - Loaded 1 emails from Drafts folder
2025-07-17 15:15:29 - outlook_service - DEBUG - _get_emails_from_multiple_files:1324 - Successfully read emails_inbox.json with encoding: cp1252
2025-07-17 15:15:29 - outlook_service - DEBUG - _get_emails_from_multiple_files:1364 - Loaded 7 emails from Inbox folder
2025-07-17 15:15:29 - outlook_service - DEBUG - _get_emails_from_multiple_files:1324 - Successfully read emails_sent_items.json with encoding: utf-8
2025-07-17 15:15:29 - outlook_service - DEBUG - _get_emails_from_multiple_files:1364 - Loaded 1 emails from Sent Items folder
2025-07-17 15:15:29 - outlook_service - DEBUG - _get_emails_from_multiple_files:1378 - Consolidated 14 emails from 4 folders
2025-07-17 15:15:29 - outlook_service - DEBUG - get_emails_list:1499 - Returning 7 emails (page 1/1)
2025-07-17 15:15:29 - outlook_service - DEBUG - get_emails_data:1273 - === Loading emails data ===
2025-07-17 15:15:29 - outlook_service - INFO - get_emails_data:1280 - Found 4 folder-specific email files
2025-07-17 15:15:29 - outlook_service - DEBUG - get_emails_data:1281 - Folder files: ['emails_deleted_items.json', 'emails_drafts.json', 'emails_inbox.json', 'emails_sent_items.json']
2025-07-17 15:15:29 - outlook_service - DEBUG - _get_emails_from_multiple_files:1324 - Successfully read emails_deleted_items.json with encoding: cp1252
2025-07-17 15:15:29 - outlook_service - DEBUG - _get_emails_from_multiple_files:1364 - Loaded 5 emails from Deleted Items folder
2025-07-17 15:15:29 - outlook_service - DEBUG - _get_emails_from_multiple_files:1324 - Successfully read emails_drafts.json with encoding: utf-8
2025-07-17 15:15:29 - outlook_service - DEBUG - _get_emails_from_multiple_files:1364 - Loaded 1 emails from Drafts folder
2025-07-17 15:15:29 - outlook_service - DEBUG - _get_emails_from_multiple_files:1324 - Successfully read emails_inbox.json with encoding: cp1252
2025-07-17 15:15:29 - outlook_service - DEBUG - _get_emails_from_multiple_files:1364 - Loaded 7 emails from Inbox folder
2025-07-17 15:15:29 - outlook_service - DEBUG - _get_emails_from_multiple_files:1324 - Successfully read emails_sent_items.json with encoding: utf-8
2025-07-17 15:15:29 - outlook_service - DEBUG - _get_emails_from_multiple_files:1364 - Loaded 1 emails from Sent Items folder
2025-07-17 15:15:29 - outlook_service - DEBUG - _get_emails_from_multiple_files:1378 - Consolidated 14 emails from 4 folders
2025-07-17 15:16:29 - outlook_service - INFO - __init__:136 - === Initializing OutlookService ===
2025-07-17 15:16:29 - outlook_service - DEBUG - __init__:137 - Service initialization started at 2025-07-17 15:16:29.538002
2025-07-17 15:16:29 - outlook_service - INFO - __init__:146 - OutlookService configured for user: user1
2025-07-17 15:16:29 - outlook_service - DEBUG - __init__:147 - Base path: C:\Users\user1\Desktop\normie\outlook\analyze\mail
2025-07-17 15:16:29 - outlook_service - DEBUG - __init__:148 - Emails file: C:\Users\user1\Desktop\normie\outlook\analyze\mail\emails.json
2025-07-17 15:16:29 - outlook_service - DEBUG - __init__:149 - Data folder: C:\Users\user1\Desktop\normie\outlook\analyze\mail\data
2025-07-17 15:16:29 - outlook_service - INFO - __init__:156 - COM interface availability: True
2025-07-17 15:16:29 - outlook_service - INFO - __init__:160 - Base path exists: C:\Users\user1\Desktop\normie\outlook\analyze\mail
2025-07-17 15:16:29 - outlook_service - INFO - __init__:168 - Emails file not found: C:\Users\user1\Desktop\normie\outlook\analyze\mail\emails.json
2025-07-17 15:16:29 - outlook_service - INFO - __init__:170 - OutlookService initialization completed successfully
2025-07-17 15:16:29 - outlook_service - DEBUG - get_emails_data:1273 - === Loading emails data ===
2025-07-17 15:16:29 - outlook_service - INFO - get_emails_data:1280 - Found 4 folder-specific email files
2025-07-17 15:16:29 - outlook_service - DEBUG - get_emails_data:1281 - Folder files: ['emails_deleted_items.json', 'emails_drafts.json', 'emails_inbox.json', 'emails_sent_items.json']
2025-07-17 15:16:29 - outlook_service - DEBUG - _get_emails_from_multiple_files:1324 - Successfully read emails_deleted_items.json with encoding: cp1252
2025-07-17 15:16:29 - outlook_service - DEBUG - _get_emails_from_multiple_files:1364 - Loaded 5 emails from Deleted Items folder
2025-07-17 15:16:29 - outlook_service - DEBUG - _get_emails_from_multiple_files:1324 - Successfully read emails_drafts.json with encoding: utf-8
2025-07-17 15:16:29 - outlook_service - DEBUG - _get_emails_from_multiple_files:1364 - Loaded 1 emails from Drafts folder
2025-07-17 15:16:29 - outlook_service - DEBUG - _get_emails_from_multiple_files:1324 - Successfully read emails_inbox.json with encoding: cp1252
2025-07-17 15:16:29 - outlook_service - DEBUG - _get_emails_from_multiple_files:1364 - Loaded 7 emails from Inbox folder
2025-07-17 15:16:29 - outlook_service - DEBUG - _get_emails_from_multiple_files:1324 - Successfully read emails_sent_items.json with encoding: utf-8
2025-07-17 15:16:29 - outlook_service - DEBUG - _get_emails_from_multiple_files:1364 - Loaded 1 emails from Sent Items folder
2025-07-17 15:16:29 - outlook_service - DEBUG - _get_emails_from_multiple_files:1378 - Consolidated 14 emails from 4 folders
2025-07-17 15:16:29 - outlook_service - DEBUG - get_emails_list:1499 - Returning 7 emails (page 1/1)
2025-07-17 15:16:29 - outlook_service - DEBUG - get_emails_data:1273 - === Loading emails data ===
2025-07-17 15:16:29 - outlook_service - INFO - get_emails_data:1280 - Found 4 folder-specific email files
2025-07-17 15:16:29 - outlook_service - DEBUG - get_emails_data:1281 - Folder files: ['emails_deleted_items.json', 'emails_drafts.json', 'emails_inbox.json', 'emails_sent_items.json']
2025-07-17 15:16:29 - outlook_service - DEBUG - _get_emails_from_multiple_files:1324 - Successfully read emails_deleted_items.json with encoding: cp1252
2025-07-17 15:16:29 - outlook_service - DEBUG - _get_emails_from_multiple_files:1364 - Loaded 5 emails from Deleted Items folder
2025-07-17 15:16:29 - outlook_service - DEBUG - _get_emails_from_multiple_files:1324 - Successfully read emails_drafts.json with encoding: utf-8
2025-07-17 15:16:29 - outlook_service - DEBUG - _get_emails_from_multiple_files:1364 - Loaded 1 emails from Drafts folder
2025-07-17 15:16:29 - outlook_service - DEBUG - _get_emails_from_multiple_files:1324 - Successfully read emails_inbox.json with encoding: cp1252
2025-07-17 15:16:29 - outlook_service - DEBUG - _get_emails_from_multiple_files:1364 - Loaded 7 emails from Inbox folder
2025-07-17 15:16:29 - outlook_service - DEBUG - _get_emails_from_multiple_files:1324 - Successfully read emails_sent_items.json with encoding: utf-8
2025-07-17 15:16:29 - outlook_service - DEBUG - _get_emails_from_multiple_files:1364 - Loaded 1 emails from Sent Items folder
2025-07-17 15:16:29 - outlook_service - DEBUG - _get_emails_from_multiple_files:1378 - Consolidated 14 emails from 4 folders
2025-07-17 15:17:29 - outlook_service - INFO - __init__:136 - === Initializing OutlookService ===
2025-07-17 15:17:29 - outlook_service - DEBUG - __init__:137 - Service initialization started at 2025-07-17 15:17:29.535485
2025-07-17 15:17:29 - outlook_service - INFO - __init__:146 - OutlookService configured for user: user1
2025-07-17 15:17:29 - outlook_service - DEBUG - __init__:147 - Base path: C:\Users\user1\Desktop\normie\outlook\analyze\mail
2025-07-17 15:17:29 - outlook_service - DEBUG - __init__:148 - Emails file: C:\Users\user1\Desktop\normie\outlook\analyze\mail\emails.json
2025-07-17 15:17:29 - outlook_service - DEBUG - __init__:149 - Data folder: C:\Users\user1\Desktop\normie\outlook\analyze\mail\data
2025-07-17 15:17:29 - outlook_service - INFO - __init__:156 - COM interface availability: True
2025-07-17 15:17:29 - outlook_service - INFO - __init__:160 - Base path exists: C:\Users\user1\Desktop\normie\outlook\analyze\mail
2025-07-17 15:17:29 - outlook_service - INFO - __init__:168 - Emails file not found: C:\Users\user1\Desktop\normie\outlook\analyze\mail\emails.json
2025-07-17 15:17:29 - outlook_service - INFO - __init__:170 - OutlookService initialization completed successfully
2025-07-17 15:17:29 - outlook_service - DEBUG - get_emails_data:1273 - === Loading emails data ===
2025-07-17 15:17:29 - outlook_service - INFO - get_emails_data:1280 - Found 4 folder-specific email files
2025-07-17 15:17:29 - outlook_service - DEBUG - get_emails_data:1281 - Folder files: ['emails_deleted_items.json', 'emails_drafts.json', 'emails_inbox.json', 'emails_sent_items.json']
2025-07-17 15:17:29 - outlook_service - DEBUG - _get_emails_from_multiple_files:1324 - Successfully read emails_deleted_items.json with encoding: cp1252
2025-07-17 15:17:29 - outlook_service - DEBUG - _get_emails_from_multiple_files:1364 - Loaded 5 emails from Deleted Items folder
2025-07-17 15:17:29 - outlook_service - DEBUG - _get_emails_from_multiple_files:1324 - Successfully read emails_drafts.json with encoding: utf-8
2025-07-17 15:17:29 - outlook_service - DEBUG - _get_emails_from_multiple_files:1364 - Loaded 1 emails from Drafts folder
2025-07-17 15:17:29 - outlook_service - DEBUG - _get_emails_from_multiple_files:1324 - Successfully read emails_inbox.json with encoding: cp1252
2025-07-17 15:17:29 - outlook_service - DEBUG - _get_emails_from_multiple_files:1364 - Loaded 7 emails from Inbox folder
2025-07-17 15:17:29 - outlook_service - DEBUG - _get_emails_from_multiple_files:1324 - Successfully read emails_sent_items.json with encoding: utf-8
2025-07-17 15:17:29 - outlook_service - DEBUG - _get_emails_from_multiple_files:1364 - Loaded 1 emails from Sent Items folder
2025-07-17 15:17:29 - outlook_service - DEBUG - _get_emails_from_multiple_files:1378 - Consolidated 14 emails from 4 folders
2025-07-17 15:17:29 - outlook_service - DEBUG - get_emails_list:1499 - Returning 7 emails (page 1/1)
2025-07-17 15:17:29 - outlook_service - DEBUG - get_emails_data:1273 - === Loading emails data ===
2025-07-17 15:17:29 - outlook_service - INFO - get_emails_data:1280 - Found 4 folder-specific email files
2025-07-17 15:17:29 - outlook_service - DEBUG - get_emails_data:1281 - Folder files: ['emails_deleted_items.json', 'emails_drafts.json', 'emails_inbox.json', 'emails_sent_items.json']
2025-07-17 15:17:29 - outlook_service - DEBUG - _get_emails_from_multiple_files:1324 - Successfully read emails_deleted_items.json with encoding: cp1252
2025-07-17 15:17:29 - outlook_service - DEBUG - _get_emails_from_multiple_files:1364 - Loaded 5 emails from Deleted Items folder
2025-07-17 15:17:29 - outlook_service - DEBUG - _get_emails_from_multiple_files:1324 - Successfully read emails_drafts.json with encoding: utf-8
2025-07-17 15:17:29 - outlook_service - DEBUG - _get_emails_from_multiple_files:1364 - Loaded 1 emails from Drafts folder
2025-07-17 15:17:29 - outlook_service - DEBUG - _get_emails_from_multiple_files:1324 - Successfully read emails_inbox.json with encoding: cp1252
2025-07-17 15:17:29 - outlook_service - DEBUG - _get_emails_from_multiple_files:1364 - Loaded 7 emails from Inbox folder
2025-07-17 15:17:29 - outlook_service - DEBUG - _get_emails_from_multiple_files:1324 - Successfully read emails_sent_items.json with encoding: utf-8
2025-07-17 15:17:29 - outlook_service - DEBUG - _get_emails_from_multiple_files:1364 - Loaded 1 emails from Sent Items folder
2025-07-17 15:17:29 - outlook_service - DEBUG - _get_emails_from_multiple_files:1378 - Consolidated 14 emails from 4 folders
2025-07-17 15:18:29 - outlook_service - INFO - __init__:136 - === Initializing OutlookService ===
2025-07-17 15:18:29 - outlook_service - DEBUG - __init__:137 - Service initialization started at 2025-07-17 15:18:29.536459
2025-07-17 15:18:29 - outlook_service - INFO - __init__:146 - OutlookService configured for user: user1
2025-07-17 15:18:29 - outlook_service - DEBUG - __init__:147 - Base path: C:\Users\user1\Desktop\normie\outlook\analyze\mail
2025-07-17 15:18:29 - outlook_service - DEBUG - __init__:148 - Emails file: C:\Users\user1\Desktop\normie\outlook\analyze\mail\emails.json
2025-07-17 15:18:29 - outlook_service - DEBUG - __init__:149 - Data folder: C:\Users\user1\Desktop\normie\outlook\analyze\mail\data
2025-07-17 15:18:29 - outlook_service - INFO - __init__:156 - COM interface availability: True
2025-07-17 15:18:29 - outlook_service - INFO - __init__:160 - Base path exists: C:\Users\user1\Desktop\normie\outlook\analyze\mail
2025-07-17 15:18:29 - outlook_service - INFO - __init__:168 - Emails file not found: C:\Users\user1\Desktop\normie\outlook\analyze\mail\emails.json
2025-07-17 15:18:29 - outlook_service - INFO - __init__:170 - OutlookService initialization completed successfully
2025-07-17 15:18:29 - outlook_service - DEBUG - get_emails_data:1273 - === Loading emails data ===
2025-07-17 15:18:29 - outlook_service - INFO - get_emails_data:1280 - Found 4 folder-specific email files
2025-07-17 15:18:29 - outlook_service - DEBUG - get_emails_data:1281 - Folder files: ['emails_deleted_items.json', 'emails_drafts.json', 'emails_inbox.json', 'emails_sent_items.json']
2025-07-17 15:18:29 - outlook_service - DEBUG - _get_emails_from_multiple_files:1324 - Successfully read emails_deleted_items.json with encoding: cp1252
2025-07-17 15:18:29 - outlook_service - DEBUG - _get_emails_from_multiple_files:1364 - Loaded 5 emails from Deleted Items folder
2025-07-17 15:18:29 - outlook_service - DEBUG - _get_emails_from_multiple_files:1324 - Successfully read emails_drafts.json with encoding: utf-8
2025-07-17 15:18:29 - outlook_service - DEBUG - _get_emails_from_multiple_files:1364 - Loaded 1 emails from Drafts folder
2025-07-17 15:18:29 - outlook_service - DEBUG - _get_emails_from_multiple_files:1324 - Successfully read emails_inbox.json with encoding: cp1252
2025-07-17 15:18:29 - outlook_service - DEBUG - _get_emails_from_multiple_files:1364 - Loaded 7 emails from Inbox folder
2025-07-17 15:18:29 - outlook_service - DEBUG - _get_emails_from_multiple_files:1324 - Successfully read emails_sent_items.json with encoding: utf-8
2025-07-17 15:18:29 - outlook_service - DEBUG - _get_emails_from_multiple_files:1364 - Loaded 1 emails from Sent Items folder
2025-07-17 15:18:29 - outlook_service - DEBUG - _get_emails_from_multiple_files:1378 - Consolidated 14 emails from 4 folders
2025-07-17 15:18:29 - outlook_service - DEBUG - get_emails_list:1499 - Returning 7 emails (page 1/1)
2025-07-17 15:18:29 - outlook_service - DEBUG - get_emails_data:1273 - === Loading emails data ===
2025-07-17 15:18:29 - outlook_service - INFO - get_emails_data:1280 - Found 4 folder-specific email files
2025-07-17 15:18:29 - outlook_service - DEBUG - get_emails_data:1281 - Folder files: ['emails_deleted_items.json', 'emails_drafts.json', 'emails_inbox.json', 'emails_sent_items.json']
2025-07-17 15:18:29 - outlook_service - DEBUG - _get_emails_from_multiple_files:1324 - Successfully read emails_deleted_items.json with encoding: cp1252
2025-07-17 15:18:29 - outlook_service - DEBUG - _get_emails_from_multiple_files:1364 - Loaded 5 emails from Deleted Items folder
2025-07-17 15:18:29 - outlook_service - DEBUG - _get_emails_from_multiple_files:1324 - Successfully read emails_drafts.json with encoding: utf-8
2025-07-17 15:18:29 - outlook_service - DEBUG - _get_emails_from_multiple_files:1364 - Loaded 1 emails from Drafts folder
2025-07-17 15:18:29 - outlook_service - DEBUG - _get_emails_from_multiple_files:1324 - Successfully read emails_inbox.json with encoding: cp1252
2025-07-17 15:18:29 - outlook_service - DEBUG - _get_emails_from_multiple_files:1364 - Loaded 7 emails from Inbox folder
2025-07-17 15:18:29 - outlook_service - DEBUG - _get_emails_from_multiple_files:1324 - Successfully read emails_sent_items.json with encoding: utf-8
2025-07-17 15:18:29 - outlook_service - DEBUG - _get_emails_from_multiple_files:1364 - Loaded 1 emails from Sent Items folder
2025-07-17 15:18:29 - outlook_service - DEBUG - _get_emails_from_multiple_files:1378 - Consolidated 14 emails from 4 folders
2025-07-17 15:19:29 - outlook_service - INFO - __init__:136 - === Initializing OutlookService ===
2025-07-17 15:19:29 - outlook_service - DEBUG - __init__:137 - Service initialization started at 2025-07-17 15:19:29.525584
2025-07-17 15:19:29 - outlook_service - INFO - __init__:146 - OutlookService configured for user: user1
2025-07-17 15:19:29 - outlook_service - DEBUG - __init__:147 - Base path: C:\Users\user1\Desktop\normie\outlook\analyze\mail
2025-07-17 15:19:29 - outlook_service - DEBUG - __init__:148 - Emails file: C:\Users\user1\Desktop\normie\outlook\analyze\mail\emails.json
2025-07-17 15:19:29 - outlook_service - DEBUG - __init__:149 - Data folder: C:\Users\user1\Desktop\normie\outlook\analyze\mail\data
2025-07-17 15:19:29 - outlook_service - INFO - __init__:156 - COM interface availability: True
2025-07-17 15:19:29 - outlook_service - INFO - __init__:160 - Base path exists: C:\Users\user1\Desktop\normie\outlook\analyze\mail
2025-07-17 15:19:29 - outlook_service - INFO - __init__:168 - Emails file not found: C:\Users\user1\Desktop\normie\outlook\analyze\mail\emails.json
2025-07-17 15:19:29 - outlook_service - INFO - __init__:170 - OutlookService initialization completed successfully
2025-07-17 15:19:29 - outlook_service - DEBUG - get_emails_data:1273 - === Loading emails data ===
2025-07-17 15:19:29 - outlook_service - INFO - get_emails_data:1280 - Found 4 folder-specific email files
2025-07-17 15:19:29 - outlook_service - DEBUG - get_emails_data:1281 - Folder files: ['emails_deleted_items.json', 'emails_drafts.json', 'emails_inbox.json', 'emails_sent_items.json']
2025-07-17 15:19:29 - outlook_service - DEBUG - _get_emails_from_multiple_files:1324 - Successfully read emails_deleted_items.json with encoding: cp1252
2025-07-17 15:19:29 - outlook_service - DEBUG - _get_emails_from_multiple_files:1364 - Loaded 5 emails from Deleted Items folder
2025-07-17 15:19:29 - outlook_service - DEBUG - _get_emails_from_multiple_files:1324 - Successfully read emails_drafts.json with encoding: utf-8
2025-07-17 15:19:29 - outlook_service - DEBUG - _get_emails_from_multiple_files:1364 - Loaded 1 emails from Drafts folder
2025-07-17 15:19:29 - outlook_service - DEBUG - _get_emails_from_multiple_files:1324 - Successfully read emails_inbox.json with encoding: cp1252
2025-07-17 15:19:29 - outlook_service - DEBUG - _get_emails_from_multiple_files:1364 - Loaded 7 emails from Inbox folder
2025-07-17 15:19:29 - outlook_service - DEBUG - _get_emails_from_multiple_files:1324 - Successfully read emails_sent_items.json with encoding: utf-8
2025-07-17 15:19:29 - outlook_service - DEBUG - _get_emails_from_multiple_files:1364 - Loaded 1 emails from Sent Items folder
2025-07-17 15:19:29 - outlook_service - DEBUG - _get_emails_from_multiple_files:1378 - Consolidated 14 emails from 4 folders
2025-07-17 15:19:29 - outlook_service - DEBUG - get_emails_list:1499 - Returning 7 emails (page 1/1)
2025-07-17 15:19:29 - outlook_service - DEBUG - get_emails_data:1273 - === Loading emails data ===
2025-07-17 15:19:29 - outlook_service - INFO - get_emails_data:1280 - Found 4 folder-specific email files
2025-07-17 15:19:29 - outlook_service - DEBUG - get_emails_data:1281 - Folder files: ['emails_deleted_items.json', 'emails_drafts.json', 'emails_inbox.json', 'emails_sent_items.json']
2025-07-17 15:19:29 - outlook_service - DEBUG - _get_emails_from_multiple_files:1324 - Successfully read emails_deleted_items.json with encoding: cp1252
2025-07-17 15:19:29 - outlook_service - DEBUG - _get_emails_from_multiple_files:1364 - Loaded 5 emails from Deleted Items folder
2025-07-17 15:19:29 - outlook_service - DEBUG - _get_emails_from_multiple_files:1324 - Successfully read emails_drafts.json with encoding: utf-8
2025-07-17 15:19:29 - outlook_service - DEBUG - _get_emails_from_multiple_files:1364 - Loaded 1 emails from Drafts folder
2025-07-17 15:19:29 - outlook_service - DEBUG - _get_emails_from_multiple_files:1324 - Successfully read emails_inbox.json with encoding: cp1252
2025-07-17 15:19:29 - outlook_service - DEBUG - _get_emails_from_multiple_files:1364 - Loaded 7 emails from Inbox folder
2025-07-17 15:19:29 - outlook_service - DEBUG - _get_emails_from_multiple_files:1324 - Successfully read emails_sent_items.json with encoding: utf-8
2025-07-17 15:19:29 - outlook_service - DEBUG - _get_emails_from_multiple_files:1364 - Loaded 1 emails from Sent Items folder
2025-07-17 15:19:29 - outlook_service - DEBUG - _get_emails_from_multiple_files:1378 - Consolidated 14 emails from 4 folders
2025-07-17 15:20:29 - outlook_service - INFO - __init__:136 - === Initializing OutlookService ===
2025-07-17 15:20:29 - outlook_service - DEBUG - __init__:137 - Service initialization started at 2025-07-17 15:20:29.536635
2025-07-17 15:20:29 - outlook_service - INFO - __init__:146 - OutlookService configured for user: user1
2025-07-17 15:20:29 - outlook_service - DEBUG - __init__:147 - Base path: C:\Users\user1\Desktop\normie\outlook\analyze\mail
2025-07-17 15:20:29 - outlook_service - DEBUG - __init__:148 - Emails file: C:\Users\user1\Desktop\normie\outlook\analyze\mail\emails.json
2025-07-17 15:20:29 - outlook_service - DEBUG - __init__:149 - Data folder: C:\Users\user1\Desktop\normie\outlook\analyze\mail\data
2025-07-17 15:20:29 - outlook_service - INFO - __init__:156 - COM interface availability: True
2025-07-17 15:20:29 - outlook_service - INFO - __init__:160 - Base path exists: C:\Users\user1\Desktop\normie\outlook\analyze\mail
2025-07-17 15:20:29 - outlook_service - INFO - __init__:168 - Emails file not found: C:\Users\user1\Desktop\normie\outlook\analyze\mail\emails.json
2025-07-17 15:20:29 - outlook_service - INFO - __init__:170 - OutlookService initialization completed successfully
2025-07-17 15:20:29 - outlook_service - DEBUG - get_emails_data:1273 - === Loading emails data ===
2025-07-17 15:20:29 - outlook_service - INFO - get_emails_data:1280 - Found 4 folder-specific email files
2025-07-17 15:20:29 - outlook_service - DEBUG - get_emails_data:1281 - Folder files: ['emails_deleted_items.json', 'emails_drafts.json', 'emails_inbox.json', 'emails_sent_items.json']
2025-07-17 15:20:29 - outlook_service - DEBUG - _get_emails_from_multiple_files:1324 - Successfully read emails_deleted_items.json with encoding: cp1252
2025-07-17 15:20:29 - outlook_service - DEBUG - _get_emails_from_multiple_files:1364 - Loaded 5 emails from Deleted Items folder
2025-07-17 15:20:29 - outlook_service - DEBUG - _get_emails_from_multiple_files:1324 - Successfully read emails_drafts.json with encoding: utf-8
2025-07-17 15:20:29 - outlook_service - DEBUG - _get_emails_from_multiple_files:1364 - Loaded 1 emails from Drafts folder
2025-07-17 15:20:29 - outlook_service - DEBUG - _get_emails_from_multiple_files:1324 - Successfully read emails_inbox.json with encoding: cp1252
2025-07-17 15:20:29 - outlook_service - DEBUG - _get_emails_from_multiple_files:1364 - Loaded 7 emails from Inbox folder
2025-07-17 15:20:29 - outlook_service - DEBUG - _get_emails_from_multiple_files:1324 - Successfully read emails_sent_items.json with encoding: utf-8
2025-07-17 15:20:29 - outlook_service - DEBUG - _get_emails_from_multiple_files:1364 - Loaded 1 emails from Sent Items folder
2025-07-17 15:20:29 - outlook_service - DEBUG - _get_emails_from_multiple_files:1378 - Consolidated 14 emails from 4 folders
2025-07-17 15:20:29 - outlook_service - DEBUG - get_emails_list:1499 - Returning 7 emails (page 1/1)
2025-07-17 15:20:29 - outlook_service - DEBUG - get_emails_data:1273 - === Loading emails data ===
2025-07-17 15:20:29 - outlook_service - INFO - get_emails_data:1280 - Found 4 folder-specific email files
2025-07-17 15:20:29 - outlook_service - DEBUG - get_emails_data:1281 - Folder files: ['emails_deleted_items.json', 'emails_drafts.json', 'emails_inbox.json', 'emails_sent_items.json']
2025-07-17 15:20:29 - outlook_service - DEBUG - _get_emails_from_multiple_files:1324 - Successfully read emails_deleted_items.json with encoding: cp1252
2025-07-17 15:20:29 - outlook_service - DEBUG - _get_emails_from_multiple_files:1364 - Loaded 5 emails from Deleted Items folder
2025-07-17 15:20:29 - outlook_service - DEBUG - _get_emails_from_multiple_files:1324 - Successfully read emails_drafts.json with encoding: utf-8
2025-07-17 15:20:29 - outlook_service - DEBUG - _get_emails_from_multiple_files:1364 - Loaded 1 emails from Drafts folder
2025-07-17 15:20:29 - outlook_service - DEBUG - _get_emails_from_multiple_files:1324 - Successfully read emails_inbox.json with encoding: cp1252
2025-07-17 15:20:29 - outlook_service - DEBUG - _get_emails_from_multiple_files:1364 - Loaded 7 emails from Inbox folder
2025-07-17 15:20:29 - outlook_service - DEBUG - _get_emails_from_multiple_files:1324 - Successfully read emails_sent_items.json with encoding: utf-8
2025-07-17 15:20:29 - outlook_service - DEBUG - _get_emails_from_multiple_files:1364 - Loaded 1 emails from Sent Items folder
2025-07-17 15:20:29 - outlook_service - DEBUG - _get_emails_from_multiple_files:1378 - Consolidated 14 emails from 4 folders
2025-07-17 15:20:38 - outlook_service - INFO - __init__:136 - === Initializing OutlookService ===
2025-07-17 15:20:38 - outlook_service - DEBUG - __init__:137 - Service initialization started at 2025-07-17 15:20:38.728753
2025-07-17 15:20:38 - outlook_service - INFO - __init__:146 - OutlookService configured for user: user1
2025-07-17 15:20:38 - outlook_service - DEBUG - __init__:147 - Base path: C:\Users\user1\Desktop\normie\outlook\analyze\mail
2025-07-17 15:20:38 - outlook_service - DEBUG - __init__:148 - Emails file: C:\Users\user1\Desktop\normie\outlook\analyze\mail\emails.json
2025-07-17 15:20:38 - outlook_service - DEBUG - __init__:149 - Data folder: C:\Users\user1\Desktop\normie\outlook\analyze\mail\data
2025-07-17 15:20:38 - outlook_service - INFO - __init__:156 - COM interface availability: True
2025-07-17 15:20:38 - outlook_service - INFO - __init__:160 - Base path exists: C:\Users\user1\Desktop\normie\outlook\analyze\mail
2025-07-17 15:20:38 - outlook_service - INFO - __init__:168 - Emails file not found: C:\Users\user1\Desktop\normie\outlook\analyze\mail\emails.json
2025-07-17 15:20:38 - outlook_service - INFO - __init__:170 - OutlookService initialization completed successfully
2025-07-17 15:20:38 - outlook_service - DEBUG - get_emails_data:1273 - === Loading emails data ===
2025-07-17 15:20:38 - outlook_service - INFO - get_emails_data:1280 - Found 4 folder-specific email files
2025-07-17 15:20:38 - outlook_service - DEBUG - get_emails_data:1281 - Folder files: ['emails_deleted_items.json', 'emails_drafts.json', 'emails_inbox.json', 'emails_sent_items.json']
2025-07-17 15:20:38 - outlook_service - DEBUG - _get_emails_from_multiple_files:1324 - Successfully read emails_deleted_items.json with encoding: cp1252
2025-07-17 15:20:38 - outlook_service - DEBUG - _get_emails_from_multiple_files:1364 - Loaded 5 emails from Deleted Items folder
2025-07-17 15:20:38 - outlook_service - DEBUG - _get_emails_from_multiple_files:1324 - Successfully read emails_drafts.json with encoding: utf-8
2025-07-17 15:20:38 - outlook_service - DEBUG - _get_emails_from_multiple_files:1364 - Loaded 1 emails from Drafts folder
2025-07-17 15:20:38 - outlook_service - DEBUG - _get_emails_from_multiple_files:1324 - Successfully read emails_inbox.json with encoding: cp1252
2025-07-17 15:20:38 - outlook_service - DEBUG - _get_emails_from_multiple_files:1364 - Loaded 7 emails from Inbox folder
2025-07-17 15:20:38 - outlook_service - DEBUG - _get_emails_from_multiple_files:1324 - Successfully read emails_sent_items.json with encoding: utf-8
2025-07-17 15:20:38 - outlook_service - DEBUG - _get_emails_from_multiple_files:1364 - Loaded 1 emails from Sent Items folder
2025-07-17 15:20:38 - outlook_service - DEBUG - _get_emails_from_multiple_files:1378 - Consolidated 14 emails from 4 folders
2025-07-17 15:20:38 - outlook_service - DEBUG - get_emails_list:1499 - Returning 7 emails (page 1/1)
2025-07-17 15:20:38 - outlook_service - DEBUG - get_emails_data:1273 - === Loading emails data ===
2025-07-17 15:20:38 - outlook_service - INFO - get_emails_data:1280 - Found 4 folder-specific email files
2025-07-17 15:20:38 - outlook_service - DEBUG - get_emails_data:1281 - Folder files: ['emails_deleted_items.json', 'emails_drafts.json', 'emails_inbox.json', 'emails_sent_items.json']
2025-07-17 15:20:38 - outlook_service - DEBUG - _get_emails_from_multiple_files:1324 - Successfully read emails_deleted_items.json with encoding: cp1252
2025-07-17 15:20:38 - outlook_service - DEBUG - _get_emails_from_multiple_files:1364 - Loaded 5 emails from Deleted Items folder
2025-07-17 15:20:38 - outlook_service - DEBUG - _get_emails_from_multiple_files:1324 - Successfully read emails_drafts.json with encoding: utf-8
2025-07-17 15:20:38 - outlook_service - DEBUG - _get_emails_from_multiple_files:1364 - Loaded 1 emails from Drafts folder
2025-07-17 15:20:38 - outlook_service - DEBUG - _get_emails_from_multiple_files:1324 - Successfully read emails_inbox.json with encoding: cp1252
2025-07-17 15:20:38 - outlook_service - DEBUG - _get_emails_from_multiple_files:1364 - Loaded 7 emails from Inbox folder
2025-07-17 15:20:38 - outlook_service - DEBUG - _get_emails_from_multiple_files:1324 - Successfully read emails_sent_items.json with encoding: utf-8
2025-07-17 15:20:38 - outlook_service - DEBUG - _get_emails_from_multiple_files:1364 - Loaded 1 emails from Sent Items folder
2025-07-17 15:20:38 - outlook_service - DEBUG - _get_emails_from_multiple_files:1378 - Consolidated 14 emails from 4 folders
2025-07-17 15:20:39 - outlook_service - INFO - __init__:136 - === Initializing OutlookService ===
2025-07-17 15:20:39 - outlook_service - DEBUG - __init__:137 - Service initialization started at 2025-07-17 15:20:39.263255
2025-07-17 15:20:39 - outlook_service - INFO - __init__:146 - OutlookService configured for user: user1
2025-07-17 15:20:39 - outlook_service - DEBUG - __init__:147 - Base path: C:\Users\user1\Desktop\normie\outlook\analyze\mail
2025-07-17 15:20:39 - outlook_service - DEBUG - __init__:148 - Emails file: C:\Users\user1\Desktop\normie\outlook\analyze\mail\emails.json
2025-07-17 15:20:39 - outlook_service - DEBUG - __init__:149 - Data folder: C:\Users\user1\Desktop\normie\outlook\analyze\mail\data
2025-07-17 15:20:39 - outlook_service - INFO - __init__:156 - COM interface availability: True
2025-07-17 15:20:39 - outlook_service - INFO - __init__:160 - Base path exists: C:\Users\user1\Desktop\normie\outlook\analyze\mail
2025-07-17 15:20:39 - outlook_service - INFO - __init__:168 - Emails file not found: C:\Users\user1\Desktop\normie\outlook\analyze\mail\emails.json
2025-07-17 15:20:39 - outlook_service - INFO - __init__:170 - OutlookService initialization completed successfully
2025-07-17 15:20:39 - outlook_service - DEBUG - get_emails_data:1273 - === Loading emails data ===
2025-07-17 15:20:39 - outlook_service - INFO - get_emails_data:1280 - Found 4 folder-specific email files
2025-07-17 15:20:39 - outlook_service - DEBUG - get_emails_data:1281 - Folder files: ['emails_deleted_items.json', 'emails_drafts.json', 'emails_inbox.json', 'emails_sent_items.json']
2025-07-17 15:20:39 - outlook_service - DEBUG - _get_emails_from_multiple_files:1324 - Successfully read emails_deleted_items.json with encoding: cp1252
2025-07-17 15:20:39 - outlook_service - DEBUG - _get_emails_from_multiple_files:1364 - Loaded 5 emails from Deleted Items folder
2025-07-17 15:20:39 - outlook_service - DEBUG - _get_emails_from_multiple_files:1324 - Successfully read emails_drafts.json with encoding: utf-8
2025-07-17 15:20:39 - outlook_service - DEBUG - _get_emails_from_multiple_files:1364 - Loaded 1 emails from Drafts folder
2025-07-17 15:20:39 - outlook_service - DEBUG - _get_emails_from_multiple_files:1324 - Successfully read emails_inbox.json with encoding: cp1252
2025-07-17 15:20:39 - outlook_service - DEBUG - _get_emails_from_multiple_files:1364 - Loaded 7 emails from Inbox folder
2025-07-17 15:20:39 - outlook_service - DEBUG - _get_emails_from_multiple_files:1324 - Successfully read emails_sent_items.json with encoding: utf-8
2025-07-17 15:20:39 - outlook_service - DEBUG - _get_emails_from_multiple_files:1364 - Loaded 1 emails from Sent Items folder
2025-07-17 15:20:39 - outlook_service - DEBUG - _get_emails_from_multiple_files:1378 - Consolidated 14 emails from 4 folders
2025-07-17 15:20:44 - outlook_service - INFO - __init__:136 - === Initializing OutlookService ===
2025-07-17 15:20:44 - outlook_service - DEBUG - __init__:137 - Service initialization started at 2025-07-17 15:20:44.094707
2025-07-17 15:20:44 - outlook_service - INFO - __init__:146 - OutlookService configured for user: user1
2025-07-17 15:20:44 - outlook_service - DEBUG - __init__:147 - Base path: C:\Users\user1\Desktop\normie\outlook\analyze\mail
2025-07-17 15:20:44 - outlook_service - DEBUG - __init__:148 - Emails file: C:\Users\user1\Desktop\normie\outlook\analyze\mail\emails.json
2025-07-17 15:20:44 - outlook_service - DEBUG - __init__:149 - Data folder: C:\Users\user1\Desktop\normie\outlook\analyze\mail\data
2025-07-17 15:20:44 - outlook_service - INFO - __init__:156 - COM interface availability: True
2025-07-17 15:20:44 - outlook_service - INFO - __init__:160 - Base path exists: C:\Users\user1\Desktop\normie\outlook\analyze\mail
2025-07-17 15:20:44 - outlook_service - INFO - __init__:168 - Emails file not found: C:\Users\user1\Desktop\normie\outlook\analyze\mail\emails.json
2025-07-17 15:20:44 - outlook_service - INFO - __init__:170 - OutlookService initialization completed successfully
2025-07-17 15:20:44 - outlook_service - DEBUG - get_emails_data:1273 - === Loading emails data ===
2025-07-17 15:20:44 - outlook_service - INFO - get_emails_data:1280 - Found 4 folder-specific email files
2025-07-17 15:20:44 - outlook_service - DEBUG - get_emails_data:1281 - Folder files: ['emails_deleted_items.json', 'emails_drafts.json', 'emails_inbox.json', 'emails_sent_items.json']
2025-07-17 15:20:44 - outlook_service - DEBUG - _get_emails_from_multiple_files:1324 - Successfully read emails_deleted_items.json with encoding: cp1252
2025-07-17 15:20:44 - outlook_service - DEBUG - _get_emails_from_multiple_files:1364 - Loaded 5 emails from Deleted Items folder
2025-07-17 15:20:44 - outlook_service - DEBUG - _get_emails_from_multiple_files:1324 - Successfully read emails_drafts.json with encoding: utf-8
2025-07-17 15:20:44 - outlook_service - DEBUG - _get_emails_from_multiple_files:1364 - Loaded 1 emails from Drafts folder
2025-07-17 15:20:44 - outlook_service - DEBUG - _get_emails_from_multiple_files:1324 - Successfully read emails_inbox.json with encoding: cp1252
2025-07-17 15:20:44 - outlook_service - DEBUG - _get_emails_from_multiple_files:1364 - Loaded 7 emails from Inbox folder
2025-07-17 15:20:44 - outlook_service - DEBUG - _get_emails_from_multiple_files:1324 - Successfully read emails_sent_items.json with encoding: utf-8
2025-07-17 15:20:44 - outlook_service - DEBUG - _get_emails_from_multiple_files:1364 - Loaded 1 emails from Sent Items folder
2025-07-17 15:20:44 - outlook_service - DEBUG - _get_emails_from_multiple_files:1378 - Consolidated 14 emails from 4 folders
2025-07-17 15:20:44 - outlook_service - DEBUG - get_emails_list:1499 - Returning 7 emails (page 1/1)
2025-07-17 15:20:44 - outlook_service - DEBUG - get_emails_data:1273 - === Loading emails data ===
2025-07-17 15:20:44 - outlook_service - INFO - get_emails_data:1280 - Found 4 folder-specific email files
2025-07-17 15:20:44 - outlook_service - DEBUG - get_emails_data:1281 - Folder files: ['emails_deleted_items.json', 'emails_drafts.json', 'emails_inbox.json', 'emails_sent_items.json']
2025-07-17 15:20:44 - outlook_service - DEBUG - _get_emails_from_multiple_files:1324 - Successfully read emails_deleted_items.json with encoding: cp1252
2025-07-17 15:20:44 - outlook_service - DEBUG - _get_emails_from_multiple_files:1364 - Loaded 5 emails from Deleted Items folder
2025-07-17 15:20:44 - outlook_service - DEBUG - _get_emails_from_multiple_files:1324 - Successfully read emails_drafts.json with encoding: utf-8
2025-07-17 15:20:44 - outlook_service - DEBUG - _get_emails_from_multiple_files:1364 - Loaded 1 emails from Drafts folder
2025-07-17 15:20:44 - outlook_service - DEBUG - _get_emails_from_multiple_files:1324 - Successfully read emails_inbox.json with encoding: cp1252
2025-07-17 15:20:44 - outlook_service - DEBUG - _get_emails_from_multiple_files:1364 - Loaded 7 emails from Inbox folder
2025-07-17 15:20:44 - outlook_service - DEBUG - _get_emails_from_multiple_files:1324 - Successfully read emails_sent_items.json with encoding: utf-8
2025-07-17 15:20:44 - outlook_service - DEBUG - _get_emails_from_multiple_files:1364 - Loaded 1 emails from Sent Items folder
2025-07-17 15:20:44 - outlook_service - DEBUG - _get_emails_from_multiple_files:1378 - Consolidated 14 emails from 4 folders
2025-07-17 15:20:44 - outlook_service - DEBUG - _initialize_com:178 - === COM Interface Initialization ===
2025-07-17 15:20:44 - outlook_service - INFO - _initialize_com:190 - Starting COM interface initialization...
2025-07-17 15:20:44 - outlook_service - DEBUG - _initialize_com:191 - Calling pythoncom.CoInitialize()
2025-07-17 15:20:44 - outlook_service - DEBUG - _initialize_com:194 - Dispatching Outlook.Application
2025-07-17 15:20:44 - outlook_service - DEBUG - _initialize_com:197 - Getting MAPI namespace
2025-07-17 15:20:44 - outlook_service - INFO - _initialize_com:201 - COM interface initialized successfully
2025-07-17 15:20:44 - outlook_service - INFO - _initialize_com:206 - Connected to Outlook version: 16.0.0.18925
2025-07-17 15:20:44 - outlook_service - DEBUG - _cleanup_com:227 - COM interface cleaned up
2025-07-17 15:20:46 - outlook_service - INFO - __init__:136 - === Initializing OutlookService ===
2025-07-17 15:20:46 - outlook_service - DEBUG - __init__:137 - Service initialization started at 2025-07-17 15:20:46.198711
2025-07-17 15:20:46 - outlook_service - INFO - __init__:146 - OutlookService configured for user: user1
2025-07-17 15:20:46 - outlook_service - DEBUG - __init__:147 - Base path: C:\Users\user1\Desktop\normie\outlook\analyze\mail
2025-07-17 15:20:46 - outlook_service - DEBUG - __init__:148 - Emails file: C:\Users\user1\Desktop\normie\outlook\analyze\mail\emails.json
2025-07-17 15:20:46 - outlook_service - DEBUG - __init__:149 - Data folder: C:\Users\user1\Desktop\normie\outlook\analyze\mail\data
2025-07-17 15:20:46 - outlook_service - INFO - __init__:156 - COM interface availability: True
2025-07-17 15:20:46 - outlook_service - INFO - __init__:160 - Base path exists: C:\Users\user1\Desktop\normie\outlook\analyze\mail
2025-07-17 15:20:46 - outlook_service - INFO - __init__:168 - Emails file not found: C:\Users\user1\Desktop\normie\outlook\analyze\mail\emails.json
2025-07-17 15:20:46 - outlook_service - INFO - __init__:170 - OutlookService initialization completed successfully
2025-07-17 15:20:46 - outlook_service - DEBUG - get_emails_data:1273 - === Loading emails data ===
2025-07-17 15:20:46 - outlook_service - INFO - get_emails_data:1280 - Found 4 folder-specific email files
2025-07-17 15:20:46 - outlook_service - DEBUG - get_emails_data:1281 - Folder files: ['emails_deleted_items.json', 'emails_drafts.json', 'emails_inbox.json', 'emails_sent_items.json']
2025-07-17 15:20:46 - outlook_service - DEBUG - _get_emails_from_multiple_files:1324 - Successfully read emails_deleted_items.json with encoding: cp1252
2025-07-17 15:20:46 - outlook_service - DEBUG - _get_emails_from_multiple_files:1364 - Loaded 5 emails from Deleted Items folder
2025-07-17 15:20:46 - outlook_service - DEBUG - _get_emails_from_multiple_files:1324 - Successfully read emails_drafts.json with encoding: utf-8
2025-07-17 15:20:46 - outlook_service - DEBUG - _get_emails_from_multiple_files:1364 - Loaded 1 emails from Drafts folder
2025-07-17 15:20:46 - outlook_service - DEBUG - _get_emails_from_multiple_files:1324 - Successfully read emails_inbox.json with encoding: cp1252
2025-07-17 15:20:46 - outlook_service - DEBUG - _get_emails_from_multiple_files:1364 - Loaded 7 emails from Inbox folder
2025-07-17 15:20:46 - outlook_service - DEBUG - _get_emails_from_multiple_files:1324 - Successfully read emails_sent_items.json with encoding: utf-8
2025-07-17 15:20:46 - outlook_service - DEBUG - _get_emails_from_multiple_files:1364 - Loaded 1 emails from Sent Items folder
2025-07-17 15:20:46 - outlook_service - DEBUG - _get_emails_from_multiple_files:1378 - Consolidated 14 emails from 4 folders
2025-07-17 15:20:46 - outlook_service - DEBUG - get_emails_list:1499 - Returning 7 emails (page 1/1)
2025-07-17 15:20:46 - outlook_service - DEBUG - get_emails_data:1273 - === Loading emails data ===
2025-07-17 15:20:46 - outlook_service - INFO - get_emails_data:1280 - Found 4 folder-specific email files
2025-07-17 15:20:46 - outlook_service - DEBUG - get_emails_data:1281 - Folder files: ['emails_deleted_items.json', 'emails_drafts.json', 'emails_inbox.json', 'emails_sent_items.json']
2025-07-17 15:20:46 - outlook_service - DEBUG - _get_emails_from_multiple_files:1324 - Successfully read emails_deleted_items.json with encoding: cp1252
2025-07-17 15:20:46 - outlook_service - DEBUG - _get_emails_from_multiple_files:1364 - Loaded 5 emails from Deleted Items folder
2025-07-17 15:20:46 - outlook_service - DEBUG - _get_emails_from_multiple_files:1324 - Successfully read emails_drafts.json with encoding: utf-8
2025-07-17 15:20:46 - outlook_service - DEBUG - _get_emails_from_multiple_files:1364 - Loaded 1 emails from Drafts folder
2025-07-17 15:20:46 - outlook_service - DEBUG - _get_emails_from_multiple_files:1324 - Successfully read emails_inbox.json with encoding: cp1252
2025-07-17 15:20:46 - outlook_service - DEBUG - _get_emails_from_multiple_files:1364 - Loaded 7 emails from Inbox folder
2025-07-17 15:20:46 - outlook_service - DEBUG - _get_emails_from_multiple_files:1324 - Successfully read emails_sent_items.json with encoding: utf-8
2025-07-17 15:20:46 - outlook_service - DEBUG - _get_emails_from_multiple_files:1364 - Loaded 1 emails from Sent Items folder
2025-07-17 15:20:46 - outlook_service - DEBUG - _get_emails_from_multiple_files:1378 - Consolidated 14 emails from 4 folders
2025-07-17 15:20:46 - outlook_service - DEBUG - _initialize_com:178 - === COM Interface Initialization ===
2025-07-17 15:20:46 - outlook_service - INFO - _initialize_com:190 - Starting COM interface initialization...
2025-07-17 15:20:46 - outlook_service - DEBUG - _initialize_com:191 - Calling pythoncom.CoInitialize()
2025-07-17 15:20:46 - outlook_service - DEBUG - _initialize_com:194 - Dispatching Outlook.Application
2025-07-17 15:20:46 - outlook_service - DEBUG - _initialize_com:197 - Getting MAPI namespace
2025-07-17 15:20:46 - outlook_service - INFO - _initialize_com:201 - COM interface initialized successfully
2025-07-17 15:20:46 - outlook_service - INFO - _initialize_com:206 - Connected to Outlook version: 16.0.0.18925
2025-07-17 15:20:46 - outlook_service - DEBUG - _cleanup_com:227 - COM interface cleaned up
2025-07-17 15:20:50 - outlook_service - INFO - __init__:136 - === Initializing OutlookService ===
2025-07-17 15:20:50 - outlook_service - DEBUG - __init__:137 - Service initialization started at 2025-07-17 15:20:50.146164
2025-07-17 15:20:50 - outlook_service - INFO - __init__:146 - OutlookService configured for user: user1
2025-07-17 15:20:50 - outlook_service - DEBUG - __init__:147 - Base path: C:\Users\user1\Desktop\normie\outlook\analyze\mail
2025-07-17 15:20:50 - outlook_service - DEBUG - __init__:148 - Emails file: C:\Users\user1\Desktop\normie\outlook\analyze\mail\emails.json
2025-07-17 15:20:50 - outlook_service - DEBUG - __init__:149 - Data folder: C:\Users\user1\Desktop\normie\outlook\analyze\mail\data
2025-07-17 15:20:50 - outlook_service - INFO - __init__:156 - COM interface availability: True
2025-07-17 15:20:50 - outlook_service - INFO - __init__:160 - Base path exists: C:\Users\user1\Desktop\normie\outlook\analyze\mail
2025-07-17 15:20:50 - outlook_service - INFO - __init__:168 - Emails file not found: C:\Users\user1\Desktop\normie\outlook\analyze\mail\emails.json
2025-07-17 15:20:50 - outlook_service - INFO - __init__:170 - OutlookService initialization completed successfully
2025-07-17 15:20:50 - outlook_service - DEBUG - get_emails_data:1273 - === Loading emails data ===
2025-07-17 15:20:50 - outlook_service - INFO - get_emails_data:1280 - Found 4 folder-specific email files
2025-07-17 15:20:50 - outlook_service - DEBUG - get_emails_data:1281 - Folder files: ['emails_deleted_items.json', 'emails_drafts.json', 'emails_inbox.json', 'emails_sent_items.json']
2025-07-17 15:20:50 - outlook_service - DEBUG - _get_emails_from_multiple_files:1324 - Successfully read emails_deleted_items.json with encoding: cp1252
2025-07-17 15:20:50 - outlook_service - DEBUG - _get_emails_from_multiple_files:1364 - Loaded 5 emails from Deleted Items folder
2025-07-17 15:20:50 - outlook_service - DEBUG - _get_emails_from_multiple_files:1324 - Successfully read emails_drafts.json with encoding: utf-8
2025-07-17 15:20:50 - outlook_service - DEBUG - _get_emails_from_multiple_files:1364 - Loaded 1 emails from Drafts folder
2025-07-17 15:20:50 - outlook_service - DEBUG - _get_emails_from_multiple_files:1324 - Successfully read emails_inbox.json with encoding: cp1252
2025-07-17 15:20:50 - outlook_service - DEBUG - _get_emails_from_multiple_files:1364 - Loaded 7 emails from Inbox folder
2025-07-17 15:20:50 - outlook_service - DEBUG - _get_emails_from_multiple_files:1324 - Successfully read emails_sent_items.json with encoding: utf-8
2025-07-17 15:20:50 - outlook_service - DEBUG - _get_emails_from_multiple_files:1364 - Loaded 1 emails from Sent Items folder
2025-07-17 15:20:50 - outlook_service - DEBUG - _get_emails_from_multiple_files:1378 - Consolidated 14 emails from 4 folders
2025-07-17 15:21:07 - outlook_service - INFO - __init__:136 - === Initializing OutlookService ===
2025-07-17 15:21:07 - outlook_service - DEBUG - __init__:137 - Service initialization started at 2025-07-17 15:21:07.070799
2025-07-17 15:21:07 - outlook_service - INFO - __init__:146 - OutlookService configured for user: user1
2025-07-17 15:21:07 - outlook_service - DEBUG - __init__:147 - Base path: C:\Users\user1\Desktop\normie\outlook\analyze\mail
2025-07-17 15:21:07 - outlook_service - DEBUG - __init__:148 - Emails file: C:\Users\user1\Desktop\normie\outlook\analyze\mail\emails.json
2025-07-17 15:21:07 - outlook_service - DEBUG - __init__:149 - Data folder: C:\Users\user1\Desktop\normie\outlook\analyze\mail\data
2025-07-17 15:21:07 - outlook_service - INFO - __init__:156 - COM interface availability: True
2025-07-17 15:21:07 - outlook_service - INFO - __init__:160 - Base path exists: C:\Users\user1\Desktop\normie\outlook\analyze\mail
2025-07-17 15:21:07 - outlook_service - INFO - __init__:168 - Emails file not found: C:\Users\user1\Desktop\normie\outlook\analyze\mail\emails.json
2025-07-17 15:21:07 - outlook_service - INFO - __init__:170 - OutlookService initialization completed successfully
2025-07-17 15:21:07 - outlook_service - DEBUG - get_emails_data:1273 - === Loading emails data ===
2025-07-17 15:21:07 - outlook_service - INFO - get_emails_data:1280 - Found 4 folder-specific email files
2025-07-17 15:21:07 - outlook_service - DEBUG - get_emails_data:1281 - Folder files: ['emails_deleted_items.json', 'emails_drafts.json', 'emails_inbox.json', 'emails_sent_items.json']
2025-07-17 15:21:07 - outlook_service - DEBUG - _get_emails_from_multiple_files:1324 - Successfully read emails_deleted_items.json with encoding: cp1252
2025-07-17 15:21:07 - outlook_service - DEBUG - _get_emails_from_multiple_files:1364 - Loaded 5 emails from Deleted Items folder
2025-07-17 15:21:07 - outlook_service - DEBUG - _get_emails_from_multiple_files:1324 - Successfully read emails_drafts.json with encoding: utf-8
2025-07-17 15:21:07 - outlook_service - DEBUG - _get_emails_from_multiple_files:1364 - Loaded 1 emails from Drafts folder
2025-07-17 15:21:07 - outlook_service - DEBUG - _get_emails_from_multiple_files:1324 - Successfully read emails_inbox.json with encoding: cp1252
2025-07-17 15:21:07 - outlook_service - DEBUG - _get_emails_from_multiple_files:1364 - Loaded 7 emails from Inbox folder
2025-07-17 15:21:07 - outlook_service - DEBUG - _get_emails_from_multiple_files:1324 - Successfully read emails_sent_items.json with encoding: utf-8
2025-07-17 15:21:07 - outlook_service - DEBUG - _get_emails_from_multiple_files:1364 - Loaded 1 emails from Sent Items folder
2025-07-17 15:21:07 - outlook_service - DEBUG - _get_emails_from_multiple_files:1378 - Consolidated 14 emails from 4 folders
2025-07-17 15:21:07 - outlook_service - DEBUG - get_emails_list:1499 - Returning 7 emails (page 1/1)
2025-07-17 15:21:07 - outlook_service - DEBUG - get_emails_data:1273 - === Loading emails data ===
2025-07-17 15:21:07 - outlook_service - INFO - get_emails_data:1280 - Found 4 folder-specific email files
2025-07-17 15:21:07 - outlook_service - DEBUG - get_emails_data:1281 - Folder files: ['emails_deleted_items.json', 'emails_drafts.json', 'emails_inbox.json', 'emails_sent_items.json']
2025-07-17 15:21:07 - outlook_service - DEBUG - _get_emails_from_multiple_files:1324 - Successfully read emails_deleted_items.json with encoding: cp1252
2025-07-17 15:21:07 - outlook_service - DEBUG - _get_emails_from_multiple_files:1364 - Loaded 5 emails from Deleted Items folder
2025-07-17 15:21:07 - outlook_service - DEBUG - _get_emails_from_multiple_files:1324 - Successfully read emails_drafts.json with encoding: utf-8
2025-07-17 15:21:07 - outlook_service - DEBUG - _get_emails_from_multiple_files:1364 - Loaded 1 emails from Drafts folder
2025-07-17 15:21:07 - outlook_service - DEBUG - _get_emails_from_multiple_files:1324 - Successfully read emails_inbox.json with encoding: cp1252
2025-07-17 15:21:07 - outlook_service - DEBUG - _get_emails_from_multiple_files:1364 - Loaded 7 emails from Inbox folder
2025-07-17 15:21:07 - outlook_service - DEBUG - _get_emails_from_multiple_files:1324 - Successfully read emails_sent_items.json with encoding: utf-8
2025-07-17 15:21:07 - outlook_service - DEBUG - _get_emails_from_multiple_files:1364 - Loaded 1 emails from Sent Items folder
2025-07-17 15:21:07 - outlook_service - DEBUG - _get_emails_from_multiple_files:1378 - Consolidated 14 emails from 4 folders
2025-07-17 15:21:07 - outlook_service - INFO - __init__:136 - === Initializing OutlookService ===
2025-07-17 15:21:07 - outlook_service - DEBUG - __init__:137 - Service initialization started at 2025-07-17 15:21:07.696770
2025-07-17 15:21:07 - outlook_service - INFO - __init__:146 - OutlookService configured for user: user1
2025-07-17 15:21:07 - outlook_service - DEBUG - __init__:147 - Base path: C:\Users\user1\Desktop\normie\outlook\analyze\mail
2025-07-17 15:21:07 - outlook_service - DEBUG - __init__:148 - Emails file: C:\Users\user1\Desktop\normie\outlook\analyze\mail\emails.json
2025-07-17 15:21:07 - outlook_service - DEBUG - __init__:149 - Data folder: C:\Users\user1\Desktop\normie\outlook\analyze\mail\data
2025-07-17 15:21:07 - outlook_service - INFO - __init__:156 - COM interface availability: True
2025-07-17 15:21:07 - outlook_service - INFO - __init__:160 - Base path exists: C:\Users\user1\Desktop\normie\outlook\analyze\mail
2025-07-17 15:21:07 - outlook_service - INFO - __init__:168 - Emails file not found: C:\Users\user1\Desktop\normie\outlook\analyze\mail\emails.json
2025-07-17 15:21:07 - outlook_service - INFO - __init__:170 - OutlookService initialization completed successfully
2025-07-17 15:21:07 - outlook_service - DEBUG - get_emails_data:1273 - === Loading emails data ===
2025-07-17 15:21:07 - outlook_service - INFO - get_emails_data:1280 - Found 4 folder-specific email files
2025-07-17 15:21:07 - outlook_service - DEBUG - get_emails_data:1281 - Folder files: ['emails_deleted_items.json', 'emails_drafts.json', 'emails_inbox.json', 'emails_sent_items.json']
2025-07-17 15:21:07 - outlook_service - DEBUG - _get_emails_from_multiple_files:1324 - Successfully read emails_deleted_items.json with encoding: cp1252
2025-07-17 15:21:07 - outlook_service - DEBUG - _get_emails_from_multiple_files:1364 - Loaded 5 emails from Deleted Items folder
2025-07-17 15:21:07 - outlook_service - DEBUG - _get_emails_from_multiple_files:1324 - Successfully read emails_drafts.json with encoding: utf-8
2025-07-17 15:21:07 - outlook_service - DEBUG - _get_emails_from_multiple_files:1364 - Loaded 1 emails from Drafts folder
2025-07-17 15:21:07 - outlook_service - DEBUG - _get_emails_from_multiple_files:1324 - Successfully read emails_inbox.json with encoding: cp1252
2025-07-17 15:21:07 - outlook_service - DEBUG - _get_emails_from_multiple_files:1364 - Loaded 7 emails from Inbox folder
2025-07-17 15:21:07 - outlook_service - DEBUG - _get_emails_from_multiple_files:1324 - Successfully read emails_sent_items.json with encoding: utf-8
2025-07-17 15:21:07 - outlook_service - DEBUG - _get_emails_from_multiple_files:1364 - Loaded 1 emails from Sent Items folder
2025-07-17 15:21:07 - outlook_service - DEBUG - _get_emails_from_multiple_files:1378 - Consolidated 14 emails from 4 folders
2025-07-17 15:21:09 - outlook_service - INFO - __init__:136 - === Initializing OutlookService ===
2025-07-17 15:21:09 - outlook_service - DEBUG - __init__:137 - Service initialization started at 2025-07-17 15:21:09.298456
2025-07-17 15:21:09 - outlook_service - INFO - __init__:146 - OutlookService configured for user: user1
2025-07-17 15:21:09 - outlook_service - DEBUG - __init__:147 - Base path: C:\Users\user1\Desktop\normie\outlook\analyze\mail
2025-07-17 15:21:09 - outlook_service - DEBUG - __init__:148 - Emails file: C:\Users\user1\Desktop\normie\outlook\analyze\mail\emails.json
2025-07-17 15:21:09 - outlook_service - DEBUG - __init__:149 - Data folder: C:\Users\user1\Desktop\normie\outlook\analyze\mail\data
2025-07-17 15:21:09 - outlook_service - INFO - __init__:156 - COM interface availability: True
2025-07-17 15:21:09 - outlook_service - INFO - __init__:160 - Base path exists: C:\Users\user1\Desktop\normie\outlook\analyze\mail
2025-07-17 15:21:09 - outlook_service - INFO - __init__:168 - Emails file not found: C:\Users\user1\Desktop\normie\outlook\analyze\mail\emails.json
2025-07-17 15:21:09 - outlook_service - INFO - __init__:170 - OutlookService initialization completed successfully
2025-07-17 15:21:09 - outlook_service - DEBUG - get_emails_data:1273 - === Loading emails data ===
2025-07-17 15:21:09 - outlook_service - INFO - get_emails_data:1280 - Found 4 folder-specific email files
2025-07-17 15:21:09 - outlook_service - DEBUG - get_emails_data:1281 - Folder files: ['emails_deleted_items.json', 'emails_drafts.json', 'emails_inbox.json', 'emails_sent_items.json']
2025-07-17 15:21:09 - outlook_service - DEBUG - _get_emails_from_multiple_files:1324 - Successfully read emails_deleted_items.json with encoding: cp1252
2025-07-17 15:21:09 - outlook_service - DEBUG - _get_emails_from_multiple_files:1364 - Loaded 5 emails from Deleted Items folder
2025-07-17 15:21:09 - outlook_service - DEBUG - _get_emails_from_multiple_files:1324 - Successfully read emails_drafts.json with encoding: utf-8
2025-07-17 15:21:09 - outlook_service - DEBUG - _get_emails_from_multiple_files:1364 - Loaded 1 emails from Drafts folder
2025-07-17 15:21:09 - outlook_service - DEBUG - _get_emails_from_multiple_files:1324 - Successfully read emails_inbox.json with encoding: cp1252
2025-07-17 15:21:09 - outlook_service - DEBUG - _get_emails_from_multiple_files:1364 - Loaded 7 emails from Inbox folder
2025-07-17 15:21:09 - outlook_service - DEBUG - _get_emails_from_multiple_files:1324 - Successfully read emails_sent_items.json with encoding: utf-8
2025-07-17 15:21:09 - outlook_service - DEBUG - _get_emails_from_multiple_files:1364 - Loaded 1 emails from Sent Items folder
2025-07-17 15:21:09 - outlook_service - DEBUG - _get_emails_from_multiple_files:1378 - Consolidated 14 emails from 4 folders
2025-07-17 15:21:11 - outlook_service - INFO - __init__:136 - === Initializing OutlookService ===
2025-07-17 15:21:11 - outlook_service - DEBUG - __init__:137 - Service initialization started at 2025-07-17 15:21:11.626713
2025-07-17 15:21:11 - outlook_service - INFO - __init__:146 - OutlookService configured for user: user1
2025-07-17 15:21:11 - outlook_service - DEBUG - __init__:147 - Base path: C:\Users\user1\Desktop\normie\outlook\analyze\mail
2025-07-17 15:21:11 - outlook_service - DEBUG - __init__:148 - Emails file: C:\Users\user1\Desktop\normie\outlook\analyze\mail\emails.json
2025-07-17 15:21:11 - outlook_service - DEBUG - __init__:149 - Data folder: C:\Users\user1\Desktop\normie\outlook\analyze\mail\data
2025-07-17 15:21:11 - outlook_service - INFO - __init__:156 - COM interface availability: True
2025-07-17 15:21:11 - outlook_service - INFO - __init__:160 - Base path exists: C:\Users\user1\Desktop\normie\outlook\analyze\mail
2025-07-17 15:21:11 - outlook_service - INFO - __init__:168 - Emails file not found: C:\Users\user1\Desktop\normie\outlook\analyze\mail\emails.json
2025-07-17 15:21:11 - outlook_service - INFO - __init__:170 - OutlookService initialization completed successfully
2025-07-17 15:21:11 - outlook_service - DEBUG - get_emails_data:1273 - === Loading emails data ===
2025-07-17 15:21:11 - outlook_service - INFO - get_emails_data:1280 - Found 4 folder-specific email files
2025-07-17 15:21:11 - outlook_service - DEBUG - get_emails_data:1281 - Folder files: ['emails_deleted_items.json', 'emails_drafts.json', 'emails_inbox.json', 'emails_sent_items.json']
2025-07-17 15:21:11 - outlook_service - DEBUG - _get_emails_from_multiple_files:1324 - Successfully read emails_deleted_items.json with encoding: cp1252
2025-07-17 15:21:11 - outlook_service - DEBUG - _get_emails_from_multiple_files:1364 - Loaded 5 emails from Deleted Items folder
2025-07-17 15:21:11 - outlook_service - DEBUG - _get_emails_from_multiple_files:1324 - Successfully read emails_drafts.json with encoding: utf-8
2025-07-17 15:21:11 - outlook_service - DEBUG - _get_emails_from_multiple_files:1364 - Loaded 1 emails from Drafts folder
2025-07-17 15:21:11 - outlook_service - DEBUG - _get_emails_from_multiple_files:1324 - Successfully read emails_inbox.json with encoding: cp1252
2025-07-17 15:21:11 - outlook_service - DEBUG - _get_emails_from_multiple_files:1364 - Loaded 7 emails from Inbox folder
2025-07-17 15:21:11 - outlook_service - DEBUG - _get_emails_from_multiple_files:1324 - Successfully read emails_sent_items.json with encoding: utf-8
2025-07-17 15:21:11 - outlook_service - DEBUG - _get_emails_from_multiple_files:1364 - Loaded 1 emails from Sent Items folder
2025-07-17 15:21:11 - outlook_service - DEBUG - _get_emails_from_multiple_files:1378 - Consolidated 14 emails from 4 folders
2025-07-17 15:21:14 - outlook_service - INFO - __init__:136 - === Initializing OutlookService ===
2025-07-17 15:21:14 - outlook_service - DEBUG - __init__:137 - Service initialization started at 2025-07-17 15:21:14.530076
2025-07-17 15:21:14 - outlook_service - INFO - __init__:146 - OutlookService configured for user: user1
2025-07-17 15:21:14 - outlook_service - DEBUG - __init__:147 - Base path: C:\Users\user1\Desktop\normie\outlook\analyze\mail
2025-07-17 15:21:14 - outlook_service - DEBUG - __init__:148 - Emails file: C:\Users\user1\Desktop\normie\outlook\analyze\mail\emails.json
2025-07-17 15:21:14 - outlook_service - DEBUG - __init__:149 - Data folder: C:\Users\user1\Desktop\normie\outlook\analyze\mail\data
2025-07-17 15:21:14 - outlook_service - INFO - __init__:156 - COM interface availability: True
2025-07-17 15:21:14 - outlook_service - INFO - __init__:160 - Base path exists: C:\Users\user1\Desktop\normie\outlook\analyze\mail
2025-07-17 15:21:14 - outlook_service - INFO - __init__:168 - Emails file not found: C:\Users\user1\Desktop\normie\outlook\analyze\mail\emails.json
2025-07-17 15:21:14 - outlook_service - INFO - __init__:170 - OutlookService initialization completed successfully
2025-07-17 15:21:14 - outlook_service - DEBUG - get_emails_data:1273 - === Loading emails data ===
2025-07-17 15:21:14 - outlook_service - INFO - get_emails_data:1280 - Found 4 folder-specific email files
2025-07-17 15:21:14 - outlook_service - DEBUG - get_emails_data:1281 - Folder files: ['emails_deleted_items.json', 'emails_drafts.json', 'emails_inbox.json', 'emails_sent_items.json']
2025-07-17 15:21:14 - outlook_service - DEBUG - _get_emails_from_multiple_files:1324 - Successfully read emails_deleted_items.json with encoding: cp1252
2025-07-17 15:21:14 - outlook_service - DEBUG - _get_emails_from_multiple_files:1364 - Loaded 5 emails from Deleted Items folder
2025-07-17 15:21:14 - outlook_service - DEBUG - _get_emails_from_multiple_files:1324 - Successfully read emails_drafts.json with encoding: utf-8
2025-07-17 15:21:14 - outlook_service - DEBUG - _get_emails_from_multiple_files:1364 - Loaded 1 emails from Drafts folder
2025-07-17 15:21:14 - outlook_service - DEBUG - _get_emails_from_multiple_files:1324 - Successfully read emails_inbox.json with encoding: cp1252
2025-07-17 15:21:14 - outlook_service - DEBUG - _get_emails_from_multiple_files:1364 - Loaded 7 emails from Inbox folder
2025-07-17 15:21:14 - outlook_service - DEBUG - _get_emails_from_multiple_files:1324 - Successfully read emails_sent_items.json with encoding: utf-8
2025-07-17 15:21:14 - outlook_service - DEBUG - _get_emails_from_multiple_files:1364 - Loaded 1 emails from Sent Items folder
2025-07-17 15:21:14 - outlook_service - DEBUG - _get_emails_from_multiple_files:1378 - Consolidated 14 emails from 4 folders
2025-07-17 15:21:21 - outlook_service - INFO - __init__:136 - === Initializing OutlookService ===
2025-07-17 15:21:21 - outlook_service - DEBUG - __init__:137 - Service initialization started at 2025-07-17 15:21:21.369711
2025-07-17 15:21:21 - outlook_service - INFO - __init__:146 - OutlookService configured for user: user1
2025-07-17 15:21:21 - outlook_service - DEBUG - __init__:147 - Base path: C:\Users\user1\Desktop\normie\outlook\analyze\mail
2025-07-17 15:21:21 - outlook_service - DEBUG - __init__:148 - Emails file: C:\Users\user1\Desktop\normie\outlook\analyze\mail\emails.json
2025-07-17 15:21:21 - outlook_service - DEBUG - __init__:149 - Data folder: C:\Users\user1\Desktop\normie\outlook\analyze\mail\data
2025-07-17 15:21:21 - outlook_service - INFO - __init__:156 - COM interface availability: True
2025-07-17 15:21:21 - outlook_service - INFO - __init__:160 - Base path exists: C:\Users\user1\Desktop\normie\outlook\analyze\mail
2025-07-17 15:21:21 - outlook_service - INFO - __init__:168 - Emails file not found: C:\Users\user1\Desktop\normie\outlook\analyze\mail\emails.json
2025-07-17 15:21:21 - outlook_service - INFO - __init__:170 - OutlookService initialization completed successfully
2025-07-17 15:21:21 - outlook_service - DEBUG - get_emails_data:1273 - === Loading emails data ===
2025-07-17 15:21:21 - outlook_service - INFO - get_emails_data:1280 - Found 4 folder-specific email files
2025-07-17 15:21:21 - outlook_service - DEBUG - get_emails_data:1281 - Folder files: ['emails_deleted_items.json', 'emails_drafts.json', 'emails_inbox.json', 'emails_sent_items.json']
2025-07-17 15:21:21 - outlook_service - DEBUG - _get_emails_from_multiple_files:1324 - Successfully read emails_deleted_items.json with encoding: cp1252
2025-07-17 15:21:21 - outlook_service - DEBUG - _get_emails_from_multiple_files:1364 - Loaded 5 emails from Deleted Items folder
2025-07-17 15:21:21 - outlook_service - DEBUG - _get_emails_from_multiple_files:1324 - Successfully read emails_drafts.json with encoding: utf-8
2025-07-17 15:21:21 - outlook_service - DEBUG - _get_emails_from_multiple_files:1364 - Loaded 1 emails from Drafts folder
2025-07-17 15:21:21 - outlook_service - DEBUG - _get_emails_from_multiple_files:1324 - Successfully read emails_inbox.json with encoding: cp1252
2025-07-17 15:21:21 - outlook_service - DEBUG - _get_emails_from_multiple_files:1364 - Loaded 7 emails from Inbox folder
2025-07-17 15:21:21 - outlook_service - DEBUG - _get_emails_from_multiple_files:1324 - Successfully read emails_sent_items.json with encoding: utf-8
2025-07-17 15:21:21 - outlook_service - DEBUG - _get_emails_from_multiple_files:1364 - Loaded 1 emails from Sent Items folder
2025-07-17 15:21:21 - outlook_service - DEBUG - _get_emails_from_multiple_files:1378 - Consolidated 14 emails from 4 folders
2025-07-17 15:21:27 - outlook_service - INFO - __init__:136 - === Initializing OutlookService ===
2025-07-17 15:21:27 - outlook_service - DEBUG - __init__:137 - Service initialization started at 2025-07-17 15:21:27.064786
2025-07-17 15:21:27 - outlook_service - INFO - __init__:146 - OutlookService configured for user: user1
2025-07-17 15:21:27 - outlook_service - DEBUG - __init__:147 - Base path: C:\Users\user1\Desktop\normie\outlook\analyze\mail
2025-07-17 15:21:27 - outlook_service - DEBUG - __init__:148 - Emails file: C:\Users\user1\Desktop\normie\outlook\analyze\mail\emails.json
2025-07-17 15:21:27 - outlook_service - DEBUG - __init__:149 - Data folder: C:\Users\user1\Desktop\normie\outlook\analyze\mail\data
2025-07-17 15:21:27 - outlook_service - INFO - __init__:156 - COM interface availability: True
2025-07-17 15:21:27 - outlook_service - INFO - __init__:160 - Base path exists: C:\Users\user1\Desktop\normie\outlook\analyze\mail
2025-07-17 15:21:27 - outlook_service - INFO - __init__:168 - Emails file not found: C:\Users\user1\Desktop\normie\outlook\analyze\mail\emails.json
2025-07-17 15:21:27 - outlook_service - INFO - __init__:170 - OutlookService initialization completed successfully
2025-07-17 15:21:27 - outlook_service - DEBUG - get_emails_data:1273 - === Loading emails data ===
2025-07-17 15:21:27 - outlook_service - INFO - get_emails_data:1280 - Found 4 folder-specific email files
2025-07-17 15:21:27 - outlook_service - DEBUG - get_emails_data:1281 - Folder files: ['emails_deleted_items.json', 'emails_drafts.json', 'emails_inbox.json', 'emails_sent_items.json']
2025-07-17 15:21:27 - outlook_service - DEBUG - _get_emails_from_multiple_files:1324 - Successfully read emails_deleted_items.json with encoding: cp1252
2025-07-17 15:21:27 - outlook_service - DEBUG - _get_emails_from_multiple_files:1364 - Loaded 5 emails from Deleted Items folder
2025-07-17 15:21:27 - outlook_service - DEBUG - _get_emails_from_multiple_files:1324 - Successfully read emails_drafts.json with encoding: utf-8
2025-07-17 15:21:27 - outlook_service - DEBUG - _get_emails_from_multiple_files:1364 - Loaded 1 emails from Drafts folder
2025-07-17 15:21:27 - outlook_service - DEBUG - _get_emails_from_multiple_files:1324 - Successfully read emails_inbox.json with encoding: cp1252
2025-07-17 15:21:27 - outlook_service - DEBUG - _get_emails_from_multiple_files:1364 - Loaded 7 emails from Inbox folder
2025-07-17 15:21:27 - outlook_service - DEBUG - _get_emails_from_multiple_files:1324 - Successfully read emails_sent_items.json with encoding: utf-8
2025-07-17 15:21:27 - outlook_service - DEBUG - _get_emails_from_multiple_files:1364 - Loaded 1 emails from Sent Items folder
2025-07-17 15:21:27 - outlook_service - DEBUG - _get_emails_from_multiple_files:1378 - Consolidated 14 emails from 4 folders
2025-07-17 15:21:27 - outlook_service - DEBUG - get_emails_list:1499 - Returning 7 emails (page 1/1)
2025-07-17 15:21:27 - outlook_service - DEBUG - get_emails_data:1273 - === Loading emails data ===
2025-07-17 15:21:27 - outlook_service - INFO - get_emails_data:1280 - Found 4 folder-specific email files
2025-07-17 15:21:27 - outlook_service - DEBUG - get_emails_data:1281 - Folder files: ['emails_deleted_items.json', 'emails_drafts.json', 'emails_inbox.json', 'emails_sent_items.json']
2025-07-17 15:21:27 - outlook_service - DEBUG - _get_emails_from_multiple_files:1324 - Successfully read emails_deleted_items.json with encoding: cp1252
2025-07-17 15:21:27 - outlook_service - DEBUG - _get_emails_from_multiple_files:1364 - Loaded 5 emails from Deleted Items folder
2025-07-17 15:21:27 - outlook_service - DEBUG - _get_emails_from_multiple_files:1324 - Successfully read emails_drafts.json with encoding: utf-8
2025-07-17 15:21:27 - outlook_service - DEBUG - _get_emails_from_multiple_files:1364 - Loaded 1 emails from Drafts folder
2025-07-17 15:21:27 - outlook_service - DEBUG - _get_emails_from_multiple_files:1324 - Successfully read emails_inbox.json with encoding: cp1252
2025-07-17 15:21:27 - outlook_service - DEBUG - _get_emails_from_multiple_files:1364 - Loaded 7 emails from Inbox folder
2025-07-17 15:21:27 - outlook_service - DEBUG - _get_emails_from_multiple_files:1324 - Successfully read emails_sent_items.json with encoding: utf-8
2025-07-17 15:21:27 - outlook_service - DEBUG - _get_emails_from_multiple_files:1364 - Loaded 1 emails from Sent Items folder
2025-07-17 15:21:27 - outlook_service - DEBUG - _get_emails_from_multiple_files:1378 - Consolidated 14 emails from 4 folders
2025-07-17 15:21:31 - outlook_service - INFO - __init__:136 - === Initializing OutlookService ===
2025-07-17 15:21:31 - outlook_service - DEBUG - __init__:137 - Service initialization started at 2025-07-17 15:21:31.857199
2025-07-17 15:21:31 - outlook_service - INFO - __init__:146 - OutlookService configured for user: user1
2025-07-17 15:21:31 - outlook_service - DEBUG - __init__:147 - Base path: C:\Users\user1\Desktop\normie\outlook\analyze\mail
2025-07-17 15:21:31 - outlook_service - DEBUG - __init__:148 - Emails file: C:\Users\user1\Desktop\normie\outlook\analyze\mail\emails.json
2025-07-17 15:21:31 - outlook_service - DEBUG - __init__:149 - Data folder: C:\Users\user1\Desktop\normie\outlook\analyze\mail\data
2025-07-17 15:21:31 - outlook_service - INFO - __init__:156 - COM interface availability: True
2025-07-17 15:21:31 - outlook_service - INFO - __init__:160 - Base path exists: C:\Users\user1\Desktop\normie\outlook\analyze\mail
2025-07-17 15:21:31 - outlook_service - INFO - __init__:168 - Emails file not found: C:\Users\user1\Desktop\normie\outlook\analyze\mail\emails.json
2025-07-17 15:21:31 - outlook_service - INFO - __init__:170 - OutlookService initialization completed successfully
2025-07-17 15:21:31 - outlook_service - DEBUG - get_emails_data:1273 - === Loading emails data ===
2025-07-17 15:21:31 - outlook_service - INFO - get_emails_data:1280 - Found 4 folder-specific email files
2025-07-17 15:21:31 - outlook_service - DEBUG - get_emails_data:1281 - Folder files: ['emails_deleted_items.json', 'emails_drafts.json', 'emails_inbox.json', 'emails_sent_items.json']
2025-07-17 15:21:31 - outlook_service - DEBUG - _get_emails_from_multiple_files:1324 - Successfully read emails_deleted_items.json with encoding: cp1252
2025-07-17 15:21:31 - outlook_service - DEBUG - _get_emails_from_multiple_files:1364 - Loaded 5 emails from Deleted Items folder
2025-07-17 15:21:31 - outlook_service - DEBUG - _get_emails_from_multiple_files:1324 - Successfully read emails_drafts.json with encoding: utf-8
2025-07-17 15:21:31 - outlook_service - DEBUG - _get_emails_from_multiple_files:1364 - Loaded 1 emails from Drafts folder
2025-07-17 15:21:31 - outlook_service - DEBUG - _get_emails_from_multiple_files:1324 - Successfully read emails_inbox.json with encoding: cp1252
2025-07-17 15:21:31 - outlook_service - DEBUG - _get_emails_from_multiple_files:1364 - Loaded 7 emails from Inbox folder
2025-07-17 15:21:31 - outlook_service - DEBUG - _get_emails_from_multiple_files:1324 - Successfully read emails_sent_items.json with encoding: utf-8
2025-07-17 15:21:31 - outlook_service - DEBUG - _get_emails_from_multiple_files:1364 - Loaded 1 emails from Sent Items folder
2025-07-17 15:21:31 - outlook_service - DEBUG - _get_emails_from_multiple_files:1378 - Consolidated 14 emails from 4 folders
2025-07-17 15:21:31 - outlook_service - DEBUG - get_emails_list:1499 - Returning 7 emails (page 1/1)
2025-07-17 15:21:31 - outlook_service - DEBUG - get_emails_data:1273 - === Loading emails data ===
2025-07-17 15:21:31 - outlook_service - INFO - get_emails_data:1280 - Found 4 folder-specific email files
2025-07-17 15:21:31 - outlook_service - DEBUG - get_emails_data:1281 - Folder files: ['emails_deleted_items.json', 'emails_drafts.json', 'emails_inbox.json', 'emails_sent_items.json']
2025-07-17 15:21:31 - outlook_service - DEBUG - _get_emails_from_multiple_files:1324 - Successfully read emails_deleted_items.json with encoding: cp1252
2025-07-17 15:21:31 - outlook_service - DEBUG - _get_emails_from_multiple_files:1364 - Loaded 5 emails from Deleted Items folder
2025-07-17 15:21:31 - outlook_service - DEBUG - _get_emails_from_multiple_files:1324 - Successfully read emails_drafts.json with encoding: utf-8
2025-07-17 15:21:31 - outlook_service - DEBUG - _get_emails_from_multiple_files:1364 - Loaded 1 emails from Drafts folder
2025-07-17 15:21:31 - outlook_service - DEBUG - _get_emails_from_multiple_files:1324 - Successfully read emails_inbox.json with encoding: cp1252
2025-07-17 15:21:31 - outlook_service - DEBUG - _get_emails_from_multiple_files:1364 - Loaded 7 emails from Inbox folder
2025-07-17 15:21:31 - outlook_service - DEBUG - _get_emails_from_multiple_files:1324 - Successfully read emails_sent_items.json with encoding: utf-8
2025-07-17 15:21:31 - outlook_service - DEBUG - _get_emails_from_multiple_files:1364 - Loaded 1 emails from Sent Items folder
2025-07-17 15:21:31 - outlook_service - DEBUG - _get_emails_from_multiple_files:1378 - Consolidated 14 emails from 4 folders
2025-07-17 15:21:31 - outlook_service - DEBUG - _initialize_com:178 - === COM Interface Initialization ===
2025-07-17 15:21:31 - outlook_service - INFO - _initialize_com:190 - Starting COM interface initialization...
2025-07-17 15:21:31 - outlook_service - DEBUG - _initialize_com:191 - Calling pythoncom.CoInitialize()
2025-07-17 15:21:31 - outlook_service - DEBUG - _initialize_com:194 - Dispatching Outlook.Application
2025-07-17 15:21:31 - outlook_service - DEBUG - _initialize_com:197 - Getting MAPI namespace
2025-07-17 15:21:31 - outlook_service - INFO - _initialize_com:201 - COM interface initialized successfully
2025-07-17 15:21:31 - outlook_service - INFO - _initialize_com:206 - Connected to Outlook version: 16.0.0.18925
2025-07-17 15:21:31 - outlook_service - DEBUG - _cleanup_com:227 - COM interface cleaned up
2025-07-17 15:21:35 - outlook_service - INFO - __init__:136 - === Initializing OutlookService ===
2025-07-17 15:21:35 - outlook_service - DEBUG - __init__:137 - Service initialization started at 2025-07-17 15:21:35.192330
2025-07-17 15:21:35 - outlook_service - INFO - __init__:146 - OutlookService configured for user: user1
2025-07-17 15:21:35 - outlook_service - DEBUG - __init__:147 - Base path: C:\Users\user1\Desktop\normie\outlook\analyze\mail
2025-07-17 15:21:35 - outlook_service - DEBUG - __init__:148 - Emails file: C:\Users\user1\Desktop\normie\outlook\analyze\mail\emails.json
2025-07-17 15:21:35 - outlook_service - DEBUG - __init__:149 - Data folder: C:\Users\user1\Desktop\normie\outlook\analyze\mail\data
2025-07-17 15:21:35 - outlook_service - INFO - __init__:156 - COM interface availability: True
2025-07-17 15:21:35 - outlook_service - INFO - __init__:160 - Base path exists: C:\Users\user1\Desktop\normie\outlook\analyze\mail
2025-07-17 15:21:35 - outlook_service - INFO - __init__:168 - Emails file not found: C:\Users\user1\Desktop\normie\outlook\analyze\mail\emails.json
2025-07-17 15:21:35 - outlook_service - INFO - __init__:170 - OutlookService initialization completed successfully
2025-07-17 15:21:35 - outlook_service - DEBUG - get_emails_data:1273 - === Loading emails data ===
2025-07-17 15:21:35 - outlook_service - INFO - get_emails_data:1280 - Found 4 folder-specific email files
2025-07-17 15:21:35 - outlook_service - DEBUG - get_emails_data:1281 - Folder files: ['emails_deleted_items.json', 'emails_drafts.json', 'emails_inbox.json', 'emails_sent_items.json']
2025-07-17 15:21:35 - outlook_service - DEBUG - _get_emails_from_multiple_files:1324 - Successfully read emails_deleted_items.json with encoding: cp1252
2025-07-17 15:21:35 - outlook_service - DEBUG - _get_emails_from_multiple_files:1364 - Loaded 5 emails from Deleted Items folder
2025-07-17 15:21:35 - outlook_service - DEBUG - _get_emails_from_multiple_files:1324 - Successfully read emails_drafts.json with encoding: utf-8
2025-07-17 15:21:35 - outlook_service - DEBUG - _get_emails_from_multiple_files:1364 - Loaded 1 emails from Drafts folder
2025-07-17 15:21:35 - outlook_service - DEBUG - _get_emails_from_multiple_files:1324 - Successfully read emails_inbox.json with encoding: cp1252
2025-07-17 15:21:35 - outlook_service - DEBUG - _get_emails_from_multiple_files:1364 - Loaded 7 emails from Inbox folder
2025-07-17 15:21:35 - outlook_service - DEBUG - _get_emails_from_multiple_files:1324 - Successfully read emails_sent_items.json with encoding: utf-8
2025-07-17 15:21:35 - outlook_service - DEBUG - _get_emails_from_multiple_files:1364 - Loaded 1 emails from Sent Items folder
2025-07-17 15:21:35 - outlook_service - DEBUG - _get_emails_from_multiple_files:1378 - Consolidated 14 emails from 4 folders
2025-07-17 15:21:52 - outlook_service - INFO - __init__:136 - === Initializing OutlookService ===
2025-07-17 15:21:52 - outlook_service - DEBUG - __init__:137 - Service initialization started at 2025-07-17 15:21:52.522963
2025-07-17 15:21:52 - outlook_service - INFO - __init__:146 - OutlookService configured for user: user1
2025-07-17 15:21:52 - outlook_service - DEBUG - __init__:147 - Base path: C:\Users\user1\Desktop\normie\outlook\analyze\mail
2025-07-17 15:21:52 - outlook_service - DEBUG - __init__:148 - Emails file: C:\Users\user1\Desktop\normie\outlook\analyze\mail\emails.json
2025-07-17 15:21:52 - outlook_service - DEBUG - __init__:149 - Data folder: C:\Users\user1\Desktop\normie\outlook\analyze\mail\data
2025-07-17 15:21:52 - outlook_service - INFO - __init__:156 - COM interface availability: True
2025-07-17 15:21:52 - outlook_service - INFO - __init__:160 - Base path exists: C:\Users\user1\Desktop\normie\outlook\analyze\mail
2025-07-17 15:21:52 - outlook_service - INFO - __init__:168 - Emails file not found: C:\Users\user1\Desktop\normie\outlook\analyze\mail\emails.json
2025-07-17 15:21:52 - outlook_service - INFO - __init__:170 - OutlookService initialization completed successfully
2025-07-17 15:21:52 - outlook_service - DEBUG - get_emails_data:1273 - === Loading emails data ===
2025-07-17 15:21:52 - outlook_service - INFO - get_emails_data:1280 - Found 4 folder-specific email files
2025-07-17 15:21:52 - outlook_service - DEBUG - get_emails_data:1281 - Folder files: ['emails_deleted_items.json', 'emails_drafts.json', 'emails_inbox.json', 'emails_sent_items.json']
2025-07-17 15:21:52 - outlook_service - DEBUG - _get_emails_from_multiple_files:1324 - Successfully read emails_deleted_items.json with encoding: cp1252
2025-07-17 15:21:52 - outlook_service - DEBUG - _get_emails_from_multiple_files:1364 - Loaded 5 emails from Deleted Items folder
2025-07-17 15:21:52 - outlook_service - DEBUG - _get_emails_from_multiple_files:1324 - Successfully read emails_drafts.json with encoding: utf-8
2025-07-17 15:21:52 - outlook_service - DEBUG - _get_emails_from_multiple_files:1364 - Loaded 1 emails from Drafts folder
2025-07-17 15:21:52 - outlook_service - DEBUG - _get_emails_from_multiple_files:1324 - Successfully read emails_inbox.json with encoding: cp1252
2025-07-17 15:21:52 - outlook_service - DEBUG - _get_emails_from_multiple_files:1364 - Loaded 7 emails from Inbox folder
2025-07-17 15:21:52 - outlook_service - DEBUG - _get_emails_from_multiple_files:1324 - Successfully read emails_sent_items.json with encoding: utf-8
2025-07-17 15:21:52 - outlook_service - DEBUG - _get_emails_from_multiple_files:1364 - Loaded 1 emails from Sent Items folder
2025-07-17 15:21:52 - outlook_service - DEBUG - _get_emails_from_multiple_files:1378 - Consolidated 14 emails from 4 folders
2025-07-17 15:21:52 - outlook_service - DEBUG - get_emails_list:1499 - Returning 7 emails (page 1/1)
2025-07-17 15:21:52 - outlook_service - DEBUG - get_emails_data:1273 - === Loading emails data ===
2025-07-17 15:21:52 - outlook_service - INFO - get_emails_data:1280 - Found 4 folder-specific email files
2025-07-17 15:21:52 - outlook_service - DEBUG - get_emails_data:1281 - Folder files: ['emails_deleted_items.json', 'emails_drafts.json', 'emails_inbox.json', 'emails_sent_items.json']
2025-07-17 15:21:52 - outlook_service - DEBUG - _get_emails_from_multiple_files:1324 - Successfully read emails_deleted_items.json with encoding: cp1252
2025-07-17 15:21:52 - outlook_service - DEBUG - _get_emails_from_multiple_files:1364 - Loaded 5 emails from Deleted Items folder
2025-07-17 15:21:52 - outlook_service - DEBUG - _get_emails_from_multiple_files:1324 - Successfully read emails_drafts.json with encoding: utf-8
2025-07-17 15:21:52 - outlook_service - DEBUG - _get_emails_from_multiple_files:1364 - Loaded 1 emails from Drafts folder
2025-07-17 15:21:52 - outlook_service - DEBUG - _get_emails_from_multiple_files:1324 - Successfully read emails_inbox.json with encoding: cp1252
2025-07-17 15:21:52 - outlook_service - DEBUG - _get_emails_from_multiple_files:1364 - Loaded 7 emails from Inbox folder
2025-07-17 15:21:52 - outlook_service - DEBUG - _get_emails_from_multiple_files:1324 - Successfully read emails_sent_items.json with encoding: utf-8
2025-07-17 15:21:52 - outlook_service - DEBUG - _get_emails_from_multiple_files:1364 - Loaded 1 emails from Sent Items folder
2025-07-17 15:21:52 - outlook_service - DEBUG - _get_emails_from_multiple_files:1378 - Consolidated 14 emails from 4 folders
2025-07-17 15:22:12 - outlook_service - INFO - __init__:136 - === Initializing OutlookService ===
2025-07-17 15:22:12 - outlook_service - DEBUG - __init__:137 - Service initialization started at 2025-07-17 15:22:12.521694
2025-07-17 15:22:12 - outlook_service - INFO - __init__:146 - OutlookService configured for user: user1
2025-07-17 15:22:12 - outlook_service - DEBUG - __init__:147 - Base path: C:\Users\user1\Desktop\normie\outlook\analyze\mail
2025-07-17 15:22:12 - outlook_service - DEBUG - __init__:148 - Emails file: C:\Users\user1\Desktop\normie\outlook\analyze\mail\emails.json
2025-07-17 15:22:12 - outlook_service - DEBUG - __init__:149 - Data folder: C:\Users\user1\Desktop\normie\outlook\analyze\mail\data
2025-07-17 15:22:12 - outlook_service - INFO - __init__:156 - COM interface availability: True
2025-07-17 15:22:12 - outlook_service - INFO - __init__:160 - Base path exists: C:\Users\user1\Desktop\normie\outlook\analyze\mail
2025-07-17 15:22:12 - outlook_service - INFO - __init__:168 - Emails file not found: C:\Users\user1\Desktop\normie\outlook\analyze\mail\emails.json
2025-07-17 15:22:12 - outlook_service - INFO - __init__:170 - OutlookService initialization completed successfully
2025-07-17 15:22:12 - outlook_service - DEBUG - get_emails_data:1273 - === Loading emails data ===
2025-07-17 15:22:12 - outlook_service - INFO - get_emails_data:1280 - Found 4 folder-specific email files
2025-07-17 15:22:12 - outlook_service - DEBUG - get_emails_data:1281 - Folder files: ['emails_deleted_items.json', 'emails_drafts.json', 'emails_inbox.json', 'emails_sent_items.json']
2025-07-17 15:22:12 - outlook_service - DEBUG - _get_emails_from_multiple_files:1324 - Successfully read emails_deleted_items.json with encoding: cp1252
2025-07-17 15:22:12 - outlook_service - DEBUG - _get_emails_from_multiple_files:1364 - Loaded 5 emails from Deleted Items folder
2025-07-17 15:22:12 - outlook_service - DEBUG - _get_emails_from_multiple_files:1324 - Successfully read emails_drafts.json with encoding: utf-8
2025-07-17 15:22:12 - outlook_service - DEBUG - _get_emails_from_multiple_files:1364 - Loaded 1 emails from Drafts folder
2025-07-17 15:22:12 - outlook_service - DEBUG - _get_emails_from_multiple_files:1324 - Successfully read emails_inbox.json with encoding: cp1252
2025-07-17 15:22:12 - outlook_service - DEBUG - _get_emails_from_multiple_files:1364 - Loaded 7 emails from Inbox folder
2025-07-17 15:22:12 - outlook_service - DEBUG - _get_emails_from_multiple_files:1324 - Successfully read emails_sent_items.json with encoding: utf-8
2025-07-17 15:22:12 - outlook_service - DEBUG - _get_emails_from_multiple_files:1364 - Loaded 1 emails from Sent Items folder
2025-07-17 15:22:12 - outlook_service - DEBUG - _get_emails_from_multiple_files:1378 - Consolidated 14 emails from 4 folders
2025-07-17 15:22:12 - outlook_service - DEBUG - get_emails_list:1499 - Returning 7 emails (page 1/1)
2025-07-17 15:22:12 - outlook_service - DEBUG - get_emails_data:1273 - === Loading emails data ===
2025-07-17 15:22:12 - outlook_service - INFO - get_emails_data:1280 - Found 4 folder-specific email files
2025-07-17 15:22:12 - outlook_service - DEBUG - get_emails_data:1281 - Folder files: ['emails_deleted_items.json', 'emails_drafts.json', 'emails_inbox.json', 'emails_sent_items.json']
2025-07-17 15:22:12 - outlook_service - DEBUG - _get_emails_from_multiple_files:1324 - Successfully read emails_deleted_items.json with encoding: cp1252
2025-07-17 15:22:12 - outlook_service - DEBUG - _get_emails_from_multiple_files:1364 - Loaded 5 emails from Deleted Items folder
2025-07-17 15:22:12 - outlook_service - DEBUG - _get_emails_from_multiple_files:1324 - Successfully read emails_drafts.json with encoding: utf-8
2025-07-17 15:22:12 - outlook_service - DEBUG - _get_emails_from_multiple_files:1364 - Loaded 1 emails from Drafts folder
2025-07-17 15:22:12 - outlook_service - DEBUG - _get_emails_from_multiple_files:1324 - Successfully read emails_inbox.json with encoding: cp1252
2025-07-17 15:22:12 - outlook_service - DEBUG - _get_emails_from_multiple_files:1364 - Loaded 7 emails from Inbox folder
2025-07-17 15:22:12 - outlook_service - DEBUG - _get_emails_from_multiple_files:1324 - Successfully read emails_sent_items.json with encoding: utf-8
2025-07-17 15:22:12 - outlook_service - DEBUG - _get_emails_from_multiple_files:1364 - Loaded 1 emails from Sent Items folder
2025-07-17 15:22:12 - outlook_service - DEBUG - _get_emails_from_multiple_files:1378 - Consolidated 14 emails from 4 folders
2025-07-17 15:22:32 - outlook_service - INFO - __init__:136 - === Initializing OutlookService ===
2025-07-17 15:22:32 - outlook_service - DEBUG - __init__:137 - Service initialization started at 2025-07-17 15:22:32.523421
2025-07-17 15:22:32 - outlook_service - INFO - __init__:146 - OutlookService configured for user: user1
2025-07-17 15:22:32 - outlook_service - DEBUG - __init__:147 - Base path: C:\Users\user1\Desktop\normie\outlook\analyze\mail
2025-07-17 15:22:32 - outlook_service - DEBUG - __init__:148 - Emails file: C:\Users\user1\Desktop\normie\outlook\analyze\mail\emails.json
2025-07-17 15:22:32 - outlook_service - DEBUG - __init__:149 - Data folder: C:\Users\user1\Desktop\normie\outlook\analyze\mail\data
2025-07-17 15:22:32 - outlook_service - INFO - __init__:156 - COM interface availability: True
2025-07-17 15:22:32 - outlook_service - INFO - __init__:160 - Base path exists: C:\Users\user1\Desktop\normie\outlook\analyze\mail
2025-07-17 15:22:32 - outlook_service - INFO - __init__:168 - Emails file not found: C:\Users\user1\Desktop\normie\outlook\analyze\mail\emails.json
2025-07-17 15:22:32 - outlook_service - INFO - __init__:170 - OutlookService initialization completed successfully
2025-07-17 15:22:32 - outlook_service - DEBUG - get_emails_data:1273 - === Loading emails data ===
2025-07-17 15:22:32 - outlook_service - INFO - get_emails_data:1280 - Found 4 folder-specific email files
2025-07-17 15:22:32 - outlook_service - DEBUG - get_emails_data:1281 - Folder files: ['emails_deleted_items.json', 'emails_drafts.json', 'emails_inbox.json', 'emails_sent_items.json']
2025-07-17 15:22:32 - outlook_service - DEBUG - _get_emails_from_multiple_files:1324 - Successfully read emails_deleted_items.json with encoding: cp1252
2025-07-17 15:22:32 - outlook_service - DEBUG - _get_emails_from_multiple_files:1364 - Loaded 5 emails from Deleted Items folder
2025-07-17 15:22:32 - outlook_service - DEBUG - _get_emails_from_multiple_files:1324 - Successfully read emails_drafts.json with encoding: utf-8
2025-07-17 15:22:32 - outlook_service - DEBUG - _get_emails_from_multiple_files:1364 - Loaded 1 emails from Drafts folder
2025-07-17 15:22:32 - outlook_service - DEBUG - _get_emails_from_multiple_files:1324 - Successfully read emails_inbox.json with encoding: cp1252
2025-07-17 15:22:32 - outlook_service - DEBUG - _get_emails_from_multiple_files:1364 - Loaded 7 emails from Inbox folder
2025-07-17 15:22:32 - outlook_service - DEBUG - _get_emails_from_multiple_files:1324 - Successfully read emails_sent_items.json with encoding: utf-8
2025-07-17 15:22:32 - outlook_service - DEBUG - _get_emails_from_multiple_files:1364 - Loaded 1 emails from Sent Items folder
2025-07-17 15:22:32 - outlook_service - DEBUG - _get_emails_from_multiple_files:1378 - Consolidated 14 emails from 4 folders
2025-07-17 15:22:32 - outlook_service - DEBUG - get_emails_list:1499 - Returning 7 emails (page 1/1)
2025-07-17 15:22:32 - outlook_service - DEBUG - get_emails_data:1273 - === Loading emails data ===
2025-07-17 15:22:32 - outlook_service - INFO - get_emails_data:1280 - Found 4 folder-specific email files
2025-07-17 15:22:32 - outlook_service - DEBUG - get_emails_data:1281 - Folder files: ['emails_deleted_items.json', 'emails_drafts.json', 'emails_inbox.json', 'emails_sent_items.json']
2025-07-17 15:22:32 - outlook_service - DEBUG - _get_emails_from_multiple_files:1324 - Successfully read emails_deleted_items.json with encoding: cp1252
2025-07-17 15:22:32 - outlook_service - DEBUG - _get_emails_from_multiple_files:1364 - Loaded 5 emails from Deleted Items folder
2025-07-17 15:22:32 - outlook_service - DEBUG - _get_emails_from_multiple_files:1324 - Successfully read emails_drafts.json with encoding: utf-8
2025-07-17 15:22:32 - outlook_service - DEBUG - _get_emails_from_multiple_files:1364 - Loaded 1 emails from Drafts folder
2025-07-17 15:22:32 - outlook_service - DEBUG - _get_emails_from_multiple_files:1324 - Successfully read emails_inbox.json with encoding: cp1252
2025-07-17 15:22:32 - outlook_service - DEBUG - _get_emails_from_multiple_files:1364 - Loaded 7 emails from Inbox folder
2025-07-17 15:22:32 - outlook_service - DEBUG - _get_emails_from_multiple_files:1324 - Successfully read emails_sent_items.json with encoding: utf-8
2025-07-17 15:22:32 - outlook_service - DEBUG - _get_emails_from_multiple_files:1364 - Loaded 1 emails from Sent Items folder
2025-07-17 15:22:32 - outlook_service - DEBUG - _get_emails_from_multiple_files:1378 - Consolidated 14 emails from 4 folders
2025-07-17 15:22:52 - outlook_service - INFO - __init__:136 - === Initializing OutlookService ===
2025-07-17 15:22:52 - outlook_service - DEBUG - __init__:137 - Service initialization started at 2025-07-17 15:22:52.536124
2025-07-17 15:22:52 - outlook_service - INFO - __init__:146 - OutlookService configured for user: user1
2025-07-17 15:22:52 - outlook_service - DEBUG - __init__:147 - Base path: C:\Users\user1\Desktop\normie\outlook\analyze\mail
2025-07-17 15:22:52 - outlook_service - DEBUG - __init__:148 - Emails file: C:\Users\user1\Desktop\normie\outlook\analyze\mail\emails.json
2025-07-17 15:22:52 - outlook_service - DEBUG - __init__:149 - Data folder: C:\Users\user1\Desktop\normie\outlook\analyze\mail\data
2025-07-17 15:22:52 - outlook_service - INFO - __init__:156 - COM interface availability: True
2025-07-17 15:22:52 - outlook_service - INFO - __init__:160 - Base path exists: C:\Users\user1\Desktop\normie\outlook\analyze\mail
2025-07-17 15:22:52 - outlook_service - INFO - __init__:168 - Emails file not found: C:\Users\user1\Desktop\normie\outlook\analyze\mail\emails.json
2025-07-17 15:22:52 - outlook_service - INFO - __init__:170 - OutlookService initialization completed successfully
2025-07-17 15:22:52 - outlook_service - DEBUG - get_emails_data:1273 - === Loading emails data ===
2025-07-17 15:22:52 - outlook_service - INFO - get_emails_data:1280 - Found 4 folder-specific email files
2025-07-17 15:22:52 - outlook_service - DEBUG - get_emails_data:1281 - Folder files: ['emails_deleted_items.json', 'emails_drafts.json', 'emails_inbox.json', 'emails_sent_items.json']
2025-07-17 15:22:52 - outlook_service - DEBUG - _get_emails_from_multiple_files:1324 - Successfully read emails_deleted_items.json with encoding: cp1252
2025-07-17 15:22:52 - outlook_service - DEBUG - _get_emails_from_multiple_files:1364 - Loaded 5 emails from Deleted Items folder
2025-07-17 15:22:52 - outlook_service - DEBUG - _get_emails_from_multiple_files:1324 - Successfully read emails_drafts.json with encoding: utf-8
2025-07-17 15:22:52 - outlook_service - DEBUG - _get_emails_from_multiple_files:1364 - Loaded 1 emails from Drafts folder
2025-07-17 15:22:52 - outlook_service - DEBUG - _get_emails_from_multiple_files:1324 - Successfully read emails_inbox.json with encoding: cp1252
2025-07-17 15:22:52 - outlook_service - DEBUG - _get_emails_from_multiple_files:1364 - Loaded 7 emails from Inbox folder
2025-07-17 15:22:52 - outlook_service - DEBUG - _get_emails_from_multiple_files:1324 - Successfully read emails_sent_items.json with encoding: utf-8
2025-07-17 15:22:52 - outlook_service - DEBUG - _get_emails_from_multiple_files:1364 - Loaded 1 emails from Sent Items folder
2025-07-17 15:22:52 - outlook_service - DEBUG - _get_emails_from_multiple_files:1378 - Consolidated 14 emails from 4 folders
2025-07-17 15:22:52 - outlook_service - DEBUG - get_emails_list:1499 - Returning 7 emails (page 1/1)
2025-07-17 15:22:52 - outlook_service - DEBUG - get_emails_data:1273 - === Loading emails data ===
2025-07-17 15:22:52 - outlook_service - INFO - get_emails_data:1280 - Found 4 folder-specific email files
2025-07-17 15:22:52 - outlook_service - DEBUG - get_emails_data:1281 - Folder files: ['emails_deleted_items.json', 'emails_drafts.json', 'emails_inbox.json', 'emails_sent_items.json']
2025-07-17 15:22:52 - outlook_service - DEBUG - _get_emails_from_multiple_files:1324 - Successfully read emails_deleted_items.json with encoding: cp1252
2025-07-17 15:22:52 - outlook_service - DEBUG - _get_emails_from_multiple_files:1364 - Loaded 5 emails from Deleted Items folder
2025-07-17 15:22:52 - outlook_service - DEBUG - _get_emails_from_multiple_files:1324 - Successfully read emails_drafts.json with encoding: utf-8
2025-07-17 15:22:52 - outlook_service - DEBUG - _get_emails_from_multiple_files:1364 - Loaded 1 emails from Drafts folder
2025-07-17 15:22:52 - outlook_service - DEBUG - _get_emails_from_multiple_files:1324 - Successfully read emails_inbox.json with encoding: cp1252
2025-07-17 15:22:52 - outlook_service - DEBUG - _get_emails_from_multiple_files:1364 - Loaded 7 emails from Inbox folder
2025-07-17 15:22:52 - outlook_service - DEBUG - _get_emails_from_multiple_files:1324 - Successfully read emails_sent_items.json with encoding: utf-8
2025-07-17 15:22:52 - outlook_service - DEBUG - _get_emails_from_multiple_files:1364 - Loaded 1 emails from Sent Items folder
2025-07-17 15:22:52 - outlook_service - DEBUG - _get_emails_from_multiple_files:1378 - Consolidated 14 emails from 4 folders
2025-07-17 15:23:12 - outlook_service - INFO - __init__:136 - === Initializing OutlookService ===
2025-07-17 15:23:12 - outlook_service - DEBUG - __init__:137 - Service initialization started at 2025-07-17 15:23:12.529452
2025-07-17 15:23:12 - outlook_service - INFO - __init__:146 - OutlookService configured for user: user1
2025-07-17 15:23:12 - outlook_service - DEBUG - __init__:147 - Base path: C:\Users\user1\Desktop\normie\outlook\analyze\mail
2025-07-17 15:23:12 - outlook_service - DEBUG - __init__:148 - Emails file: C:\Users\user1\Desktop\normie\outlook\analyze\mail\emails.json
2025-07-17 15:23:12 - outlook_service - DEBUG - __init__:149 - Data folder: C:\Users\user1\Desktop\normie\outlook\analyze\mail\data
2025-07-17 15:23:12 - outlook_service - INFO - __init__:156 - COM interface availability: True
2025-07-17 15:23:12 - outlook_service - INFO - __init__:160 - Base path exists: C:\Users\user1\Desktop\normie\outlook\analyze\mail
2025-07-17 15:23:12 - outlook_service - INFO - __init__:168 - Emails file not found: C:\Users\user1\Desktop\normie\outlook\analyze\mail\emails.json
2025-07-17 15:23:12 - outlook_service - INFO - __init__:170 - OutlookService initialization completed successfully
2025-07-17 15:23:12 - outlook_service - DEBUG - get_emails_data:1273 - === Loading emails data ===
2025-07-17 15:23:12 - outlook_service - INFO - get_emails_data:1280 - Found 4 folder-specific email files
2025-07-17 15:23:12 - outlook_service - DEBUG - get_emails_data:1281 - Folder files: ['emails_deleted_items.json', 'emails_drafts.json', 'emails_inbox.json', 'emails_sent_items.json']
2025-07-17 15:23:12 - outlook_service - DEBUG - _get_emails_from_multiple_files:1324 - Successfully read emails_deleted_items.json with encoding: cp1252
2025-07-17 15:23:12 - outlook_service - DEBUG - _get_emails_from_multiple_files:1364 - Loaded 5 emails from Deleted Items folder
2025-07-17 15:23:12 - outlook_service - DEBUG - _get_emails_from_multiple_files:1324 - Successfully read emails_drafts.json with encoding: utf-8
2025-07-17 15:23:12 - outlook_service - DEBUG - _get_emails_from_multiple_files:1364 - Loaded 1 emails from Drafts folder
2025-07-17 15:23:12 - outlook_service - DEBUG - _get_emails_from_multiple_files:1324 - Successfully read emails_inbox.json with encoding: cp1252
2025-07-17 15:23:12 - outlook_service - DEBUG - _get_emails_from_multiple_files:1364 - Loaded 7 emails from Inbox folder
2025-07-17 15:23:12 - outlook_service - DEBUG - _get_emails_from_multiple_files:1324 - Successfully read emails_sent_items.json with encoding: utf-8
2025-07-17 15:23:12 - outlook_service - DEBUG - _get_emails_from_multiple_files:1364 - Loaded 1 emails from Sent Items folder
2025-07-17 15:23:12 - outlook_service - DEBUG - _get_emails_from_multiple_files:1378 - Consolidated 14 emails from 4 folders
2025-07-17 15:23:12 - outlook_service - DEBUG - get_emails_list:1499 - Returning 7 emails (page 1/1)
2025-07-17 15:23:12 - outlook_service - DEBUG - get_emails_data:1273 - === Loading emails data ===
2025-07-17 15:23:12 - outlook_service - INFO - get_emails_data:1280 - Found 4 folder-specific email files
2025-07-17 15:23:12 - outlook_service - DEBUG - get_emails_data:1281 - Folder files: ['emails_deleted_items.json', 'emails_drafts.json', 'emails_inbox.json', 'emails_sent_items.json']
2025-07-17 15:23:12 - outlook_service - DEBUG - _get_emails_from_multiple_files:1324 - Successfully read emails_deleted_items.json with encoding: cp1252
2025-07-17 15:23:12 - outlook_service - DEBUG - _get_emails_from_multiple_files:1364 - Loaded 5 emails from Deleted Items folder
2025-07-17 15:23:12 - outlook_service - DEBUG - _get_emails_from_multiple_files:1324 - Successfully read emails_drafts.json with encoding: utf-8
2025-07-17 15:23:12 - outlook_service - DEBUG - _get_emails_from_multiple_files:1364 - Loaded 1 emails from Drafts folder
2025-07-17 15:23:12 - outlook_service - DEBUG - _get_emails_from_multiple_files:1324 - Successfully read emails_inbox.json with encoding: cp1252
2025-07-17 15:23:12 - outlook_service - DEBUG - _get_emails_from_multiple_files:1364 - Loaded 7 emails from Inbox folder
2025-07-17 15:23:12 - outlook_service - DEBUG - _get_emails_from_multiple_files:1324 - Successfully read emails_sent_items.json with encoding: utf-8
2025-07-17 15:23:12 - outlook_service - DEBUG - _get_emails_from_multiple_files:1364 - Loaded 1 emails from Sent Items folder
2025-07-17 15:23:12 - outlook_service - DEBUG - _get_emails_from_multiple_files:1378 - Consolidated 14 emails from 4 folders
2025-07-17 15:23:32 - outlook_service - INFO - __init__:136 - === Initializing OutlookService ===
2025-07-17 15:23:32 - outlook_service - DEBUG - __init__:137 - Service initialization started at 2025-07-17 15:23:32.520598
2025-07-17 15:23:32 - outlook_service - INFO - __init__:146 - OutlookService configured for user: user1
2025-07-17 15:23:32 - outlook_service - DEBUG - __init__:147 - Base path: C:\Users\user1\Desktop\normie\outlook\analyze\mail
2025-07-17 15:23:32 - outlook_service - DEBUG - __init__:148 - Emails file: C:\Users\user1\Desktop\normie\outlook\analyze\mail\emails.json
2025-07-17 15:23:32 - outlook_service - DEBUG - __init__:149 - Data folder: C:\Users\user1\Desktop\normie\outlook\analyze\mail\data
2025-07-17 15:23:32 - outlook_service - INFO - __init__:156 - COM interface availability: True
2025-07-17 15:23:32 - outlook_service - INFO - __init__:160 - Base path exists: C:\Users\user1\Desktop\normie\outlook\analyze\mail
2025-07-17 15:23:32 - outlook_service - INFO - __init__:168 - Emails file not found: C:\Users\user1\Desktop\normie\outlook\analyze\mail\emails.json
2025-07-17 15:23:32 - outlook_service - INFO - __init__:170 - OutlookService initialization completed successfully
2025-07-17 15:23:32 - outlook_service - DEBUG - get_emails_data:1273 - === Loading emails data ===
2025-07-17 15:23:32 - outlook_service - INFO - get_emails_data:1280 - Found 4 folder-specific email files
2025-07-17 15:23:32 - outlook_service - DEBUG - get_emails_data:1281 - Folder files: ['emails_deleted_items.json', 'emails_drafts.json', 'emails_inbox.json', 'emails_sent_items.json']
2025-07-17 15:23:32 - outlook_service - DEBUG - _get_emails_from_multiple_files:1324 - Successfully read emails_deleted_items.json with encoding: cp1252
2025-07-17 15:23:32 - outlook_service - DEBUG - _get_emails_from_multiple_files:1364 - Loaded 5 emails from Deleted Items folder
2025-07-17 15:23:32 - outlook_service - DEBUG - _get_emails_from_multiple_files:1324 - Successfully read emails_drafts.json with encoding: utf-8
2025-07-17 15:23:32 - outlook_service - DEBUG - _get_emails_from_multiple_files:1364 - Loaded 1 emails from Drafts folder
2025-07-17 15:23:32 - outlook_service - DEBUG - _get_emails_from_multiple_files:1324 - Successfully read emails_inbox.json with encoding: cp1252
2025-07-17 15:23:32 - outlook_service - DEBUG - _get_emails_from_multiple_files:1364 - Loaded 7 emails from Inbox folder
2025-07-17 15:23:32 - outlook_service - DEBUG - _get_emails_from_multiple_files:1324 - Successfully read emails_sent_items.json with encoding: utf-8
2025-07-17 15:23:32 - outlook_service - DEBUG - _get_emails_from_multiple_files:1364 - Loaded 1 emails from Sent Items folder
2025-07-17 15:23:32 - outlook_service - DEBUG - _get_emails_from_multiple_files:1378 - Consolidated 14 emails from 4 folders
2025-07-17 15:23:32 - outlook_service - DEBUG - get_emails_list:1499 - Returning 7 emails (page 1/1)
2025-07-17 15:23:32 - outlook_service - DEBUG - get_emails_data:1273 - === Loading emails data ===
2025-07-17 15:23:32 - outlook_service - INFO - get_emails_data:1280 - Found 4 folder-specific email files
2025-07-17 15:23:32 - outlook_service - DEBUG - get_emails_data:1281 - Folder files: ['emails_deleted_items.json', 'emails_drafts.json', 'emails_inbox.json', 'emails_sent_items.json']
2025-07-17 15:23:32 - outlook_service - DEBUG - _get_emails_from_multiple_files:1324 - Successfully read emails_deleted_items.json with encoding: cp1252
2025-07-17 15:23:32 - outlook_service - DEBUG - _get_emails_from_multiple_files:1364 - Loaded 5 emails from Deleted Items folder
2025-07-17 15:23:32 - outlook_service - DEBUG - _get_emails_from_multiple_files:1324 - Successfully read emails_drafts.json with encoding: utf-8
2025-07-17 15:23:32 - outlook_service - DEBUG - _get_emails_from_multiple_files:1364 - Loaded 1 emails from Drafts folder
2025-07-17 15:23:32 - outlook_service - DEBUG - _get_emails_from_multiple_files:1324 - Successfully read emails_inbox.json with encoding: cp1252
2025-07-17 15:23:32 - outlook_service - DEBUG - _get_emails_from_multiple_files:1364 - Loaded 7 emails from Inbox folder
2025-07-17 15:23:32 - outlook_service - DEBUG - _get_emails_from_multiple_files:1324 - Successfully read emails_sent_items.json with encoding: utf-8
2025-07-17 15:23:32 - outlook_service - DEBUG - _get_emails_from_multiple_files:1364 - Loaded 1 emails from Sent Items folder
2025-07-17 15:23:32 - outlook_service - DEBUG - _get_emails_from_multiple_files:1378 - Consolidated 14 emails from 4 folders
2025-07-17 15:24:29 - outlook_service - INFO - __init__:136 - === Initializing OutlookService ===
2025-07-17 15:24:29 - outlook_service - DEBUG - __init__:137 - Service initialization started at 2025-07-17 15:24:29.535321
2025-07-17 15:24:29 - outlook_service - INFO - __init__:146 - OutlookService configured for user: user1
2025-07-17 15:24:29 - outlook_service - DEBUG - __init__:147 - Base path: C:\Users\user1\Desktop\normie\outlook\analyze\mail
2025-07-17 15:24:29 - outlook_service - DEBUG - __init__:148 - Emails file: C:\Users\user1\Desktop\normie\outlook\analyze\mail\emails.json
2025-07-17 15:24:29 - outlook_service - DEBUG - __init__:149 - Data folder: C:\Users\user1\Desktop\normie\outlook\analyze\mail\data
2025-07-17 15:24:29 - outlook_service - INFO - __init__:156 - COM interface availability: True
2025-07-17 15:24:29 - outlook_service - INFO - __init__:160 - Base path exists: C:\Users\user1\Desktop\normie\outlook\analyze\mail
2025-07-17 15:24:29 - outlook_service - INFO - __init__:168 - Emails file not found: C:\Users\user1\Desktop\normie\outlook\analyze\mail\emails.json
2025-07-17 15:24:29 - outlook_service - INFO - __init__:170 - OutlookService initialization completed successfully
2025-07-17 15:24:29 - outlook_service - DEBUG - get_emails_data:1273 - === Loading emails data ===
2025-07-17 15:24:29 - outlook_service - INFO - get_emails_data:1280 - Found 4 folder-specific email files
2025-07-17 15:24:29 - outlook_service - DEBUG - get_emails_data:1281 - Folder files: ['emails_deleted_items.json', 'emails_drafts.json', 'emails_inbox.json', 'emails_sent_items.json']
2025-07-17 15:24:29 - outlook_service - DEBUG - _get_emails_from_multiple_files:1324 - Successfully read emails_deleted_items.json with encoding: cp1252
2025-07-17 15:24:29 - outlook_service - DEBUG - _get_emails_from_multiple_files:1364 - Loaded 5 emails from Deleted Items folder
2025-07-17 15:24:29 - outlook_service - DEBUG - _get_emails_from_multiple_files:1324 - Successfully read emails_drafts.json with encoding: utf-8
2025-07-17 15:24:29 - outlook_service - DEBUG - _get_emails_from_multiple_files:1364 - Loaded 1 emails from Drafts folder
2025-07-17 15:24:29 - outlook_service - DEBUG - _get_emails_from_multiple_files:1324 - Successfully read emails_inbox.json with encoding: cp1252
2025-07-17 15:24:29 - outlook_service - DEBUG - _get_emails_from_multiple_files:1364 - Loaded 7 emails from Inbox folder
2025-07-17 15:24:29 - outlook_service - DEBUG - _get_emails_from_multiple_files:1324 - Successfully read emails_sent_items.json with encoding: utf-8
2025-07-17 15:24:29 - outlook_service - DEBUG - _get_emails_from_multiple_files:1364 - Loaded 1 emails from Sent Items folder
2025-07-17 15:24:29 - outlook_service - DEBUG - _get_emails_from_multiple_files:1378 - Consolidated 14 emails from 4 folders
2025-07-17 15:24:29 - outlook_service - DEBUG - get_emails_list:1499 - Returning 7 emails (page 1/1)
2025-07-17 15:24:29 - outlook_service - DEBUG - get_emails_data:1273 - === Loading emails data ===
2025-07-17 15:24:29 - outlook_service - INFO - get_emails_data:1280 - Found 4 folder-specific email files
2025-07-17 15:24:29 - outlook_service - DEBUG - get_emails_data:1281 - Folder files: ['emails_deleted_items.json', 'emails_drafts.json', 'emails_inbox.json', 'emails_sent_items.json']
2025-07-17 15:24:29 - outlook_service - DEBUG - _get_emails_from_multiple_files:1324 - Successfully read emails_deleted_items.json with encoding: cp1252
2025-07-17 15:24:29 - outlook_service - DEBUG - _get_emails_from_multiple_files:1364 - Loaded 5 emails from Deleted Items folder
2025-07-17 15:24:29 - outlook_service - DEBUG - _get_emails_from_multiple_files:1324 - Successfully read emails_drafts.json with encoding: utf-8
2025-07-17 15:24:29 - outlook_service - DEBUG - _get_emails_from_multiple_files:1364 - Loaded 1 emails from Drafts folder
2025-07-17 15:24:29 - outlook_service - DEBUG - _get_emails_from_multiple_files:1324 - Successfully read emails_inbox.json with encoding: cp1252
2025-07-17 15:24:29 - outlook_service - DEBUG - _get_emails_from_multiple_files:1364 - Loaded 7 emails from Inbox folder
2025-07-17 15:24:29 - outlook_service - DEBUG - _get_emails_from_multiple_files:1324 - Successfully read emails_sent_items.json with encoding: utf-8
2025-07-17 15:24:29 - outlook_service - DEBUG - _get_emails_from_multiple_files:1364 - Loaded 1 emails from Sent Items folder
2025-07-17 15:24:29 - outlook_service - DEBUG - _get_emails_from_multiple_files:1378 - Consolidated 14 emails from 4 folders
2025-07-17 15:25:29 - outlook_service - INFO - __init__:136 - === Initializing OutlookService ===
2025-07-17 15:25:29 - outlook_service - DEBUG - __init__:137 - Service initialization started at 2025-07-17 15:25:29.525682
2025-07-17 15:25:29 - outlook_service - INFO - __init__:146 - OutlookService configured for user: user1
2025-07-17 15:25:29 - outlook_service - DEBUG - __init__:147 - Base path: C:\Users\user1\Desktop\normie\outlook\analyze\mail
2025-07-17 15:25:29 - outlook_service - DEBUG - __init__:148 - Emails file: C:\Users\user1\Desktop\normie\outlook\analyze\mail\emails.json
2025-07-17 15:25:29 - outlook_service - DEBUG - __init__:149 - Data folder: C:\Users\user1\Desktop\normie\outlook\analyze\mail\data
2025-07-17 15:25:29 - outlook_service - INFO - __init__:156 - COM interface availability: True
2025-07-17 15:25:29 - outlook_service - INFO - __init__:160 - Base path exists: C:\Users\user1\Desktop\normie\outlook\analyze\mail
2025-07-17 15:25:29 - outlook_service - INFO - __init__:168 - Emails file not found: C:\Users\user1\Desktop\normie\outlook\analyze\mail\emails.json
2025-07-17 15:25:29 - outlook_service - INFO - __init__:170 - OutlookService initialization completed successfully
2025-07-17 15:25:29 - outlook_service - DEBUG - get_emails_data:1273 - === Loading emails data ===
2025-07-17 15:25:29 - outlook_service - INFO - get_emails_data:1280 - Found 4 folder-specific email files
2025-07-17 15:25:29 - outlook_service - DEBUG - get_emails_data:1281 - Folder files: ['emails_deleted_items.json', 'emails_drafts.json', 'emails_inbox.json', 'emails_sent_items.json']
2025-07-17 15:25:29 - outlook_service - DEBUG - _get_emails_from_multiple_files:1324 - Successfully read emails_deleted_items.json with encoding: cp1252
2025-07-17 15:25:29 - outlook_service - DEBUG - _get_emails_from_multiple_files:1364 - Loaded 5 emails from Deleted Items folder
2025-07-17 15:25:29 - outlook_service - DEBUG - _get_emails_from_multiple_files:1324 - Successfully read emails_drafts.json with encoding: utf-8
2025-07-17 15:25:29 - outlook_service - DEBUG - _get_emails_from_multiple_files:1364 - Loaded 1 emails from Drafts folder
2025-07-17 15:25:29 - outlook_service - DEBUG - _get_emails_from_multiple_files:1324 - Successfully read emails_inbox.json with encoding: cp1252
2025-07-17 15:25:29 - outlook_service - DEBUG - _get_emails_from_multiple_files:1364 - Loaded 7 emails from Inbox folder
2025-07-17 15:25:29 - outlook_service - DEBUG - _get_emails_from_multiple_files:1324 - Successfully read emails_sent_items.json with encoding: utf-8
2025-07-17 15:25:29 - outlook_service - DEBUG - _get_emails_from_multiple_files:1364 - Loaded 1 emails from Sent Items folder
2025-07-17 15:25:29 - outlook_service - DEBUG - _get_emails_from_multiple_files:1378 - Consolidated 14 emails from 4 folders
2025-07-17 15:25:29 - outlook_service - DEBUG - get_emails_list:1499 - Returning 7 emails (page 1/1)
2025-07-17 15:25:29 - outlook_service - DEBUG - get_emails_data:1273 - === Loading emails data ===
2025-07-17 15:25:29 - outlook_service - INFO - get_emails_data:1280 - Found 4 folder-specific email files
2025-07-17 15:25:29 - outlook_service - DEBUG - get_emails_data:1281 - Folder files: ['emails_deleted_items.json', 'emails_drafts.json', 'emails_inbox.json', 'emails_sent_items.json']
2025-07-17 15:25:29 - outlook_service - DEBUG - _get_emails_from_multiple_files:1324 - Successfully read emails_deleted_items.json with encoding: cp1252
2025-07-17 15:25:29 - outlook_service - DEBUG - _get_emails_from_multiple_files:1364 - Loaded 5 emails from Deleted Items folder
2025-07-17 15:25:29 - outlook_service - DEBUG - _get_emails_from_multiple_files:1324 - Successfully read emails_drafts.json with encoding: utf-8
2025-07-17 15:25:29 - outlook_service - DEBUG - _get_emails_from_multiple_files:1364 - Loaded 1 emails from Drafts folder
2025-07-17 15:25:29 - outlook_service - DEBUG - _get_emails_from_multiple_files:1324 - Successfully read emails_inbox.json with encoding: cp1252
2025-07-17 15:25:29 - outlook_service - DEBUG - _get_emails_from_multiple_files:1364 - Loaded 7 emails from Inbox folder
2025-07-17 15:25:29 - outlook_service - DEBUG - _get_emails_from_multiple_files:1324 - Successfully read emails_sent_items.json with encoding: utf-8
2025-07-17 15:25:29 - outlook_service - DEBUG - _get_emails_from_multiple_files:1364 - Loaded 1 emails from Sent Items folder
2025-07-17 15:25:29 - outlook_service - DEBUG - _get_emails_from_multiple_files:1378 - Consolidated 14 emails from 4 folders
2025-07-17 15:26:29 - outlook_service - INFO - __init__:136 - === Initializing OutlookService ===
2025-07-17 15:26:29 - outlook_service - DEBUG - __init__:137 - Service initialization started at 2025-07-17 15:26:29.523774
2025-07-17 15:26:29 - outlook_service - INFO - __init__:146 - OutlookService configured for user: user1
2025-07-17 15:26:29 - outlook_service - DEBUG - __init__:147 - Base path: C:\Users\user1\Desktop\normie\outlook\analyze\mail
2025-07-17 15:26:29 - outlook_service - DEBUG - __init__:148 - Emails file: C:\Users\user1\Desktop\normie\outlook\analyze\mail\emails.json
2025-07-17 15:26:29 - outlook_service - DEBUG - __init__:149 - Data folder: C:\Users\user1\Desktop\normie\outlook\analyze\mail\data
2025-07-17 15:26:29 - outlook_service - INFO - __init__:156 - COM interface availability: True
2025-07-17 15:26:29 - outlook_service - INFO - __init__:160 - Base path exists: C:\Users\user1\Desktop\normie\outlook\analyze\mail
2025-07-17 15:26:29 - outlook_service - INFO - __init__:168 - Emails file not found: C:\Users\user1\Desktop\normie\outlook\analyze\mail\emails.json
2025-07-17 15:26:29 - outlook_service - INFO - __init__:170 - OutlookService initialization completed successfully
2025-07-17 15:26:29 - outlook_service - DEBUG - get_emails_data:1273 - === Loading emails data ===
2025-07-17 15:26:29 - outlook_service - INFO - get_emails_data:1280 - Found 4 folder-specific email files
2025-07-17 15:26:29 - outlook_service - DEBUG - get_emails_data:1281 - Folder files: ['emails_deleted_items.json', 'emails_drafts.json', 'emails_inbox.json', 'emails_sent_items.json']
2025-07-17 15:26:29 - outlook_service - DEBUG - _get_emails_from_multiple_files:1324 - Successfully read emails_deleted_items.json with encoding: cp1252
2025-07-17 15:26:29 - outlook_service - DEBUG - _get_emails_from_multiple_files:1364 - Loaded 5 emails from Deleted Items folder
2025-07-17 15:26:29 - outlook_service - DEBUG - _get_emails_from_multiple_files:1324 - Successfully read emails_drafts.json with encoding: utf-8
2025-07-17 15:26:29 - outlook_service - DEBUG - _get_emails_from_multiple_files:1364 - Loaded 1 emails from Drafts folder
2025-07-17 15:26:29 - outlook_service - DEBUG - _get_emails_from_multiple_files:1324 - Successfully read emails_inbox.json with encoding: cp1252
2025-07-17 15:26:29 - outlook_service - DEBUG - _get_emails_from_multiple_files:1364 - Loaded 7 emails from Inbox folder
2025-07-17 15:26:29 - outlook_service - DEBUG - _get_emails_from_multiple_files:1324 - Successfully read emails_sent_items.json with encoding: utf-8
2025-07-17 15:26:29 - outlook_service - DEBUG - _get_emails_from_multiple_files:1364 - Loaded 1 emails from Sent Items folder
2025-07-17 15:26:29 - outlook_service - DEBUG - _get_emails_from_multiple_files:1378 - Consolidated 14 emails from 4 folders
2025-07-17 15:26:29 - outlook_service - DEBUG - get_emails_list:1499 - Returning 7 emails (page 1/1)
2025-07-17 15:26:29 - outlook_service - DEBUG - get_emails_data:1273 - === Loading emails data ===
2025-07-17 15:26:29 - outlook_service - INFO - get_emails_data:1280 - Found 4 folder-specific email files
2025-07-17 15:26:29 - outlook_service - DEBUG - get_emails_data:1281 - Folder files: ['emails_deleted_items.json', 'emails_drafts.json', 'emails_inbox.json', 'emails_sent_items.json']
2025-07-17 15:26:29 - outlook_service - DEBUG - _get_emails_from_multiple_files:1324 - Successfully read emails_deleted_items.json with encoding: cp1252
2025-07-17 15:26:29 - outlook_service - DEBUG - _get_emails_from_multiple_files:1364 - Loaded 5 emails from Deleted Items folder
2025-07-17 15:26:29 - outlook_service - DEBUG - _get_emails_from_multiple_files:1324 - Successfully read emails_drafts.json with encoding: utf-8
2025-07-17 15:26:29 - outlook_service - DEBUG - _get_emails_from_multiple_files:1364 - Loaded 1 emails from Drafts folder
2025-07-17 15:26:29 - outlook_service - DEBUG - _get_emails_from_multiple_files:1324 - Successfully read emails_inbox.json with encoding: cp1252
2025-07-17 15:26:29 - outlook_service - DEBUG - _get_emails_from_multiple_files:1364 - Loaded 7 emails from Inbox folder
2025-07-17 15:26:29 - outlook_service - DEBUG - _get_emails_from_multiple_files:1324 - Successfully read emails_sent_items.json with encoding: utf-8
2025-07-17 15:26:29 - outlook_service - DEBUG - _get_emails_from_multiple_files:1364 - Loaded 1 emails from Sent Items folder
2025-07-17 15:26:29 - outlook_service - DEBUG - _get_emails_from_multiple_files:1378 - Consolidated 14 emails from 4 folders
2025-07-17 15:27:29 - outlook_service - INFO - __init__:136 - === Initializing OutlookService ===
2025-07-17 15:27:29 - outlook_service - DEBUG - __init__:137 - Service initialization started at 2025-07-17 15:27:29.518379
2025-07-17 15:27:29 - outlook_service - INFO - __init__:146 - OutlookService configured for user: user1
2025-07-17 15:27:29 - outlook_service - DEBUG - __init__:147 - Base path: C:\Users\user1\Desktop\normie\outlook\analyze\mail
2025-07-17 15:27:29 - outlook_service - DEBUG - __init__:148 - Emails file: C:\Users\user1\Desktop\normie\outlook\analyze\mail\emails.json
2025-07-17 15:27:29 - outlook_service - DEBUG - __init__:149 - Data folder: C:\Users\user1\Desktop\normie\outlook\analyze\mail\data
2025-07-17 15:27:29 - outlook_service - INFO - __init__:156 - COM interface availability: True
2025-07-17 15:27:29 - outlook_service - INFO - __init__:160 - Base path exists: C:\Users\user1\Desktop\normie\outlook\analyze\mail
2025-07-17 15:27:29 - outlook_service - INFO - __init__:168 - Emails file not found: C:\Users\user1\Desktop\normie\outlook\analyze\mail\emails.json
2025-07-17 15:27:29 - outlook_service - INFO - __init__:170 - OutlookService initialization completed successfully
2025-07-17 15:27:29 - outlook_service - DEBUG - get_emails_data:1273 - === Loading emails data ===
2025-07-17 15:27:29 - outlook_service - INFO - get_emails_data:1280 - Found 4 folder-specific email files
2025-07-17 15:27:29 - outlook_service - DEBUG - get_emails_data:1281 - Folder files: ['emails_deleted_items.json', 'emails_drafts.json', 'emails_inbox.json', 'emails_sent_items.json']
2025-07-17 15:27:29 - outlook_service - DEBUG - _get_emails_from_multiple_files:1324 - Successfully read emails_deleted_items.json with encoding: cp1252
2025-07-17 15:27:29 - outlook_service - DEBUG - _get_emails_from_multiple_files:1364 - Loaded 5 emails from Deleted Items folder
2025-07-17 15:27:29 - outlook_service - DEBUG - _get_emails_from_multiple_files:1324 - Successfully read emails_drafts.json with encoding: utf-8
2025-07-17 15:27:29 - outlook_service - DEBUG - _get_emails_from_multiple_files:1364 - Loaded 1 emails from Drafts folder
2025-07-17 15:27:29 - outlook_service - DEBUG - _get_emails_from_multiple_files:1324 - Successfully read emails_inbox.json with encoding: cp1252
2025-07-17 15:27:29 - outlook_service - DEBUG - _get_emails_from_multiple_files:1364 - Loaded 7 emails from Inbox folder
2025-07-17 15:27:29 - outlook_service - DEBUG - _get_emails_from_multiple_files:1324 - Successfully read emails_sent_items.json with encoding: utf-8
2025-07-17 15:27:29 - outlook_service - DEBUG - _get_emails_from_multiple_files:1364 - Loaded 1 emails from Sent Items folder
2025-07-17 15:27:29 - outlook_service - DEBUG - _get_emails_from_multiple_files:1378 - Consolidated 14 emails from 4 folders
2025-07-17 15:27:29 - outlook_service - DEBUG - get_emails_list:1499 - Returning 7 emails (page 1/1)
2025-07-17 15:27:29 - outlook_service - DEBUG - get_emails_data:1273 - === Loading emails data ===
2025-07-17 15:27:29 - outlook_service - INFO - get_emails_data:1280 - Found 4 folder-specific email files
2025-07-17 15:27:29 - outlook_service - DEBUG - get_emails_data:1281 - Folder files: ['emails_deleted_items.json', 'emails_drafts.json', 'emails_inbox.json', 'emails_sent_items.json']
2025-07-17 15:27:29 - outlook_service - DEBUG - _get_emails_from_multiple_files:1324 - Successfully read emails_deleted_items.json with encoding: cp1252
2025-07-17 15:27:29 - outlook_service - DEBUG - _get_emails_from_multiple_files:1364 - Loaded 5 emails from Deleted Items folder
2025-07-17 15:27:29 - outlook_service - DEBUG - _get_emails_from_multiple_files:1324 - Successfully read emails_drafts.json with encoding: utf-8
2025-07-17 15:27:29 - outlook_service - DEBUG - _get_emails_from_multiple_files:1364 - Loaded 1 emails from Drafts folder
2025-07-17 15:27:29 - outlook_service - DEBUG - _get_emails_from_multiple_files:1324 - Successfully read emails_inbox.json with encoding: cp1252
2025-07-17 15:27:29 - outlook_service - DEBUG - _get_emails_from_multiple_files:1364 - Loaded 7 emails from Inbox folder
2025-07-17 15:27:29 - outlook_service - DEBUG - _get_emails_from_multiple_files:1324 - Successfully read emails_sent_items.json with encoding: utf-8
2025-07-17 15:27:29 - outlook_service - DEBUG - _get_emails_from_multiple_files:1364 - Loaded 1 emails from Sent Items folder
2025-07-17 15:27:29 - outlook_service - DEBUG - _get_emails_from_multiple_files:1378 - Consolidated 14 emails from 4 folders
2025-07-17 15:28:29 - outlook_service - INFO - __init__:136 - === Initializing OutlookService ===
2025-07-17 15:28:29 - outlook_service - DEBUG - __init__:137 - Service initialization started at 2025-07-17 15:28:29.521588
2025-07-17 15:28:29 - outlook_service - INFO - __init__:146 - OutlookService configured for user: user1
2025-07-17 15:28:29 - outlook_service - DEBUG - __init__:147 - Base path: C:\Users\user1\Desktop\normie\outlook\analyze\mail
2025-07-17 15:28:29 - outlook_service - DEBUG - __init__:148 - Emails file: C:\Users\user1\Desktop\normie\outlook\analyze\mail\emails.json
2025-07-17 15:28:29 - outlook_service - DEBUG - __init__:149 - Data folder: C:\Users\user1\Desktop\normie\outlook\analyze\mail\data
2025-07-17 15:28:29 - outlook_service - INFO - __init__:156 - COM interface availability: True
2025-07-17 15:28:29 - outlook_service - INFO - __init__:160 - Base path exists: C:\Users\user1\Desktop\normie\outlook\analyze\mail
2025-07-17 15:28:29 - outlook_service - INFO - __init__:168 - Emails file not found: C:\Users\user1\Desktop\normie\outlook\analyze\mail\emails.json
2025-07-17 15:28:29 - outlook_service - INFO - __init__:170 - OutlookService initialization completed successfully
2025-07-17 15:28:29 - outlook_service - DEBUG - get_emails_data:1273 - === Loading emails data ===
2025-07-17 15:28:29 - outlook_service - INFO - get_emails_data:1280 - Found 4 folder-specific email files
2025-07-17 15:28:29 - outlook_service - DEBUG - get_emails_data:1281 - Folder files: ['emails_deleted_items.json', 'emails_drafts.json', 'emails_inbox.json', 'emails_sent_items.json']
2025-07-17 15:28:29 - outlook_service - DEBUG - _get_emails_from_multiple_files:1324 - Successfully read emails_deleted_items.json with encoding: cp1252
2025-07-17 15:28:29 - outlook_service - DEBUG - _get_emails_from_multiple_files:1364 - Loaded 5 emails from Deleted Items folder
2025-07-17 15:28:29 - outlook_service - DEBUG - _get_emails_from_multiple_files:1324 - Successfully read emails_drafts.json with encoding: utf-8
2025-07-17 15:28:29 - outlook_service - DEBUG - _get_emails_from_multiple_files:1364 - Loaded 1 emails from Drafts folder
2025-07-17 15:28:29 - outlook_service - DEBUG - _get_emails_from_multiple_files:1324 - Successfully read emails_inbox.json with encoding: cp1252
2025-07-17 15:28:29 - outlook_service - DEBUG - _get_emails_from_multiple_files:1364 - Loaded 7 emails from Inbox folder
2025-07-17 15:28:29 - outlook_service - DEBUG - _get_emails_from_multiple_files:1324 - Successfully read emails_sent_items.json with encoding: utf-8
2025-07-17 15:28:29 - outlook_service - DEBUG - _get_emails_from_multiple_files:1364 - Loaded 1 emails from Sent Items folder
2025-07-17 15:28:29 - outlook_service - DEBUG - _get_emails_from_multiple_files:1378 - Consolidated 14 emails from 4 folders
2025-07-17 15:28:29 - outlook_service - DEBUG - get_emails_list:1499 - Returning 7 emails (page 1/1)
2025-07-17 15:28:29 - outlook_service - DEBUG - get_emails_data:1273 - === Loading emails data ===
2025-07-17 15:28:29 - outlook_service - INFO - get_emails_data:1280 - Found 4 folder-specific email files
2025-07-17 15:28:29 - outlook_service - DEBUG - get_emails_data:1281 - Folder files: ['emails_deleted_items.json', 'emails_drafts.json', 'emails_inbox.json', 'emails_sent_items.json']
2025-07-17 15:28:29 - outlook_service - DEBUG - _get_emails_from_multiple_files:1324 - Successfully read emails_deleted_items.json with encoding: cp1252
2025-07-17 15:28:29 - outlook_service - DEBUG - _get_emails_from_multiple_files:1364 - Loaded 5 emails from Deleted Items folder
2025-07-17 15:28:29 - outlook_service - DEBUG - _get_emails_from_multiple_files:1324 - Successfully read emails_drafts.json with encoding: utf-8
2025-07-17 15:28:29 - outlook_service - DEBUG - _get_emails_from_multiple_files:1364 - Loaded 1 emails from Drafts folder
2025-07-17 15:28:29 - outlook_service - DEBUG - _get_emails_from_multiple_files:1324 - Successfully read emails_inbox.json with encoding: cp1252
2025-07-17 15:28:29 - outlook_service - DEBUG - _get_emails_from_multiple_files:1364 - Loaded 7 emails from Inbox folder
2025-07-17 15:28:29 - outlook_service - DEBUG - _get_emails_from_multiple_files:1324 - Successfully read emails_sent_items.json with encoding: utf-8
2025-07-17 15:28:29 - outlook_service - DEBUG - _get_emails_from_multiple_files:1364 - Loaded 1 emails from Sent Items folder
2025-07-17 15:28:29 - outlook_service - DEBUG - _get_emails_from_multiple_files:1378 - Consolidated 14 emails from 4 folders
2025-07-17 15:29:29 - outlook_service - INFO - __init__:136 - === Initializing OutlookService ===
2025-07-17 15:29:29 - outlook_service - DEBUG - __init__:137 - Service initialization started at 2025-07-17 15:29:29.526140
2025-07-17 15:29:29 - outlook_service - INFO - __init__:146 - OutlookService configured for user: user1
2025-07-17 15:29:29 - outlook_service - DEBUG - __init__:147 - Base path: C:\Users\user1\Desktop\normie\outlook\analyze\mail
2025-07-17 15:29:29 - outlook_service - DEBUG - __init__:148 - Emails file: C:\Users\user1\Desktop\normie\outlook\analyze\mail\emails.json
2025-07-17 15:29:29 - outlook_service - DEBUG - __init__:149 - Data folder: C:\Users\user1\Desktop\normie\outlook\analyze\mail\data
2025-07-17 15:29:29 - outlook_service - INFO - __init__:156 - COM interface availability: True
2025-07-17 15:29:29 - outlook_service - INFO - __init__:160 - Base path exists: C:\Users\user1\Desktop\normie\outlook\analyze\mail
2025-07-17 15:29:29 - outlook_service - INFO - __init__:168 - Emails file not found: C:\Users\user1\Desktop\normie\outlook\analyze\mail\emails.json
2025-07-17 15:29:29 - outlook_service - INFO - __init__:170 - OutlookService initialization completed successfully
2025-07-17 15:29:29 - outlook_service - DEBUG - get_emails_data:1273 - === Loading emails data ===
2025-07-17 15:29:29 - outlook_service - INFO - get_emails_data:1280 - Found 4 folder-specific email files
2025-07-17 15:29:29 - outlook_service - DEBUG - get_emails_data:1281 - Folder files: ['emails_deleted_items.json', 'emails_drafts.json', 'emails_inbox.json', 'emails_sent_items.json']
2025-07-17 15:29:29 - outlook_service - DEBUG - _get_emails_from_multiple_files:1324 - Successfully read emails_deleted_items.json with encoding: cp1252
2025-07-17 15:29:29 - outlook_service - DEBUG - _get_emails_from_multiple_files:1364 - Loaded 5 emails from Deleted Items folder
2025-07-17 15:29:29 - outlook_service - DEBUG - _get_emails_from_multiple_files:1324 - Successfully read emails_drafts.json with encoding: utf-8
2025-07-17 15:29:29 - outlook_service - DEBUG - _get_emails_from_multiple_files:1364 - Loaded 1 emails from Drafts folder
2025-07-17 15:29:29 - outlook_service - DEBUG - _get_emails_from_multiple_files:1324 - Successfully read emails_inbox.json with encoding: cp1252
2025-07-17 15:29:29 - outlook_service - DEBUG - _get_emails_from_multiple_files:1364 - Loaded 7 emails from Inbox folder
2025-07-17 15:29:29 - outlook_service - DEBUG - _get_emails_from_multiple_files:1324 - Successfully read emails_sent_items.json with encoding: utf-8
2025-07-17 15:29:29 - outlook_service - DEBUG - _get_emails_from_multiple_files:1364 - Loaded 1 emails from Sent Items folder
2025-07-17 15:29:29 - outlook_service - DEBUG - _get_emails_from_multiple_files:1378 - Consolidated 14 emails from 4 folders
2025-07-17 15:29:29 - outlook_service - DEBUG - get_emails_list:1499 - Returning 7 emails (page 1/1)
2025-07-17 15:29:29 - outlook_service - DEBUG - get_emails_data:1273 - === Loading emails data ===
2025-07-17 15:29:29 - outlook_service - INFO - get_emails_data:1280 - Found 4 folder-specific email files
2025-07-17 15:29:29 - outlook_service - DEBUG - get_emails_data:1281 - Folder files: ['emails_deleted_items.json', 'emails_drafts.json', 'emails_inbox.json', 'emails_sent_items.json']
2025-07-17 15:29:29 - outlook_service - DEBUG - _get_emails_from_multiple_files:1324 - Successfully read emails_deleted_items.json with encoding: cp1252
2025-07-17 15:29:29 - outlook_service - DEBUG - _get_emails_from_multiple_files:1364 - Loaded 5 emails from Deleted Items folder
2025-07-17 15:29:29 - outlook_service - DEBUG - _get_emails_from_multiple_files:1324 - Successfully read emails_drafts.json with encoding: utf-8
2025-07-17 15:29:29 - outlook_service - DEBUG - _get_emails_from_multiple_files:1364 - Loaded 1 emails from Drafts folder
2025-07-17 15:29:29 - outlook_service - DEBUG - _get_emails_from_multiple_files:1324 - Successfully read emails_inbox.json with encoding: cp1252
2025-07-17 15:29:29 - outlook_service - DEBUG - _get_emails_from_multiple_files:1364 - Loaded 7 emails from Inbox folder
2025-07-17 15:29:29 - outlook_service - DEBUG - _get_emails_from_multiple_files:1324 - Successfully read emails_sent_items.json with encoding: utf-8
2025-07-17 15:29:29 - outlook_service - DEBUG - _get_emails_from_multiple_files:1364 - Loaded 1 emails from Sent Items folder
2025-07-17 15:29:29 - outlook_service - DEBUG - _get_emails_from_multiple_files:1378 - Consolidated 14 emails from 4 folders
2025-07-17 15:30:29 - outlook_service - INFO - __init__:136 - === Initializing OutlookService ===
2025-07-17 15:30:29 - outlook_service - DEBUG - __init__:137 - Service initialization started at 2025-07-17 15:30:29.525530
2025-07-17 15:30:29 - outlook_service - INFO - __init__:146 - OutlookService configured for user: user1
2025-07-17 15:30:29 - outlook_service - DEBUG - __init__:147 - Base path: C:\Users\user1\Desktop\normie\outlook\analyze\mail
2025-07-17 15:30:29 - outlook_service - DEBUG - __init__:148 - Emails file: C:\Users\user1\Desktop\normie\outlook\analyze\mail\emails.json
2025-07-17 15:30:29 - outlook_service - DEBUG - __init__:149 - Data folder: C:\Users\user1\Desktop\normie\outlook\analyze\mail\data
2025-07-17 15:30:29 - outlook_service - INFO - __init__:156 - COM interface availability: True
2025-07-17 15:30:29 - outlook_service - INFO - __init__:160 - Base path exists: C:\Users\user1\Desktop\normie\outlook\analyze\mail
2025-07-17 15:30:29 - outlook_service - INFO - __init__:168 - Emails file not found: C:\Users\user1\Desktop\normie\outlook\analyze\mail\emails.json
2025-07-17 15:30:29 - outlook_service - INFO - __init__:170 - OutlookService initialization completed successfully
2025-07-17 15:30:29 - outlook_service - DEBUG - get_emails_data:1273 - === Loading emails data ===
2025-07-17 15:30:29 - outlook_service - INFO - get_emails_data:1280 - Found 4 folder-specific email files
2025-07-17 15:30:29 - outlook_service - DEBUG - get_emails_data:1281 - Folder files: ['emails_deleted_items.json', 'emails_drafts.json', 'emails_inbox.json', 'emails_sent_items.json']
2025-07-17 15:30:29 - outlook_service - DEBUG - _get_emails_from_multiple_files:1324 - Successfully read emails_deleted_items.json with encoding: cp1252
2025-07-17 15:30:29 - outlook_service - DEBUG - _get_emails_from_multiple_files:1364 - Loaded 5 emails from Deleted Items folder
2025-07-17 15:30:29 - outlook_service - DEBUG - _get_emails_from_multiple_files:1324 - Successfully read emails_drafts.json with encoding: utf-8
2025-07-17 15:30:29 - outlook_service - DEBUG - _get_emails_from_multiple_files:1364 - Loaded 1 emails from Drafts folder
2025-07-17 15:30:29 - outlook_service - DEBUG - _get_emails_from_multiple_files:1324 - Successfully read emails_inbox.json with encoding: cp1252
2025-07-17 15:30:29 - outlook_service - DEBUG - _get_emails_from_multiple_files:1364 - Loaded 7 emails from Inbox folder
2025-07-17 15:30:29 - outlook_service - DEBUG - _get_emails_from_multiple_files:1324 - Successfully read emails_sent_items.json with encoding: utf-8
2025-07-17 15:30:29 - outlook_service - DEBUG - _get_emails_from_multiple_files:1364 - Loaded 1 emails from Sent Items folder
2025-07-17 15:30:29 - outlook_service - DEBUG - _get_emails_from_multiple_files:1378 - Consolidated 14 emails from 4 folders
2025-07-17 15:30:29 - outlook_service - DEBUG - get_emails_list:1499 - Returning 7 emails (page 1/1)
2025-07-17 15:30:29 - outlook_service - DEBUG - get_emails_data:1273 - === Loading emails data ===
2025-07-17 15:30:29 - outlook_service - INFO - get_emails_data:1280 - Found 4 folder-specific email files
2025-07-17 15:30:29 - outlook_service - DEBUG - get_emails_data:1281 - Folder files: ['emails_deleted_items.json', 'emails_drafts.json', 'emails_inbox.json', 'emails_sent_items.json']
2025-07-17 15:30:29 - outlook_service - DEBUG - _get_emails_from_multiple_files:1324 - Successfully read emails_deleted_items.json with encoding: cp1252
2025-07-17 15:30:29 - outlook_service - DEBUG - _get_emails_from_multiple_files:1364 - Loaded 5 emails from Deleted Items folder
2025-07-17 15:30:29 - outlook_service - DEBUG - _get_emails_from_multiple_files:1324 - Successfully read emails_drafts.json with encoding: utf-8
2025-07-17 15:30:29 - outlook_service - DEBUG - _get_emails_from_multiple_files:1364 - Loaded 1 emails from Drafts folder
2025-07-17 15:30:29 - outlook_service - DEBUG - _get_emails_from_multiple_files:1324 - Successfully read emails_inbox.json with encoding: cp1252
2025-07-17 15:30:29 - outlook_service - DEBUG - _get_emails_from_multiple_files:1364 - Loaded 7 emails from Inbox folder
2025-07-17 15:30:29 - outlook_service - DEBUG - _get_emails_from_multiple_files:1324 - Successfully read emails_sent_items.json with encoding: utf-8
2025-07-17 15:30:29 - outlook_service - DEBUG - _get_emails_from_multiple_files:1364 - Loaded 1 emails from Sent Items folder
2025-07-17 15:30:29 - outlook_service - DEBUG - _get_emails_from_multiple_files:1378 - Consolidated 14 emails from 4 folders
2025-07-17 15:31:29 - outlook_service - INFO - __init__:136 - === Initializing OutlookService ===
2025-07-17 15:31:29 - outlook_service - DEBUG - __init__:137 - Service initialization started at 2025-07-17 15:31:29.522337
2025-07-17 15:31:29 - outlook_service - INFO - __init__:146 - OutlookService configured for user: user1
2025-07-17 15:31:29 - outlook_service - DEBUG - __init__:147 - Base path: C:\Users\user1\Desktop\normie\outlook\analyze\mail
2025-07-17 15:31:29 - outlook_service - DEBUG - __init__:148 - Emails file: C:\Users\user1\Desktop\normie\outlook\analyze\mail\emails.json
2025-07-17 15:31:29 - outlook_service - DEBUG - __init__:149 - Data folder: C:\Users\user1\Desktop\normie\outlook\analyze\mail\data
2025-07-17 15:31:29 - outlook_service - INFO - __init__:156 - COM interface availability: True
2025-07-17 15:31:29 - outlook_service - INFO - __init__:160 - Base path exists: C:\Users\user1\Desktop\normie\outlook\analyze\mail
2025-07-17 15:31:29 - outlook_service - INFO - __init__:168 - Emails file not found: C:\Users\user1\Desktop\normie\outlook\analyze\mail\emails.json
2025-07-17 15:31:29 - outlook_service - INFO - __init__:170 - OutlookService initialization completed successfully
2025-07-17 15:31:29 - outlook_service - DEBUG - get_emails_data:1273 - === Loading emails data ===
2025-07-17 15:31:29 - outlook_service - INFO - get_emails_data:1280 - Found 4 folder-specific email files
2025-07-17 15:31:29 - outlook_service - DEBUG - get_emails_data:1281 - Folder files: ['emails_deleted_items.json', 'emails_drafts.json', 'emails_inbox.json', 'emails_sent_items.json']
2025-07-17 15:31:29 - outlook_service - DEBUG - _get_emails_from_multiple_files:1324 - Successfully read emails_deleted_items.json with encoding: cp1252
2025-07-17 15:31:29 - outlook_service - DEBUG - _get_emails_from_multiple_files:1364 - Loaded 5 emails from Deleted Items folder
2025-07-17 15:31:29 - outlook_service - DEBUG - _get_emails_from_multiple_files:1324 - Successfully read emails_drafts.json with encoding: utf-8
2025-07-17 15:31:29 - outlook_service - DEBUG - _get_emails_from_multiple_files:1364 - Loaded 1 emails from Drafts folder
2025-07-17 15:31:29 - outlook_service - DEBUG - _get_emails_from_multiple_files:1324 - Successfully read emails_inbox.json with encoding: cp1252
2025-07-17 15:31:29 - outlook_service - DEBUG - _get_emails_from_multiple_files:1364 - Loaded 7 emails from Inbox folder
2025-07-17 15:31:29 - outlook_service - DEBUG - _get_emails_from_multiple_files:1324 - Successfully read emails_sent_items.json with encoding: utf-8
2025-07-17 15:31:29 - outlook_service - DEBUG - _get_emails_from_multiple_files:1364 - Loaded 1 emails from Sent Items folder
2025-07-17 15:31:29 - outlook_service - DEBUG - _get_emails_from_multiple_files:1378 - Consolidated 14 emails from 4 folders
2025-07-17 15:31:29 - outlook_service - DEBUG - get_emails_list:1499 - Returning 7 emails (page 1/1)
2025-07-17 15:31:29 - outlook_service - DEBUG - get_emails_data:1273 - === Loading emails data ===
2025-07-17 15:31:29 - outlook_service - INFO - get_emails_data:1280 - Found 4 folder-specific email files
2025-07-17 15:31:29 - outlook_service - DEBUG - get_emails_data:1281 - Folder files: ['emails_deleted_items.json', 'emails_drafts.json', 'emails_inbox.json', 'emails_sent_items.json']
2025-07-17 15:31:29 - outlook_service - DEBUG - _get_emails_from_multiple_files:1324 - Successfully read emails_deleted_items.json with encoding: cp1252
2025-07-17 15:31:29 - outlook_service - DEBUG - _get_emails_from_multiple_files:1364 - Loaded 5 emails from Deleted Items folder
2025-07-17 15:31:29 - outlook_service - DEBUG - _get_emails_from_multiple_files:1324 - Successfully read emails_drafts.json with encoding: utf-8
2025-07-17 15:31:29 - outlook_service - DEBUG - _get_emails_from_multiple_files:1364 - Loaded 1 emails from Drafts folder
2025-07-17 15:31:29 - outlook_service - DEBUG - _get_emails_from_multiple_files:1324 - Successfully read emails_inbox.json with encoding: cp1252
2025-07-17 15:31:29 - outlook_service - DEBUG - _get_emails_from_multiple_files:1364 - Loaded 7 emails from Inbox folder
2025-07-17 15:31:29 - outlook_service - DEBUG - _get_emails_from_multiple_files:1324 - Successfully read emails_sent_items.json with encoding: utf-8
2025-07-17 15:31:29 - outlook_service - DEBUG - _get_emails_from_multiple_files:1364 - Loaded 1 emails from Sent Items folder
2025-07-17 15:31:29 - outlook_service - DEBUG - _get_emails_from_multiple_files:1378 - Consolidated 14 emails from 4 folders
2025-07-17 15:32:29 - outlook_service - INFO - __init__:136 - === Initializing OutlookService ===
2025-07-17 15:32:29 - outlook_service - DEBUG - __init__:137 - Service initialization started at 2025-07-17 15:32:29.521973
2025-07-17 15:32:29 - outlook_service - INFO - __init__:146 - OutlookService configured for user: user1
2025-07-17 15:32:29 - outlook_service - DEBUG - __init__:147 - Base path: C:\Users\user1\Desktop\normie\outlook\analyze\mail
2025-07-17 15:32:29 - outlook_service - DEBUG - __init__:148 - Emails file: C:\Users\user1\Desktop\normie\outlook\analyze\mail\emails.json
2025-07-17 15:32:29 - outlook_service - DEBUG - __init__:149 - Data folder: C:\Users\user1\Desktop\normie\outlook\analyze\mail\data
2025-07-17 15:32:29 - outlook_service - INFO - __init__:156 - COM interface availability: True
2025-07-17 15:32:29 - outlook_service - INFO - __init__:160 - Base path exists: C:\Users\user1\Desktop\normie\outlook\analyze\mail
2025-07-17 15:32:29 - outlook_service - INFO - __init__:168 - Emails file not found: C:\Users\user1\Desktop\normie\outlook\analyze\mail\emails.json
2025-07-17 15:32:29 - outlook_service - INFO - __init__:170 - OutlookService initialization completed successfully
2025-07-17 15:32:29 - outlook_service - DEBUG - get_emails_data:1273 - === Loading emails data ===
2025-07-17 15:32:29 - outlook_service - INFO - get_emails_data:1280 - Found 4 folder-specific email files
2025-07-17 15:32:29 - outlook_service - DEBUG - get_emails_data:1281 - Folder files: ['emails_deleted_items.json', 'emails_drafts.json', 'emails_inbox.json', 'emails_sent_items.json']
2025-07-17 15:32:29 - outlook_service - DEBUG - _get_emails_from_multiple_files:1324 - Successfully read emails_deleted_items.json with encoding: cp1252
2025-07-17 15:32:29 - outlook_service - DEBUG - _get_emails_from_multiple_files:1364 - Loaded 5 emails from Deleted Items folder
2025-07-17 15:32:29 - outlook_service - DEBUG - _get_emails_from_multiple_files:1324 - Successfully read emails_drafts.json with encoding: utf-8
2025-07-17 15:32:29 - outlook_service - DEBUG - _get_emails_from_multiple_files:1364 - Loaded 1 emails from Drafts folder
2025-07-17 15:32:29 - outlook_service - DEBUG - _get_emails_from_multiple_files:1324 - Successfully read emails_inbox.json with encoding: cp1252
2025-07-17 15:32:29 - outlook_service - DEBUG - _get_emails_from_multiple_files:1364 - Loaded 7 emails from Inbox folder
2025-07-17 15:32:29 - outlook_service - DEBUG - _get_emails_from_multiple_files:1324 - Successfully read emails_sent_items.json with encoding: utf-8
2025-07-17 15:32:29 - outlook_service - DEBUG - _get_emails_from_multiple_files:1364 - Loaded 1 emails from Sent Items folder
2025-07-17 15:32:29 - outlook_service - DEBUG - _get_emails_from_multiple_files:1378 - Consolidated 14 emails from 4 folders
2025-07-17 15:32:29 - outlook_service - DEBUG - get_emails_list:1499 - Returning 7 emails (page 1/1)
2025-07-17 15:32:29 - outlook_service - DEBUG - get_emails_data:1273 - === Loading emails data ===
2025-07-17 15:32:29 - outlook_service - INFO - get_emails_data:1280 - Found 4 folder-specific email files
2025-07-17 15:32:29 - outlook_service - DEBUG - get_emails_data:1281 - Folder files: ['emails_deleted_items.json', 'emails_drafts.json', 'emails_inbox.json', 'emails_sent_items.json']
2025-07-17 15:32:29 - outlook_service - DEBUG - _get_emails_from_multiple_files:1324 - Successfully read emails_deleted_items.json with encoding: cp1252
2025-07-17 15:32:29 - outlook_service - DEBUG - _get_emails_from_multiple_files:1364 - Loaded 5 emails from Deleted Items folder
2025-07-17 15:32:29 - outlook_service - DEBUG - _get_emails_from_multiple_files:1324 - Successfully read emails_drafts.json with encoding: utf-8
2025-07-17 15:32:29 - outlook_service - DEBUG - _get_emails_from_multiple_files:1364 - Loaded 1 emails from Drafts folder
2025-07-17 15:32:29 - outlook_service - DEBUG - _get_emails_from_multiple_files:1324 - Successfully read emails_inbox.json with encoding: cp1252
2025-07-17 15:32:29 - outlook_service - DEBUG - _get_emails_from_multiple_files:1364 - Loaded 7 emails from Inbox folder
2025-07-17 15:32:29 - outlook_service - DEBUG - _get_emails_from_multiple_files:1324 - Successfully read emails_sent_items.json with encoding: utf-8
2025-07-17 15:32:29 - outlook_service - DEBUG - _get_emails_from_multiple_files:1364 - Loaded 1 emails from Sent Items folder
2025-07-17 15:32:29 - outlook_service - DEBUG - _get_emails_from_multiple_files:1378 - Consolidated 14 emails from 4 folders
2025-07-17 15:33:29 - outlook_service - INFO - __init__:136 - === Initializing OutlookService ===
2025-07-17 15:33:29 - outlook_service - DEBUG - __init__:137 - Service initialization started at 2025-07-17 15:33:29.523265
2025-07-17 15:33:29 - outlook_service - INFO - __init__:146 - OutlookService configured for user: user1
2025-07-17 15:33:29 - outlook_service - DEBUG - __init__:147 - Base path: C:\Users\user1\Desktop\normie\outlook\analyze\mail
2025-07-17 15:33:29 - outlook_service - DEBUG - __init__:148 - Emails file: C:\Users\user1\Desktop\normie\outlook\analyze\mail\emails.json
2025-07-17 15:33:29 - outlook_service - DEBUG - __init__:149 - Data folder: C:\Users\user1\Desktop\normie\outlook\analyze\mail\data
2025-07-17 15:33:29 - outlook_service - INFO - __init__:156 - COM interface availability: True
2025-07-17 15:33:29 - outlook_service - INFO - __init__:160 - Base path exists: C:\Users\user1\Desktop\normie\outlook\analyze\mail
2025-07-17 15:33:29 - outlook_service - INFO - __init__:168 - Emails file not found: C:\Users\user1\Desktop\normie\outlook\analyze\mail\emails.json
2025-07-17 15:33:29 - outlook_service - INFO - __init__:170 - OutlookService initialization completed successfully
2025-07-17 15:33:29 - outlook_service - DEBUG - get_emails_data:1273 - === Loading emails data ===
2025-07-17 15:33:29 - outlook_service - INFO - get_emails_data:1280 - Found 4 folder-specific email files
2025-07-17 15:33:29 - outlook_service - DEBUG - get_emails_data:1281 - Folder files: ['emails_deleted_items.json', 'emails_drafts.json', 'emails_inbox.json', 'emails_sent_items.json']
2025-07-17 15:33:29 - outlook_service - DEBUG - _get_emails_from_multiple_files:1324 - Successfully read emails_deleted_items.json with encoding: cp1252
2025-07-17 15:33:29 - outlook_service - DEBUG - _get_emails_from_multiple_files:1364 - Loaded 5 emails from Deleted Items folder
2025-07-17 15:33:29 - outlook_service - DEBUG - _get_emails_from_multiple_files:1324 - Successfully read emails_drafts.json with encoding: utf-8
2025-07-17 15:33:29 - outlook_service - DEBUG - _get_emails_from_multiple_files:1364 - Loaded 1 emails from Drafts folder
2025-07-17 15:33:29 - outlook_service - DEBUG - _get_emails_from_multiple_files:1324 - Successfully read emails_inbox.json with encoding: cp1252
2025-07-17 15:33:29 - outlook_service - DEBUG - _get_emails_from_multiple_files:1364 - Loaded 7 emails from Inbox folder
2025-07-17 15:33:29 - outlook_service - DEBUG - _get_emails_from_multiple_files:1324 - Successfully read emails_sent_items.json with encoding: utf-8
2025-07-17 15:33:29 - outlook_service - DEBUG - _get_emails_from_multiple_files:1364 - Loaded 1 emails from Sent Items folder
2025-07-17 15:33:29 - outlook_service - DEBUG - _get_emails_from_multiple_files:1378 - Consolidated 14 emails from 4 folders
2025-07-17 15:33:29 - outlook_service - DEBUG - get_emails_list:1499 - Returning 7 emails (page 1/1)
2025-07-17 15:33:29 - outlook_service - DEBUG - get_emails_data:1273 - === Loading emails data ===
2025-07-17 15:33:29 - outlook_service - INFO - get_emails_data:1280 - Found 4 folder-specific email files
2025-07-17 15:33:29 - outlook_service - DEBUG - get_emails_data:1281 - Folder files: ['emails_deleted_items.json', 'emails_drafts.json', 'emails_inbox.json', 'emails_sent_items.json']
2025-07-17 15:33:29 - outlook_service - DEBUG - _get_emails_from_multiple_files:1324 - Successfully read emails_deleted_items.json with encoding: cp1252
2025-07-17 15:33:29 - outlook_service - DEBUG - _get_emails_from_multiple_files:1364 - Loaded 5 emails from Deleted Items folder
2025-07-17 15:33:29 - outlook_service - DEBUG - _get_emails_from_multiple_files:1324 - Successfully read emails_drafts.json with encoding: utf-8
2025-07-17 15:33:29 - outlook_service - DEBUG - _get_emails_from_multiple_files:1364 - Loaded 1 emails from Drafts folder
2025-07-17 15:33:29 - outlook_service - DEBUG - _get_emails_from_multiple_files:1324 - Successfully read emails_inbox.json with encoding: cp1252
2025-07-17 15:33:29 - outlook_service - DEBUG - _get_emails_from_multiple_files:1364 - Loaded 7 emails from Inbox folder
2025-07-17 15:33:29 - outlook_service - DEBUG - _get_emails_from_multiple_files:1324 - Successfully read emails_sent_items.json with encoding: utf-8
2025-07-17 15:33:29 - outlook_service - DEBUG - _get_emails_from_multiple_files:1364 - Loaded 1 emails from Sent Items folder
2025-07-17 15:33:29 - outlook_service - DEBUG - _get_emails_from_multiple_files:1378 - Consolidated 14 emails from 4 folders
2025-07-17 15:34:29 - outlook_service - INFO - __init__:136 - === Initializing OutlookService ===
2025-07-17 15:34:29 - outlook_service - DEBUG - __init__:137 - Service initialization started at 2025-07-17 15:34:29.522628
2025-07-17 15:34:29 - outlook_service - INFO - __init__:146 - OutlookService configured for user: user1
2025-07-17 15:34:29 - outlook_service - DEBUG - __init__:147 - Base path: C:\Users\user1\Desktop\normie\outlook\analyze\mail
2025-07-17 15:34:29 - outlook_service - DEBUG - __init__:148 - Emails file: C:\Users\user1\Desktop\normie\outlook\analyze\mail\emails.json
2025-07-17 15:34:29 - outlook_service - DEBUG - __init__:149 - Data folder: C:\Users\user1\Desktop\normie\outlook\analyze\mail\data
2025-07-17 15:34:29 - outlook_service - INFO - __init__:156 - COM interface availability: True
2025-07-17 15:34:29 - outlook_service - INFO - __init__:160 - Base path exists: C:\Users\user1\Desktop\normie\outlook\analyze\mail
2025-07-17 15:34:29 - outlook_service - INFO - __init__:168 - Emails file not found: C:\Users\user1\Desktop\normie\outlook\analyze\mail\emails.json
2025-07-17 15:34:29 - outlook_service - INFO - __init__:170 - OutlookService initialization completed successfully
2025-07-17 15:34:29 - outlook_service - DEBUG - get_emails_data:1273 - === Loading emails data ===
2025-07-17 15:34:29 - outlook_service - INFO - get_emails_data:1280 - Found 4 folder-specific email files
2025-07-17 15:34:29 - outlook_service - DEBUG - get_emails_data:1281 - Folder files: ['emails_deleted_items.json', 'emails_drafts.json', 'emails_inbox.json', 'emails_sent_items.json']
2025-07-17 15:34:29 - outlook_service - DEBUG - _get_emails_from_multiple_files:1324 - Successfully read emails_deleted_items.json with encoding: cp1252
2025-07-17 15:34:29 - outlook_service - DEBUG - _get_emails_from_multiple_files:1364 - Loaded 5 emails from Deleted Items folder
2025-07-17 15:34:29 - outlook_service - DEBUG - _get_emails_from_multiple_files:1324 - Successfully read emails_drafts.json with encoding: utf-8
2025-07-17 15:34:29 - outlook_service - DEBUG - _get_emails_from_multiple_files:1364 - Loaded 1 emails from Drafts folder
2025-07-17 15:34:29 - outlook_service - DEBUG - _get_emails_from_multiple_files:1324 - Successfully read emails_inbox.json with encoding: cp1252
2025-07-17 15:34:29 - outlook_service - DEBUG - _get_emails_from_multiple_files:1364 - Loaded 7 emails from Inbox folder
2025-07-17 15:34:29 - outlook_service - DEBUG - _get_emails_from_multiple_files:1324 - Successfully read emails_sent_items.json with encoding: utf-8
2025-07-17 15:34:29 - outlook_service - DEBUG - _get_emails_from_multiple_files:1364 - Loaded 1 emails from Sent Items folder
2025-07-17 15:34:29 - outlook_service - DEBUG - _get_emails_from_multiple_files:1378 - Consolidated 14 emails from 4 folders
2025-07-17 15:34:29 - outlook_service - DEBUG - get_emails_list:1499 - Returning 7 emails (page 1/1)
2025-07-17 15:34:29 - outlook_service - DEBUG - get_emails_data:1273 - === Loading emails data ===
2025-07-17 15:34:29 - outlook_service - INFO - get_emails_data:1280 - Found 4 folder-specific email files
2025-07-17 15:34:29 - outlook_service - DEBUG - get_emails_data:1281 - Folder files: ['emails_deleted_items.json', 'emails_drafts.json', 'emails_inbox.json', 'emails_sent_items.json']
2025-07-17 15:34:29 - outlook_service - DEBUG - _get_emails_from_multiple_files:1324 - Successfully read emails_deleted_items.json with encoding: cp1252
2025-07-17 15:34:29 - outlook_service - DEBUG - _get_emails_from_multiple_files:1364 - Loaded 5 emails from Deleted Items folder
2025-07-17 15:34:29 - outlook_service - DEBUG - _get_emails_from_multiple_files:1324 - Successfully read emails_drafts.json with encoding: utf-8
2025-07-17 15:34:29 - outlook_service - DEBUG - _get_emails_from_multiple_files:1364 - Loaded 1 emails from Drafts folder
2025-07-17 15:34:29 - outlook_service - DEBUG - _get_emails_from_multiple_files:1324 - Successfully read emails_inbox.json with encoding: cp1252
2025-07-17 15:34:29 - outlook_service - DEBUG - _get_emails_from_multiple_files:1364 - Loaded 7 emails from Inbox folder
2025-07-17 15:34:29 - outlook_service - DEBUG - _get_emails_from_multiple_files:1324 - Successfully read emails_sent_items.json with encoding: utf-8
2025-07-17 15:34:29 - outlook_service - DEBUG - _get_emails_from_multiple_files:1364 - Loaded 1 emails from Sent Items folder
2025-07-17 15:34:29 - outlook_service - DEBUG - _get_emails_from_multiple_files:1378 - Consolidated 14 emails from 4 folders
2025-07-17 15:35:29 - outlook_service - INFO - __init__:136 - === Initializing OutlookService ===
2025-07-17 15:35:29 - outlook_service - DEBUG - __init__:137 - Service initialization started at 2025-07-17 15:35:29.523347
2025-07-17 15:35:29 - outlook_service - INFO - __init__:146 - OutlookService configured for user: user1
2025-07-17 15:35:29 - outlook_service - DEBUG - __init__:147 - Base path: C:\Users\user1\Desktop\normie\outlook\analyze\mail
2025-07-17 15:35:29 - outlook_service - DEBUG - __init__:148 - Emails file: C:\Users\user1\Desktop\normie\outlook\analyze\mail\emails.json
2025-07-17 15:35:29 - outlook_service - DEBUG - __init__:149 - Data folder: C:\Users\user1\Desktop\normie\outlook\analyze\mail\data
2025-07-17 15:35:29 - outlook_service - INFO - __init__:156 - COM interface availability: True
2025-07-17 15:35:29 - outlook_service - INFO - __init__:160 - Base path exists: C:\Users\user1\Desktop\normie\outlook\analyze\mail
2025-07-17 15:35:29 - outlook_service - INFO - __init__:168 - Emails file not found: C:\Users\user1\Desktop\normie\outlook\analyze\mail\emails.json
2025-07-17 15:35:29 - outlook_service - INFO - __init__:170 - OutlookService initialization completed successfully
2025-07-17 15:35:29 - outlook_service - DEBUG - get_emails_data:1273 - === Loading emails data ===
2025-07-17 15:35:29 - outlook_service - INFO - get_emails_data:1280 - Found 4 folder-specific email files
2025-07-17 15:35:29 - outlook_service - DEBUG - get_emails_data:1281 - Folder files: ['emails_deleted_items.json', 'emails_drafts.json', 'emails_inbox.json', 'emails_sent_items.json']
2025-07-17 15:35:29 - outlook_service - DEBUG - _get_emails_from_multiple_files:1324 - Successfully read emails_deleted_items.json with encoding: cp1252
2025-07-17 15:35:29 - outlook_service - DEBUG - _get_emails_from_multiple_files:1364 - Loaded 5 emails from Deleted Items folder
2025-07-17 15:35:29 - outlook_service - DEBUG - _get_emails_from_multiple_files:1324 - Successfully read emails_drafts.json with encoding: utf-8
2025-07-17 15:35:29 - outlook_service - DEBUG - _get_emails_from_multiple_files:1364 - Loaded 1 emails from Drafts folder
2025-07-17 15:35:29 - outlook_service - DEBUG - _get_emails_from_multiple_files:1324 - Successfully read emails_inbox.json with encoding: cp1252
2025-07-17 15:35:29 - outlook_service - DEBUG - _get_emails_from_multiple_files:1364 - Loaded 7 emails from Inbox folder
2025-07-17 15:35:29 - outlook_service - DEBUG - _get_emails_from_multiple_files:1324 - Successfully read emails_sent_items.json with encoding: utf-8
2025-07-17 15:35:29 - outlook_service - DEBUG - _get_emails_from_multiple_files:1364 - Loaded 1 emails from Sent Items folder
2025-07-17 15:35:29 - outlook_service - DEBUG - _get_emails_from_multiple_files:1378 - Consolidated 14 emails from 4 folders
2025-07-17 15:35:29 - outlook_service - DEBUG - get_emails_list:1499 - Returning 7 emails (page 1/1)
2025-07-17 15:35:29 - outlook_service - DEBUG - get_emails_data:1273 - === Loading emails data ===
2025-07-17 15:35:29 - outlook_service - INFO - get_emails_data:1280 - Found 4 folder-specific email files
2025-07-17 15:35:29 - outlook_service - DEBUG - get_emails_data:1281 - Folder files: ['emails_deleted_items.json', 'emails_drafts.json', 'emails_inbox.json', 'emails_sent_items.json']
2025-07-17 15:35:29 - outlook_service - DEBUG - _get_emails_from_multiple_files:1324 - Successfully read emails_deleted_items.json with encoding: cp1252
2025-07-17 15:35:29 - outlook_service - DEBUG - _get_emails_from_multiple_files:1364 - Loaded 5 emails from Deleted Items folder
2025-07-17 15:35:29 - outlook_service - DEBUG - _get_emails_from_multiple_files:1324 - Successfully read emails_drafts.json with encoding: utf-8
2025-07-17 15:35:29 - outlook_service - DEBUG - _get_emails_from_multiple_files:1364 - Loaded 1 emails from Drafts folder
2025-07-17 15:35:29 - outlook_service - DEBUG - _get_emails_from_multiple_files:1324 - Successfully read emails_inbox.json with encoding: cp1252
2025-07-17 15:35:29 - outlook_service - DEBUG - _get_emails_from_multiple_files:1364 - Loaded 7 emails from Inbox folder
2025-07-17 15:35:29 - outlook_service - DEBUG - _get_emails_from_multiple_files:1324 - Successfully read emails_sent_items.json with encoding: utf-8
2025-07-17 15:35:29 - outlook_service - DEBUG - _get_emails_from_multiple_files:1364 - Loaded 1 emails from Sent Items folder
2025-07-17 15:35:29 - outlook_service - DEBUG - _get_emails_from_multiple_files:1378 - Consolidated 14 emails from 4 folders
2025-07-17 15:36:29 - outlook_service - INFO - __init__:136 - === Initializing OutlookService ===
2025-07-17 15:36:29 - outlook_service - DEBUG - __init__:137 - Service initialization started at 2025-07-17 15:36:29.524992
2025-07-17 15:36:29 - outlook_service - INFO - __init__:146 - OutlookService configured for user: user1
2025-07-17 15:36:29 - outlook_service - DEBUG - __init__:147 - Base path: C:\Users\user1\Desktop\normie\outlook\analyze\mail
2025-07-17 15:36:29 - outlook_service - DEBUG - __init__:148 - Emails file: C:\Users\user1\Desktop\normie\outlook\analyze\mail\emails.json
2025-07-17 15:36:29 - outlook_service - DEBUG - __init__:149 - Data folder: C:\Users\user1\Desktop\normie\outlook\analyze\mail\data
2025-07-17 15:36:29 - outlook_service - INFO - __init__:156 - COM interface availability: True
2025-07-17 15:36:29 - outlook_service - INFO - __init__:160 - Base path exists: C:\Users\user1\Desktop\normie\outlook\analyze\mail
2025-07-17 15:36:29 - outlook_service - INFO - __init__:168 - Emails file not found: C:\Users\user1\Desktop\normie\outlook\analyze\mail\emails.json
2025-07-17 15:36:29 - outlook_service - INFO - __init__:170 - OutlookService initialization completed successfully
2025-07-17 15:36:29 - outlook_service - DEBUG - get_emails_data:1273 - === Loading emails data ===
2025-07-17 15:36:29 - outlook_service - INFO - get_emails_data:1280 - Found 4 folder-specific email files
2025-07-17 15:36:29 - outlook_service - DEBUG - get_emails_data:1281 - Folder files: ['emails_deleted_items.json', 'emails_drafts.json', 'emails_inbox.json', 'emails_sent_items.json']
2025-07-17 15:36:29 - outlook_service - DEBUG - _get_emails_from_multiple_files:1324 - Successfully read emails_deleted_items.json with encoding: cp1252
2025-07-17 15:36:29 - outlook_service - DEBUG - _get_emails_from_multiple_files:1364 - Loaded 5 emails from Deleted Items folder
2025-07-17 15:36:29 - outlook_service - DEBUG - _get_emails_from_multiple_files:1324 - Successfully read emails_drafts.json with encoding: utf-8
2025-07-17 15:36:29 - outlook_service - DEBUG - _get_emails_from_multiple_files:1364 - Loaded 1 emails from Drafts folder
2025-07-17 15:36:29 - outlook_service - DEBUG - _get_emails_from_multiple_files:1324 - Successfully read emails_inbox.json with encoding: cp1252
2025-07-17 15:36:29 - outlook_service - DEBUG - _get_emails_from_multiple_files:1364 - Loaded 7 emails from Inbox folder
2025-07-17 15:36:29 - outlook_service - DEBUG - _get_emails_from_multiple_files:1324 - Successfully read emails_sent_items.json with encoding: utf-8
2025-07-17 15:36:29 - outlook_service - DEBUG - _get_emails_from_multiple_files:1364 - Loaded 1 emails from Sent Items folder
2025-07-17 15:36:29 - outlook_service - DEBUG - _get_emails_from_multiple_files:1378 - Consolidated 14 emails from 4 folders
2025-07-17 15:36:29 - outlook_service - DEBUG - get_emails_list:1499 - Returning 7 emails (page 1/1)
2025-07-17 15:36:29 - outlook_service - DEBUG - get_emails_data:1273 - === Loading emails data ===
2025-07-17 15:36:29 - outlook_service - INFO - get_emails_data:1280 - Found 4 folder-specific email files
2025-07-17 15:36:29 - outlook_service - DEBUG - get_emails_data:1281 - Folder files: ['emails_deleted_items.json', 'emails_drafts.json', 'emails_inbox.json', 'emails_sent_items.json']
2025-07-17 15:36:29 - outlook_service - DEBUG - _get_emails_from_multiple_files:1324 - Successfully read emails_deleted_items.json with encoding: cp1252
2025-07-17 15:36:29 - outlook_service - DEBUG - _get_emails_from_multiple_files:1364 - Loaded 5 emails from Deleted Items folder
2025-07-17 15:36:29 - outlook_service - DEBUG - _get_emails_from_multiple_files:1324 - Successfully read emails_drafts.json with encoding: utf-8
2025-07-17 15:36:29 - outlook_service - DEBUG - _get_emails_from_multiple_files:1364 - Loaded 1 emails from Drafts folder
2025-07-17 15:36:29 - outlook_service - DEBUG - _get_emails_from_multiple_files:1324 - Successfully read emails_inbox.json with encoding: cp1252
2025-07-17 15:36:29 - outlook_service - DEBUG - _get_emails_from_multiple_files:1364 - Loaded 7 emails from Inbox folder
2025-07-17 15:36:29 - outlook_service - DEBUG - _get_emails_from_multiple_files:1324 - Successfully read emails_sent_items.json with encoding: utf-8
2025-07-17 15:36:29 - outlook_service - DEBUG - _get_emails_from_multiple_files:1364 - Loaded 1 emails from Sent Items folder
2025-07-17 15:36:29 - outlook_service - DEBUG - _get_emails_from_multiple_files:1378 - Consolidated 14 emails from 4 folders
2025-07-17 15:37:29 - outlook_service - INFO - __init__:136 - === Initializing OutlookService ===
2025-07-17 15:37:29 - outlook_service - DEBUG - __init__:137 - Service initialization started at 2025-07-17 15:37:29.521764
2025-07-17 15:37:29 - outlook_service - INFO - __init__:146 - OutlookService configured for user: user1
2025-07-17 15:37:29 - outlook_service - DEBUG - __init__:147 - Base path: C:\Users\user1\Desktop\normie\outlook\analyze\mail
2025-07-17 15:37:29 - outlook_service - DEBUG - __init__:148 - Emails file: C:\Users\user1\Desktop\normie\outlook\analyze\mail\emails.json
2025-07-17 15:37:29 - outlook_service - DEBUG - __init__:149 - Data folder: C:\Users\user1\Desktop\normie\outlook\analyze\mail\data
2025-07-17 15:37:29 - outlook_service - INFO - __init__:156 - COM interface availability: True
2025-07-17 15:37:29 - outlook_service - INFO - __init__:160 - Base path exists: C:\Users\user1\Desktop\normie\outlook\analyze\mail
2025-07-17 15:37:29 - outlook_service - INFO - __init__:168 - Emails file not found: C:\Users\user1\Desktop\normie\outlook\analyze\mail\emails.json
2025-07-17 15:37:29 - outlook_service - INFO - __init__:170 - OutlookService initialization completed successfully
2025-07-17 15:37:29 - outlook_service - DEBUG - get_emails_data:1273 - === Loading emails data ===
2025-07-17 15:37:29 - outlook_service - INFO - get_emails_data:1280 - Found 4 folder-specific email files
2025-07-17 15:37:29 - outlook_service - DEBUG - get_emails_data:1281 - Folder files: ['emails_deleted_items.json', 'emails_drafts.json', 'emails_inbox.json', 'emails_sent_items.json']
2025-07-17 15:37:29 - outlook_service - DEBUG - _get_emails_from_multiple_files:1324 - Successfully read emails_deleted_items.json with encoding: cp1252
2025-07-17 15:37:29 - outlook_service - DEBUG - _get_emails_from_multiple_files:1364 - Loaded 5 emails from Deleted Items folder
2025-07-17 15:37:29 - outlook_service - DEBUG - _get_emails_from_multiple_files:1324 - Successfully read emails_drafts.json with encoding: utf-8
2025-07-17 15:37:29 - outlook_service - DEBUG - _get_emails_from_multiple_files:1364 - Loaded 1 emails from Drafts folder
2025-07-17 15:37:29 - outlook_service - DEBUG - _get_emails_from_multiple_files:1324 - Successfully read emails_inbox.json with encoding: cp1252
2025-07-17 15:37:29 - outlook_service - DEBUG - _get_emails_from_multiple_files:1364 - Loaded 7 emails from Inbox folder
2025-07-17 15:37:29 - outlook_service - DEBUG - _get_emails_from_multiple_files:1324 - Successfully read emails_sent_items.json with encoding: utf-8
2025-07-17 15:37:29 - outlook_service - DEBUG - _get_emails_from_multiple_files:1364 - Loaded 1 emails from Sent Items folder
2025-07-17 15:37:29 - outlook_service - DEBUG - _get_emails_from_multiple_files:1378 - Consolidated 14 emails from 4 folders
2025-07-17 15:37:29 - outlook_service - DEBUG - get_emails_list:1499 - Returning 7 emails (page 1/1)
2025-07-17 15:37:29 - outlook_service - DEBUG - get_emails_data:1273 - === Loading emails data ===
2025-07-17 15:37:29 - outlook_service - INFO - get_emails_data:1280 - Found 4 folder-specific email files
2025-07-17 15:37:29 - outlook_service - DEBUG - get_emails_data:1281 - Folder files: ['emails_deleted_items.json', 'emails_drafts.json', 'emails_inbox.json', 'emails_sent_items.json']
2025-07-17 15:37:29 - outlook_service - DEBUG - _get_emails_from_multiple_files:1324 - Successfully read emails_deleted_items.json with encoding: cp1252
2025-07-17 15:37:29 - outlook_service - DEBUG - _get_emails_from_multiple_files:1364 - Loaded 5 emails from Deleted Items folder
2025-07-17 15:37:29 - outlook_service - DEBUG - _get_emails_from_multiple_files:1324 - Successfully read emails_drafts.json with encoding: utf-8
2025-07-17 15:37:29 - outlook_service - DEBUG - _get_emails_from_multiple_files:1364 - Loaded 1 emails from Drafts folder
2025-07-17 15:37:29 - outlook_service - DEBUG - _get_emails_from_multiple_files:1324 - Successfully read emails_inbox.json with encoding: cp1252
2025-07-17 15:37:29 - outlook_service - DEBUG - _get_emails_from_multiple_files:1364 - Loaded 7 emails from Inbox folder
2025-07-17 15:37:29 - outlook_service - DEBUG - _get_emails_from_multiple_files:1324 - Successfully read emails_sent_items.json with encoding: utf-8
2025-07-17 15:37:29 - outlook_service - DEBUG - _get_emails_from_multiple_files:1364 - Loaded 1 emails from Sent Items folder
2025-07-17 15:37:29 - outlook_service - DEBUG - _get_emails_from_multiple_files:1378 - Consolidated 14 emails from 4 folders
2025-07-17 15:38:29 - outlook_service - INFO - __init__:136 - === Initializing OutlookService ===
2025-07-17 15:38:29 - outlook_service - DEBUG - __init__:137 - Service initialization started at 2025-07-17 15:38:29.509197
2025-07-17 15:38:29 - outlook_service - INFO - __init__:146 - OutlookService configured for user: user1
2025-07-17 15:38:29 - outlook_service - DEBUG - __init__:147 - Base path: C:\Users\user1\Desktop\normie\outlook\analyze\mail
2025-07-17 15:38:29 - outlook_service - DEBUG - __init__:148 - Emails file: C:\Users\user1\Desktop\normie\outlook\analyze\mail\emails.json
2025-07-17 15:38:29 - outlook_service - DEBUG - __init__:149 - Data folder: C:\Users\user1\Desktop\normie\outlook\analyze\mail\data
2025-07-17 15:38:29 - outlook_service - INFO - __init__:156 - COM interface availability: True
2025-07-17 15:38:29 - outlook_service - INFO - __init__:160 - Base path exists: C:\Users\user1\Desktop\normie\outlook\analyze\mail
2025-07-17 15:38:29 - outlook_service - INFO - __init__:168 - Emails file not found: C:\Users\user1\Desktop\normie\outlook\analyze\mail\emails.json
2025-07-17 15:38:29 - outlook_service - INFO - __init__:170 - OutlookService initialization completed successfully
2025-07-17 15:38:29 - outlook_service - DEBUG - get_emails_data:1273 - === Loading emails data ===
2025-07-17 15:38:29 - outlook_service - INFO - get_emails_data:1280 - Found 4 folder-specific email files
2025-07-17 15:38:29 - outlook_service - DEBUG - get_emails_data:1281 - Folder files: ['emails_deleted_items.json', 'emails_drafts.json', 'emails_inbox.json', 'emails_sent_items.json']
2025-07-17 15:38:29 - outlook_service - DEBUG - _get_emails_from_multiple_files:1324 - Successfully read emails_deleted_items.json with encoding: cp1252
2025-07-17 15:38:29 - outlook_service - DEBUG - _get_emails_from_multiple_files:1364 - Loaded 5 emails from Deleted Items folder
2025-07-17 15:38:29 - outlook_service - DEBUG - _get_emails_from_multiple_files:1324 - Successfully read emails_drafts.json with encoding: utf-8
2025-07-17 15:38:29 - outlook_service - DEBUG - _get_emails_from_multiple_files:1364 - Loaded 1 emails from Drafts folder
2025-07-17 15:38:29 - outlook_service - DEBUG - _get_emails_from_multiple_files:1324 - Successfully read emails_inbox.json with encoding: cp1252
2025-07-17 15:38:29 - outlook_service - DEBUG - _get_emails_from_multiple_files:1364 - Loaded 7 emails from Inbox folder
2025-07-17 15:38:29 - outlook_service - DEBUG - _get_emails_from_multiple_files:1324 - Successfully read emails_sent_items.json with encoding: utf-8
2025-07-17 15:38:29 - outlook_service - DEBUG - _get_emails_from_multiple_files:1364 - Loaded 1 emails from Sent Items folder
2025-07-17 15:38:29 - outlook_service - DEBUG - _get_emails_from_multiple_files:1378 - Consolidated 14 emails from 4 folders
2025-07-17 15:38:29 - outlook_service - DEBUG - get_emails_list:1499 - Returning 7 emails (page 1/1)
2025-07-17 15:38:29 - outlook_service - DEBUG - get_emails_data:1273 - === Loading emails data ===
2025-07-17 15:38:29 - outlook_service - INFO - get_emails_data:1280 - Found 4 folder-specific email files
2025-07-17 15:38:29 - outlook_service - DEBUG - get_emails_data:1281 - Folder files: ['emails_deleted_items.json', 'emails_drafts.json', 'emails_inbox.json', 'emails_sent_items.json']
2025-07-17 15:38:29 - outlook_service - DEBUG - _get_emails_from_multiple_files:1324 - Successfully read emails_deleted_items.json with encoding: cp1252
2025-07-17 15:38:29 - outlook_service - DEBUG - _get_emails_from_multiple_files:1364 - Loaded 5 emails from Deleted Items folder
2025-07-17 15:38:29 - outlook_service - DEBUG - _get_emails_from_multiple_files:1324 - Successfully read emails_drafts.json with encoding: utf-8
2025-07-17 15:38:29 - outlook_service - DEBUG - _get_emails_from_multiple_files:1364 - Loaded 1 emails from Drafts folder
2025-07-17 15:38:29 - outlook_service - DEBUG - _get_emails_from_multiple_files:1324 - Successfully read emails_inbox.json with encoding: cp1252
2025-07-17 15:38:29 - outlook_service - DEBUG - _get_emails_from_multiple_files:1364 - Loaded 7 emails from Inbox folder
2025-07-17 15:38:29 - outlook_service - DEBUG - _get_emails_from_multiple_files:1324 - Successfully read emails_sent_items.json with encoding: utf-8
2025-07-17 15:38:29 - outlook_service - DEBUG - _get_emails_from_multiple_files:1364 - Loaded 1 emails from Sent Items folder
2025-07-17 15:38:29 - outlook_service - DEBUG - _get_emails_from_multiple_files:1378 - Consolidated 14 emails from 4 folders
2025-07-17 15:39:29 - outlook_service - INFO - __init__:136 - === Initializing OutlookService ===
2025-07-17 15:39:29 - outlook_service - DEBUG - __init__:137 - Service initialization started at 2025-07-17 15:39:29.522207
2025-07-17 15:39:29 - outlook_service - INFO - __init__:146 - OutlookService configured for user: user1
2025-07-17 15:39:29 - outlook_service - DEBUG - __init__:147 - Base path: C:\Users\user1\Desktop\normie\outlook\analyze\mail
2025-07-17 15:39:29 - outlook_service - DEBUG - __init__:148 - Emails file: C:\Users\user1\Desktop\normie\outlook\analyze\mail\emails.json
2025-07-17 15:39:29 - outlook_service - DEBUG - __init__:149 - Data folder: C:\Users\user1\Desktop\normie\outlook\analyze\mail\data
2025-07-17 15:39:29 - outlook_service - INFO - __init__:156 - COM interface availability: True
2025-07-17 15:39:29 - outlook_service - INFO - __init__:160 - Base path exists: C:\Users\user1\Desktop\normie\outlook\analyze\mail
2025-07-17 15:39:29 - outlook_service - INFO - __init__:168 - Emails file not found: C:\Users\user1\Desktop\normie\outlook\analyze\mail\emails.json
2025-07-17 15:39:29 - outlook_service - INFO - __init__:170 - OutlookService initialization completed successfully
2025-07-17 15:39:29 - outlook_service - DEBUG - get_emails_data:1273 - === Loading emails data ===
2025-07-17 15:39:29 - outlook_service - INFO - get_emails_data:1280 - Found 4 folder-specific email files
2025-07-17 15:39:29 - outlook_service - DEBUG - get_emails_data:1281 - Folder files: ['emails_deleted_items.json', 'emails_drafts.json', 'emails_inbox.json', 'emails_sent_items.json']
2025-07-17 15:39:29 - outlook_service - DEBUG - _get_emails_from_multiple_files:1324 - Successfully read emails_deleted_items.json with encoding: cp1252
2025-07-17 15:39:29 - outlook_service - DEBUG - _get_emails_from_multiple_files:1364 - Loaded 5 emails from Deleted Items folder
2025-07-17 15:39:29 - outlook_service - DEBUG - _get_emails_from_multiple_files:1324 - Successfully read emails_drafts.json with encoding: utf-8
2025-07-17 15:39:29 - outlook_service - DEBUG - _get_emails_from_multiple_files:1364 - Loaded 1 emails from Drafts folder
2025-07-17 15:39:29 - outlook_service - DEBUG - _get_emails_from_multiple_files:1324 - Successfully read emails_inbox.json with encoding: cp1252
2025-07-17 15:39:29 - outlook_service - DEBUG - _get_emails_from_multiple_files:1364 - Loaded 7 emails from Inbox folder
2025-07-17 15:39:29 - outlook_service - DEBUG - _get_emails_from_multiple_files:1324 - Successfully read emails_sent_items.json with encoding: utf-8
2025-07-17 15:39:29 - outlook_service - DEBUG - _get_emails_from_multiple_files:1364 - Loaded 1 emails from Sent Items folder
2025-07-17 15:39:29 - outlook_service - DEBUG - _get_emails_from_multiple_files:1378 - Consolidated 14 emails from 4 folders
2025-07-17 15:39:29 - outlook_service - DEBUG - get_emails_list:1499 - Returning 7 emails (page 1/1)
2025-07-17 15:39:29 - outlook_service - DEBUG - get_emails_data:1273 - === Loading emails data ===
2025-07-17 15:39:29 - outlook_service - INFO - get_emails_data:1280 - Found 4 folder-specific email files
2025-07-17 15:39:29 - outlook_service - DEBUG - get_emails_data:1281 - Folder files: ['emails_deleted_items.json', 'emails_drafts.json', 'emails_inbox.json', 'emails_sent_items.json']
2025-07-17 15:39:29 - outlook_service - DEBUG - _get_emails_from_multiple_files:1324 - Successfully read emails_deleted_items.json with encoding: cp1252
2025-07-17 15:39:29 - outlook_service - DEBUG - _get_emails_from_multiple_files:1364 - Loaded 5 emails from Deleted Items folder
2025-07-17 15:39:29 - outlook_service - DEBUG - _get_emails_from_multiple_files:1324 - Successfully read emails_drafts.json with encoding: utf-8
2025-07-17 15:39:29 - outlook_service - DEBUG - _get_emails_from_multiple_files:1364 - Loaded 1 emails from Drafts folder
2025-07-17 15:39:29 - outlook_service - DEBUG - _get_emails_from_multiple_files:1324 - Successfully read emails_inbox.json with encoding: cp1252
2025-07-17 15:39:29 - outlook_service - DEBUG - _get_emails_from_multiple_files:1364 - Loaded 7 emails from Inbox folder
2025-07-17 15:39:29 - outlook_service - DEBUG - _get_emails_from_multiple_files:1324 - Successfully read emails_sent_items.json with encoding: utf-8
2025-07-17 15:39:29 - outlook_service - DEBUG - _get_emails_from_multiple_files:1364 - Loaded 1 emails from Sent Items folder
2025-07-17 15:39:29 - outlook_service - DEBUG - _get_emails_from_multiple_files:1378 - Consolidated 14 emails from 4 folders
2025-07-17 15:40:29 - outlook_service - INFO - __init__:136 - === Initializing OutlookService ===
2025-07-17 15:40:29 - outlook_service - DEBUG - __init__:137 - Service initialization started at 2025-07-17 15:40:29.522067
2025-07-17 15:40:29 - outlook_service - INFO - __init__:146 - OutlookService configured for user: user1
2025-07-17 15:40:29 - outlook_service - DEBUG - __init__:147 - Base path: C:\Users\user1\Desktop\normie\outlook\analyze\mail
2025-07-17 15:40:29 - outlook_service - DEBUG - __init__:148 - Emails file: C:\Users\user1\Desktop\normie\outlook\analyze\mail\emails.json
2025-07-17 15:40:29 - outlook_service - DEBUG - __init__:149 - Data folder: C:\Users\user1\Desktop\normie\outlook\analyze\mail\data
2025-07-17 15:40:29 - outlook_service - INFO - __init__:156 - COM interface availability: True
2025-07-17 15:40:29 - outlook_service - INFO - __init__:160 - Base path exists: C:\Users\user1\Desktop\normie\outlook\analyze\mail
2025-07-17 15:40:29 - outlook_service - INFO - __init__:168 - Emails file not found: C:\Users\user1\Desktop\normie\outlook\analyze\mail\emails.json
2025-07-17 15:40:29 - outlook_service - INFO - __init__:170 - OutlookService initialization completed successfully
2025-07-17 15:40:29 - outlook_service - DEBUG - get_emails_data:1273 - === Loading emails data ===
2025-07-17 15:40:29 - outlook_service - INFO - get_emails_data:1280 - Found 4 folder-specific email files
2025-07-17 15:40:29 - outlook_service - DEBUG - get_emails_data:1281 - Folder files: ['emails_deleted_items.json', 'emails_drafts.json', 'emails_inbox.json', 'emails_sent_items.json']
2025-07-17 15:40:29 - outlook_service - DEBUG - _get_emails_from_multiple_files:1324 - Successfully read emails_deleted_items.json with encoding: cp1252
2025-07-17 15:40:29 - outlook_service - DEBUG - _get_emails_from_multiple_files:1364 - Loaded 5 emails from Deleted Items folder
2025-07-17 15:40:29 - outlook_service - DEBUG - _get_emails_from_multiple_files:1324 - Successfully read emails_drafts.json with encoding: utf-8
2025-07-17 15:40:29 - outlook_service - DEBUG - _get_emails_from_multiple_files:1364 - Loaded 1 emails from Drafts folder
2025-07-17 15:40:29 - outlook_service - DEBUG - _get_emails_from_multiple_files:1324 - Successfully read emails_inbox.json with encoding: cp1252
2025-07-17 15:40:29 - outlook_service - DEBUG - _get_emails_from_multiple_files:1364 - Loaded 7 emails from Inbox folder
2025-07-17 15:40:29 - outlook_service - DEBUG - _get_emails_from_multiple_files:1324 - Successfully read emails_sent_items.json with encoding: utf-8
2025-07-17 15:40:29 - outlook_service - DEBUG - _get_emails_from_multiple_files:1364 - Loaded 1 emails from Sent Items folder
2025-07-17 15:40:29 - outlook_service - DEBUG - _get_emails_from_multiple_files:1378 - Consolidated 14 emails from 4 folders
2025-07-17 15:40:29 - outlook_service - DEBUG - get_emails_list:1499 - Returning 7 emails (page 1/1)
2025-07-17 15:40:29 - outlook_service - DEBUG - get_emails_data:1273 - === Loading emails data ===
2025-07-17 15:40:29 - outlook_service - INFO - get_emails_data:1280 - Found 4 folder-specific email files
2025-07-17 15:40:29 - outlook_service - DEBUG - get_emails_data:1281 - Folder files: ['emails_deleted_items.json', 'emails_drafts.json', 'emails_inbox.json', 'emails_sent_items.json']
2025-07-17 15:40:29 - outlook_service - DEBUG - _get_emails_from_multiple_files:1324 - Successfully read emails_deleted_items.json with encoding: cp1252
2025-07-17 15:40:29 - outlook_service - DEBUG - _get_emails_from_multiple_files:1364 - Loaded 5 emails from Deleted Items folder
2025-07-17 15:40:29 - outlook_service - DEBUG - _get_emails_from_multiple_files:1324 - Successfully read emails_drafts.json with encoding: utf-8
2025-07-17 15:40:29 - outlook_service - DEBUG - _get_emails_from_multiple_files:1364 - Loaded 1 emails from Drafts folder
2025-07-17 15:40:29 - outlook_service - DEBUG - _get_emails_from_multiple_files:1324 - Successfully read emails_inbox.json with encoding: cp1252
2025-07-17 15:40:29 - outlook_service - DEBUG - _get_emails_from_multiple_files:1364 - Loaded 7 emails from Inbox folder
2025-07-17 15:40:29 - outlook_service - DEBUG - _get_emails_from_multiple_files:1324 - Successfully read emails_sent_items.json with encoding: utf-8
2025-07-17 15:40:29 - outlook_service - DEBUG - _get_emails_from_multiple_files:1364 - Loaded 1 emails from Sent Items folder
2025-07-17 15:40:29 - outlook_service - DEBUG - _get_emails_from_multiple_files:1378 - Consolidated 14 emails from 4 folders
2025-07-17 15:41:29 - outlook_service - INFO - __init__:136 - === Initializing OutlookService ===
2025-07-17 15:41:29 - outlook_service - DEBUG - __init__:137 - Service initialization started at 2025-07-17 15:41:29.509778
2025-07-17 15:41:29 - outlook_service - INFO - __init__:146 - OutlookService configured for user: user1
2025-07-17 15:41:29 - outlook_service - DEBUG - __init__:147 - Base path: C:\Users\user1\Desktop\normie\outlook\analyze\mail
2025-07-17 15:41:29 - outlook_service - DEBUG - __init__:148 - Emails file: C:\Users\user1\Desktop\normie\outlook\analyze\mail\emails.json
2025-07-17 15:41:29 - outlook_service - DEBUG - __init__:149 - Data folder: C:\Users\user1\Desktop\normie\outlook\analyze\mail\data
2025-07-17 15:41:29 - outlook_service - INFO - __init__:156 - COM interface availability: True
2025-07-17 15:41:29 - outlook_service - INFO - __init__:160 - Base path exists: C:\Users\user1\Desktop\normie\outlook\analyze\mail
2025-07-17 15:41:29 - outlook_service - INFO - __init__:168 - Emails file not found: C:\Users\user1\Desktop\normie\outlook\analyze\mail\emails.json
2025-07-17 15:41:29 - outlook_service - INFO - __init__:170 - OutlookService initialization completed successfully
2025-07-17 15:41:29 - outlook_service - DEBUG - get_emails_data:1273 - === Loading emails data ===
2025-07-17 15:41:29 - outlook_service - INFO - get_emails_data:1280 - Found 4 folder-specific email files
2025-07-17 15:41:29 - outlook_service - DEBUG - get_emails_data:1281 - Folder files: ['emails_deleted_items.json', 'emails_drafts.json', 'emails_inbox.json', 'emails_sent_items.json']
2025-07-17 15:41:29 - outlook_service - DEBUG - _get_emails_from_multiple_files:1324 - Successfully read emails_deleted_items.json with encoding: cp1252
2025-07-17 15:41:29 - outlook_service - DEBUG - _get_emails_from_multiple_files:1364 - Loaded 5 emails from Deleted Items folder
2025-07-17 15:41:29 - outlook_service - DEBUG - _get_emails_from_multiple_files:1324 - Successfully read emails_drafts.json with encoding: utf-8
2025-07-17 15:41:29 - outlook_service - DEBUG - _get_emails_from_multiple_files:1364 - Loaded 1 emails from Drafts folder
2025-07-17 15:41:29 - outlook_service - DEBUG - _get_emails_from_multiple_files:1324 - Successfully read emails_inbox.json with encoding: cp1252
2025-07-17 15:41:29 - outlook_service - DEBUG - _get_emails_from_multiple_files:1364 - Loaded 7 emails from Inbox folder
2025-07-17 15:41:29 - outlook_service - DEBUG - _get_emails_from_multiple_files:1324 - Successfully read emails_sent_items.json with encoding: utf-8
2025-07-17 15:41:29 - outlook_service - DEBUG - _get_emails_from_multiple_files:1364 - Loaded 1 emails from Sent Items folder
2025-07-17 15:41:29 - outlook_service - DEBUG - _get_emails_from_multiple_files:1378 - Consolidated 14 emails from 4 folders
2025-07-17 15:41:29 - outlook_service - DEBUG - get_emails_list:1499 - Returning 7 emails (page 1/1)
2025-07-17 15:41:29 - outlook_service - DEBUG - get_emails_data:1273 - === Loading emails data ===
2025-07-17 15:41:29 - outlook_service - INFO - get_emails_data:1280 - Found 4 folder-specific email files
2025-07-17 15:41:29 - outlook_service - DEBUG - get_emails_data:1281 - Folder files: ['emails_deleted_items.json', 'emails_drafts.json', 'emails_inbox.json', 'emails_sent_items.json']
2025-07-17 15:41:29 - outlook_service - DEBUG - _get_emails_from_multiple_files:1324 - Successfully read emails_deleted_items.json with encoding: cp1252
2025-07-17 15:41:29 - outlook_service - DEBUG - _get_emails_from_multiple_files:1364 - Loaded 5 emails from Deleted Items folder
2025-07-17 15:41:29 - outlook_service - DEBUG - _get_emails_from_multiple_files:1324 - Successfully read emails_drafts.json with encoding: utf-8
2025-07-17 15:41:29 - outlook_service - DEBUG - _get_emails_from_multiple_files:1364 - Loaded 1 emails from Drafts folder
2025-07-17 15:41:29 - outlook_service - DEBUG - _get_emails_from_multiple_files:1324 - Successfully read emails_inbox.json with encoding: cp1252
2025-07-17 15:41:29 - outlook_service - DEBUG - _get_emails_from_multiple_files:1364 - Loaded 7 emails from Inbox folder
2025-07-17 15:41:29 - outlook_service - DEBUG - _get_emails_from_multiple_files:1324 - Successfully read emails_sent_items.json with encoding: utf-8
2025-07-17 15:41:29 - outlook_service - DEBUG - _get_emails_from_multiple_files:1364 - Loaded 1 emails from Sent Items folder
2025-07-17 15:41:29 - outlook_service - DEBUG - _get_emails_from_multiple_files:1378 - Consolidated 14 emails from 4 folders
2025-07-17 15:42:29 - outlook_service - INFO - __init__:136 - === Initializing OutlookService ===
2025-07-17 15:42:29 - outlook_service - DEBUG - __init__:137 - Service initialization started at 2025-07-17 15:42:29.522222
2025-07-17 15:42:29 - outlook_service - INFO - __init__:146 - OutlookService configured for user: user1
2025-07-17 15:42:29 - outlook_service - DEBUG - __init__:147 - Base path: C:\Users\user1\Desktop\normie\outlook\analyze\mail
2025-07-17 15:42:29 - outlook_service - DEBUG - __init__:148 - Emails file: C:\Users\user1\Desktop\normie\outlook\analyze\mail\emails.json
2025-07-17 15:42:29 - outlook_service - DEBUG - __init__:149 - Data folder: C:\Users\user1\Desktop\normie\outlook\analyze\mail\data
2025-07-17 15:42:29 - outlook_service - INFO - __init__:156 - COM interface availability: True
2025-07-17 15:42:29 - outlook_service - INFO - __init__:160 - Base path exists: C:\Users\user1\Desktop\normie\outlook\analyze\mail
2025-07-17 15:42:29 - outlook_service - INFO - __init__:168 - Emails file not found: C:\Users\user1\Desktop\normie\outlook\analyze\mail\emails.json
2025-07-17 15:42:29 - outlook_service - INFO - __init__:170 - OutlookService initialization completed successfully
2025-07-17 15:42:29 - outlook_service - DEBUG - get_emails_data:1273 - === Loading emails data ===
2025-07-17 15:42:29 - outlook_service - INFO - get_emails_data:1280 - Found 4 folder-specific email files
2025-07-17 15:42:29 - outlook_service - DEBUG - get_emails_data:1281 - Folder files: ['emails_deleted_items.json', 'emails_drafts.json', 'emails_inbox.json', 'emails_sent_items.json']
2025-07-17 15:42:29 - outlook_service - DEBUG - _get_emails_from_multiple_files:1324 - Successfully read emails_deleted_items.json with encoding: cp1252
2025-07-17 15:42:29 - outlook_service - DEBUG - _get_emails_from_multiple_files:1364 - Loaded 5 emails from Deleted Items folder
2025-07-17 15:42:29 - outlook_service - DEBUG - _get_emails_from_multiple_files:1324 - Successfully read emails_drafts.json with encoding: utf-8
2025-07-17 15:42:29 - outlook_service - DEBUG - _get_emails_from_multiple_files:1364 - Loaded 1 emails from Drafts folder
2025-07-17 15:42:29 - outlook_service - DEBUG - _get_emails_from_multiple_files:1324 - Successfully read emails_inbox.json with encoding: cp1252
2025-07-17 15:42:29 - outlook_service - DEBUG - _get_emails_from_multiple_files:1364 - Loaded 7 emails from Inbox folder
2025-07-17 15:42:29 - outlook_service - DEBUG - _get_emails_from_multiple_files:1324 - Successfully read emails_sent_items.json with encoding: utf-8
2025-07-17 15:42:29 - outlook_service - DEBUG - _get_emails_from_multiple_files:1364 - Loaded 1 emails from Sent Items folder
2025-07-17 15:42:29 - outlook_service - DEBUG - _get_emails_from_multiple_files:1378 - Consolidated 14 emails from 4 folders
2025-07-17 15:42:29 - outlook_service - DEBUG - get_emails_list:1499 - Returning 7 emails (page 1/1)
2025-07-17 15:42:29 - outlook_service - DEBUG - get_emails_data:1273 - === Loading emails data ===
2025-07-17 15:42:29 - outlook_service - INFO - get_emails_data:1280 - Found 4 folder-specific email files
2025-07-17 15:42:29 - outlook_service - DEBUG - get_emails_data:1281 - Folder files: ['emails_deleted_items.json', 'emails_drafts.json', 'emails_inbox.json', 'emails_sent_items.json']
2025-07-17 15:42:29 - outlook_service - DEBUG - _get_emails_from_multiple_files:1324 - Successfully read emails_deleted_items.json with encoding: cp1252
2025-07-17 15:42:29 - outlook_service - DEBUG - _get_emails_from_multiple_files:1364 - Loaded 5 emails from Deleted Items folder
2025-07-17 15:42:29 - outlook_service - DEBUG - _get_emails_from_multiple_files:1324 - Successfully read emails_drafts.json with encoding: utf-8
2025-07-17 15:42:29 - outlook_service - DEBUG - _get_emails_from_multiple_files:1364 - Loaded 1 emails from Drafts folder
2025-07-17 15:42:29 - outlook_service - DEBUG - _get_emails_from_multiple_files:1324 - Successfully read emails_inbox.json with encoding: cp1252
2025-07-17 15:42:29 - outlook_service - DEBUG - _get_emails_from_multiple_files:1364 - Loaded 7 emails from Inbox folder
2025-07-17 15:42:29 - outlook_service - DEBUG - _get_emails_from_multiple_files:1324 - Successfully read emails_sent_items.json with encoding: utf-8
2025-07-17 15:42:29 - outlook_service - DEBUG - _get_emails_from_multiple_files:1364 - Loaded 1 emails from Sent Items folder
2025-07-17 15:42:29 - outlook_service - DEBUG - _get_emails_from_multiple_files:1378 - Consolidated 14 emails from 4 folders
2025-07-17 15:43:29 - outlook_service - INFO - __init__:136 - === Initializing OutlookService ===
2025-07-17 15:43:29 - outlook_service - DEBUG - __init__:137 - Service initialization started at 2025-07-17 15:43:29.506687
2025-07-17 15:43:29 - outlook_service - INFO - __init__:146 - OutlookService configured for user: user1
2025-07-17 15:43:29 - outlook_service - DEBUG - __init__:147 - Base path: C:\Users\user1\Desktop\normie\outlook\analyze\mail
2025-07-17 15:43:29 - outlook_service - DEBUG - __init__:148 - Emails file: C:\Users\user1\Desktop\normie\outlook\analyze\mail\emails.json
2025-07-17 15:43:29 - outlook_service - DEBUG - __init__:149 - Data folder: C:\Users\user1\Desktop\normie\outlook\analyze\mail\data
2025-07-17 15:43:29 - outlook_service - INFO - __init__:156 - COM interface availability: True
2025-07-17 15:43:29 - outlook_service - INFO - __init__:160 - Base path exists: C:\Users\user1\Desktop\normie\outlook\analyze\mail
2025-07-17 15:43:29 - outlook_service - INFO - __init__:168 - Emails file not found: C:\Users\user1\Desktop\normie\outlook\analyze\mail\emails.json
2025-07-17 15:43:29 - outlook_service - INFO - __init__:170 - OutlookService initialization completed successfully
2025-07-17 15:43:29 - outlook_service - DEBUG - get_emails_data:1273 - === Loading emails data ===
2025-07-17 15:43:29 - outlook_service - INFO - get_emails_data:1280 - Found 4 folder-specific email files
2025-07-17 15:43:29 - outlook_service - DEBUG - get_emails_data:1281 - Folder files: ['emails_deleted_items.json', 'emails_drafts.json', 'emails_inbox.json', 'emails_sent_items.json']
2025-07-17 15:43:29 - outlook_service - DEBUG - _get_emails_from_multiple_files:1324 - Successfully read emails_deleted_items.json with encoding: cp1252
2025-07-17 15:43:29 - outlook_service - DEBUG - _get_emails_from_multiple_files:1364 - Loaded 5 emails from Deleted Items folder
2025-07-17 15:43:29 - outlook_service - DEBUG - _get_emails_from_multiple_files:1324 - Successfully read emails_drafts.json with encoding: utf-8
2025-07-17 15:43:29 - outlook_service - DEBUG - _get_emails_from_multiple_files:1364 - Loaded 1 emails from Drafts folder
2025-07-17 15:43:29 - outlook_service - DEBUG - _get_emails_from_multiple_files:1324 - Successfully read emails_inbox.json with encoding: cp1252
2025-07-17 15:43:29 - outlook_service - DEBUG - _get_emails_from_multiple_files:1364 - Loaded 7 emails from Inbox folder
2025-07-17 15:43:29 - outlook_service - DEBUG - _get_emails_from_multiple_files:1324 - Successfully read emails_sent_items.json with encoding: utf-8
2025-07-17 15:43:29 - outlook_service - DEBUG - _get_emails_from_multiple_files:1364 - Loaded 1 emails from Sent Items folder
2025-07-17 15:43:29 - outlook_service - DEBUG - _get_emails_from_multiple_files:1378 - Consolidated 14 emails from 4 folders
2025-07-17 15:43:29 - outlook_service - DEBUG - get_emails_list:1499 - Returning 7 emails (page 1/1)
2025-07-17 15:43:29 - outlook_service - DEBUG - get_emails_data:1273 - === Loading emails data ===
2025-07-17 15:43:29 - outlook_service - INFO - get_emails_data:1280 - Found 4 folder-specific email files
2025-07-17 15:43:29 - outlook_service - DEBUG - get_emails_data:1281 - Folder files: ['emails_deleted_items.json', 'emails_drafts.json', 'emails_inbox.json', 'emails_sent_items.json']
2025-07-17 15:43:29 - outlook_service - DEBUG - _get_emails_from_multiple_files:1324 - Successfully read emails_deleted_items.json with encoding: cp1252
2025-07-17 15:43:29 - outlook_service - DEBUG - _get_emails_from_multiple_files:1364 - Loaded 5 emails from Deleted Items folder
2025-07-17 15:43:29 - outlook_service - DEBUG - _get_emails_from_multiple_files:1324 - Successfully read emails_drafts.json with encoding: utf-8
2025-07-17 15:43:29 - outlook_service - DEBUG - _get_emails_from_multiple_files:1364 - Loaded 1 emails from Drafts folder
2025-07-17 15:43:29 - outlook_service - DEBUG - _get_emails_from_multiple_files:1324 - Successfully read emails_inbox.json with encoding: cp1252
2025-07-17 15:43:29 - outlook_service - DEBUG - _get_emails_from_multiple_files:1364 - Loaded 7 emails from Inbox folder
2025-07-17 15:43:29 - outlook_service - DEBUG - _get_emails_from_multiple_files:1324 - Successfully read emails_sent_items.json with encoding: utf-8
2025-07-17 15:43:29 - outlook_service - DEBUG - _get_emails_from_multiple_files:1364 - Loaded 1 emails from Sent Items folder
2025-07-17 15:43:29 - outlook_service - DEBUG - _get_emails_from_multiple_files:1378 - Consolidated 14 emails from 4 folders
2025-07-17 15:44:29 - outlook_service - INFO - __init__:136 - === Initializing OutlookService ===
2025-07-17 15:44:29 - outlook_service - DEBUG - __init__:137 - Service initialization started at 2025-07-17 15:44:29.505119
2025-07-17 15:44:29 - outlook_service - INFO - __init__:146 - OutlookService configured for user: user1
2025-07-17 15:44:29 - outlook_service - DEBUG - __init__:147 - Base path: C:\Users\user1\Desktop\normie\outlook\analyze\mail
2025-07-17 15:44:29 - outlook_service - DEBUG - __init__:148 - Emails file: C:\Users\user1\Desktop\normie\outlook\analyze\mail\emails.json
2025-07-17 15:44:29 - outlook_service - DEBUG - __init__:149 - Data folder: C:\Users\user1\Desktop\normie\outlook\analyze\mail\data
2025-07-17 15:44:29 - outlook_service - INFO - __init__:156 - COM interface availability: True
2025-07-17 15:44:29 - outlook_service - INFO - __init__:160 - Base path exists: C:\Users\user1\Desktop\normie\outlook\analyze\mail
2025-07-17 15:44:29 - outlook_service - INFO - __init__:168 - Emails file not found: C:\Users\user1\Desktop\normie\outlook\analyze\mail\emails.json
2025-07-17 15:44:29 - outlook_service - INFO - __init__:170 - OutlookService initialization completed successfully
2025-07-17 15:44:29 - outlook_service - DEBUG - get_emails_data:1273 - === Loading emails data ===
2025-07-17 15:44:29 - outlook_service - INFO - get_emails_data:1280 - Found 4 folder-specific email files
2025-07-17 15:44:29 - outlook_service - DEBUG - get_emails_data:1281 - Folder files: ['emails_deleted_items.json', 'emails_drafts.json', 'emails_inbox.json', 'emails_sent_items.json']
2025-07-17 15:44:29 - outlook_service - DEBUG - _get_emails_from_multiple_files:1324 - Successfully read emails_deleted_items.json with encoding: cp1252
2025-07-17 15:44:29 - outlook_service - DEBUG - _get_emails_from_multiple_files:1364 - Loaded 5 emails from Deleted Items folder
2025-07-17 15:44:29 - outlook_service - DEBUG - _get_emails_from_multiple_files:1324 - Successfully read emails_drafts.json with encoding: utf-8
2025-07-17 15:44:29 - outlook_service - DEBUG - _get_emails_from_multiple_files:1364 - Loaded 1 emails from Drafts folder
2025-07-17 15:44:29 - outlook_service - DEBUG - _get_emails_from_multiple_files:1324 - Successfully read emails_inbox.json with encoding: cp1252
2025-07-17 15:44:29 - outlook_service - DEBUG - _get_emails_from_multiple_files:1364 - Loaded 7 emails from Inbox folder
2025-07-17 15:44:29 - outlook_service - DEBUG - _get_emails_from_multiple_files:1324 - Successfully read emails_sent_items.json with encoding: utf-8
2025-07-17 15:44:29 - outlook_service - DEBUG - _get_emails_from_multiple_files:1364 - Loaded 1 emails from Sent Items folder
2025-07-17 15:44:29 - outlook_service - DEBUG - _get_emails_from_multiple_files:1378 - Consolidated 14 emails from 4 folders
2025-07-17 15:44:29 - outlook_service - DEBUG - get_emails_list:1499 - Returning 7 emails (page 1/1)
2025-07-17 15:44:29 - outlook_service - DEBUG - get_emails_data:1273 - === Loading emails data ===
2025-07-17 15:44:29 - outlook_service - INFO - get_emails_data:1280 - Found 4 folder-specific email files
2025-07-17 15:44:29 - outlook_service - DEBUG - get_emails_data:1281 - Folder files: ['emails_deleted_items.json', 'emails_drafts.json', 'emails_inbox.json', 'emails_sent_items.json']
2025-07-17 15:44:29 - outlook_service - DEBUG - _get_emails_from_multiple_files:1324 - Successfully read emails_deleted_items.json with encoding: cp1252
2025-07-17 15:44:29 - outlook_service - DEBUG - _get_emails_from_multiple_files:1364 - Loaded 5 emails from Deleted Items folder
2025-07-17 15:44:29 - outlook_service - DEBUG - _get_emails_from_multiple_files:1324 - Successfully read emails_drafts.json with encoding: utf-8
2025-07-17 15:44:29 - outlook_service - DEBUG - _get_emails_from_multiple_files:1364 - Loaded 1 emails from Drafts folder
2025-07-17 15:44:29 - outlook_service - DEBUG - _get_emails_from_multiple_files:1324 - Successfully read emails_inbox.json with encoding: cp1252
2025-07-17 15:44:29 - outlook_service - DEBUG - _get_emails_from_multiple_files:1364 - Loaded 7 emails from Inbox folder
2025-07-17 15:44:29 - outlook_service - DEBUG - _get_emails_from_multiple_files:1324 - Successfully read emails_sent_items.json with encoding: utf-8
2025-07-17 15:44:29 - outlook_service - DEBUG - _get_emails_from_multiple_files:1364 - Loaded 1 emails from Sent Items folder
2025-07-17 15:44:29 - outlook_service - DEBUG - _get_emails_from_multiple_files:1378 - Consolidated 14 emails from 4 folders
2025-07-17 15:45:29 - outlook_service - INFO - __init__:136 - === Initializing OutlookService ===
2025-07-17 15:45:29 - outlook_service - DEBUG - __init__:137 - Service initialization started at 2025-07-17 15:45:29.510434
2025-07-17 15:45:29 - outlook_service - INFO - __init__:146 - OutlookService configured for user: user1
2025-07-17 15:45:29 - outlook_service - DEBUG - __init__:147 - Base path: C:\Users\user1\Desktop\normie\outlook\analyze\mail
2025-07-17 15:45:29 - outlook_service - DEBUG - __init__:148 - Emails file: C:\Users\user1\Desktop\normie\outlook\analyze\mail\emails.json
2025-07-17 15:45:29 - outlook_service - DEBUG - __init__:149 - Data folder: C:\Users\user1\Desktop\normie\outlook\analyze\mail\data
2025-07-17 15:45:29 - outlook_service - INFO - __init__:156 - COM interface availability: True
2025-07-17 15:45:29 - outlook_service - INFO - __init__:160 - Base path exists: C:\Users\user1\Desktop\normie\outlook\analyze\mail
2025-07-17 15:45:29 - outlook_service - INFO - __init__:168 - Emails file not found: C:\Users\user1\Desktop\normie\outlook\analyze\mail\emails.json
2025-07-17 15:45:29 - outlook_service - INFO - __init__:170 - OutlookService initialization completed successfully
2025-07-17 15:45:29 - outlook_service - DEBUG - get_emails_data:1273 - === Loading emails data ===
2025-07-17 15:45:29 - outlook_service - INFO - get_emails_data:1280 - Found 4 folder-specific email files
2025-07-17 15:45:29 - outlook_service - DEBUG - get_emails_data:1281 - Folder files: ['emails_deleted_items.json', 'emails_drafts.json', 'emails_inbox.json', 'emails_sent_items.json']
2025-07-17 15:45:29 - outlook_service - DEBUG - _get_emails_from_multiple_files:1324 - Successfully read emails_deleted_items.json with encoding: cp1252
2025-07-17 15:45:29 - outlook_service - DEBUG - _get_emails_from_multiple_files:1364 - Loaded 5 emails from Deleted Items folder
2025-07-17 15:45:29 - outlook_service - DEBUG - _get_emails_from_multiple_files:1324 - Successfully read emails_drafts.json with encoding: utf-8
2025-07-17 15:45:29 - outlook_service - DEBUG - _get_emails_from_multiple_files:1364 - Loaded 1 emails from Drafts folder
2025-07-17 15:45:29 - outlook_service - DEBUG - _get_emails_from_multiple_files:1324 - Successfully read emails_inbox.json with encoding: cp1252
2025-07-17 15:45:29 - outlook_service - DEBUG - _get_emails_from_multiple_files:1364 - Loaded 7 emails from Inbox folder
2025-07-17 15:45:29 - outlook_service - DEBUG - _get_emails_from_multiple_files:1324 - Successfully read emails_sent_items.json with encoding: utf-8
2025-07-17 15:45:29 - outlook_service - DEBUG - _get_emails_from_multiple_files:1364 - Loaded 1 emails from Sent Items folder
2025-07-17 15:45:29 - outlook_service - DEBUG - _get_emails_from_multiple_files:1378 - Consolidated 14 emails from 4 folders
2025-07-17 15:45:29 - outlook_service - DEBUG - get_emails_list:1499 - Returning 7 emails (page 1/1)
2025-07-17 15:45:29 - outlook_service - DEBUG - get_emails_data:1273 - === Loading emails data ===
2025-07-17 15:45:29 - outlook_service - INFO - get_emails_data:1280 - Found 4 folder-specific email files
2025-07-17 15:45:29 - outlook_service - DEBUG - get_emails_data:1281 - Folder files: ['emails_deleted_items.json', 'emails_drafts.json', 'emails_inbox.json', 'emails_sent_items.json']
2025-07-17 15:45:29 - outlook_service - DEBUG - _get_emails_from_multiple_files:1324 - Successfully read emails_deleted_items.json with encoding: cp1252
2025-07-17 15:45:29 - outlook_service - DEBUG - _get_emails_from_multiple_files:1364 - Loaded 5 emails from Deleted Items folder
2025-07-17 15:45:29 - outlook_service - DEBUG - _get_emails_from_multiple_files:1324 - Successfully read emails_drafts.json with encoding: utf-8
2025-07-17 15:45:29 - outlook_service - DEBUG - _get_emails_from_multiple_files:1364 - Loaded 1 emails from Drafts folder
2025-07-17 15:45:29 - outlook_service - DEBUG - _get_emails_from_multiple_files:1324 - Successfully read emails_inbox.json with encoding: cp1252
2025-07-17 15:45:29 - outlook_service - DEBUG - _get_emails_from_multiple_files:1364 - Loaded 7 emails from Inbox folder
2025-07-17 15:45:29 - outlook_service - DEBUG - _get_emails_from_multiple_files:1324 - Successfully read emails_sent_items.json with encoding: utf-8
2025-07-17 15:45:29 - outlook_service - DEBUG - _get_emails_from_multiple_files:1364 - Loaded 1 emails from Sent Items folder
2025-07-17 15:45:29 - outlook_service - DEBUG - _get_emails_from_multiple_files:1378 - Consolidated 14 emails from 4 folders
2025-07-17 15:46:29 - outlook_service - INFO - __init__:136 - === Initializing OutlookService ===
2025-07-17 15:46:29 - outlook_service - DEBUG - __init__:137 - Service initialization started at 2025-07-17 15:46:29.504990
2025-07-17 15:46:29 - outlook_service - INFO - __init__:146 - OutlookService configured for user: user1
2025-07-17 15:46:29 - outlook_service - DEBUG - __init__:147 - Base path: C:\Users\user1\Desktop\normie\outlook\analyze\mail
2025-07-17 15:46:29 - outlook_service - DEBUG - __init__:148 - Emails file: C:\Users\user1\Desktop\normie\outlook\analyze\mail\emails.json
2025-07-17 15:46:29 - outlook_service - DEBUG - __init__:149 - Data folder: C:\Users\user1\Desktop\normie\outlook\analyze\mail\data
2025-07-17 15:46:29 - outlook_service - INFO - __init__:156 - COM interface availability: True
2025-07-17 15:46:29 - outlook_service - INFO - __init__:160 - Base path exists: C:\Users\user1\Desktop\normie\outlook\analyze\mail
2025-07-17 15:46:29 - outlook_service - INFO - __init__:168 - Emails file not found: C:\Users\user1\Desktop\normie\outlook\analyze\mail\emails.json
2025-07-17 15:46:29 - outlook_service - INFO - __init__:170 - OutlookService initialization completed successfully
2025-07-17 15:46:29 - outlook_service - DEBUG - get_emails_data:1273 - === Loading emails data ===
2025-07-17 15:46:29 - outlook_service - INFO - get_emails_data:1280 - Found 4 folder-specific email files
2025-07-17 15:46:29 - outlook_service - DEBUG - get_emails_data:1281 - Folder files: ['emails_deleted_items.json', 'emails_drafts.json', 'emails_inbox.json', 'emails_sent_items.json']
2025-07-17 15:46:29 - outlook_service - DEBUG - _get_emails_from_multiple_files:1324 - Successfully read emails_deleted_items.json with encoding: cp1252
2025-07-17 15:46:29 - outlook_service - DEBUG - _get_emails_from_multiple_files:1364 - Loaded 5 emails from Deleted Items folder
2025-07-17 15:46:29 - outlook_service - DEBUG - _get_emails_from_multiple_files:1324 - Successfully read emails_drafts.json with encoding: utf-8
2025-07-17 15:46:29 - outlook_service - DEBUG - _get_emails_from_multiple_files:1364 - Loaded 1 emails from Drafts folder
2025-07-17 15:46:29 - outlook_service - DEBUG - _get_emails_from_multiple_files:1324 - Successfully read emails_inbox.json with encoding: cp1252
2025-07-17 15:46:29 - outlook_service - DEBUG - _get_emails_from_multiple_files:1364 - Loaded 7 emails from Inbox folder
2025-07-17 15:46:29 - outlook_service - DEBUG - _get_emails_from_multiple_files:1324 - Successfully read emails_sent_items.json with encoding: utf-8
2025-07-17 15:46:29 - outlook_service - DEBUG - _get_emails_from_multiple_files:1364 - Loaded 1 emails from Sent Items folder
2025-07-17 15:46:29 - outlook_service - DEBUG - _get_emails_from_multiple_files:1378 - Consolidated 14 emails from 4 folders
2025-07-17 15:46:29 - outlook_service - DEBUG - get_emails_list:1499 - Returning 7 emails (page 1/1)
2025-07-17 15:46:29 - outlook_service - DEBUG - get_emails_data:1273 - === Loading emails data ===
2025-07-17 15:46:29 - outlook_service - INFO - get_emails_data:1280 - Found 4 folder-specific email files
2025-07-17 15:46:29 - outlook_service - DEBUG - get_emails_data:1281 - Folder files: ['emails_deleted_items.json', 'emails_drafts.json', 'emails_inbox.json', 'emails_sent_items.json']
2025-07-17 15:46:29 - outlook_service - DEBUG - _get_emails_from_multiple_files:1324 - Successfully read emails_deleted_items.json with encoding: cp1252
2025-07-17 15:46:29 - outlook_service - DEBUG - _get_emails_from_multiple_files:1364 - Loaded 5 emails from Deleted Items folder
2025-07-17 15:46:29 - outlook_service - DEBUG - _get_emails_from_multiple_files:1324 - Successfully read emails_drafts.json with encoding: utf-8
2025-07-17 15:46:29 - outlook_service - DEBUG - _get_emails_from_multiple_files:1364 - Loaded 1 emails from Drafts folder
2025-07-17 15:46:29 - outlook_service - DEBUG - _get_emails_from_multiple_files:1324 - Successfully read emails_inbox.json with encoding: cp1252
2025-07-17 15:46:29 - outlook_service - DEBUG - _get_emails_from_multiple_files:1364 - Loaded 7 emails from Inbox folder
2025-07-17 15:46:29 - outlook_service - DEBUG - _get_emails_from_multiple_files:1324 - Successfully read emails_sent_items.json with encoding: utf-8
2025-07-17 15:46:29 - outlook_service - DEBUG - _get_emails_from_multiple_files:1364 - Loaded 1 emails from Sent Items folder
2025-07-17 15:46:29 - outlook_service - DEBUG - _get_emails_from_multiple_files:1378 - Consolidated 14 emails from 4 folders
2025-07-17 15:47:29 - outlook_service - INFO - __init__:136 - === Initializing OutlookService ===
2025-07-17 15:47:29 - outlook_service - DEBUG - __init__:137 - Service initialization started at 2025-07-17 15:47:29.506263
2025-07-17 15:47:29 - outlook_service - INFO - __init__:146 - OutlookService configured for user: user1
2025-07-17 15:47:29 - outlook_service - DEBUG - __init__:147 - Base path: C:\Users\user1\Desktop\normie\outlook\analyze\mail
2025-07-17 15:47:29 - outlook_service - DEBUG - __init__:148 - Emails file: C:\Users\user1\Desktop\normie\outlook\analyze\mail\emails.json
2025-07-17 15:47:29 - outlook_service - DEBUG - __init__:149 - Data folder: C:\Users\user1\Desktop\normie\outlook\analyze\mail\data
2025-07-17 15:47:29 - outlook_service - INFO - __init__:156 - COM interface availability: True
2025-07-17 15:47:29 - outlook_service - INFO - __init__:160 - Base path exists: C:\Users\user1\Desktop\normie\outlook\analyze\mail
2025-07-17 15:47:29 - outlook_service - INFO - __init__:168 - Emails file not found: C:\Users\user1\Desktop\normie\outlook\analyze\mail\emails.json
2025-07-17 15:47:29 - outlook_service - INFO - __init__:170 - OutlookService initialization completed successfully
2025-07-17 15:47:29 - outlook_service - DEBUG - get_emails_data:1273 - === Loading emails data ===
2025-07-17 15:47:29 - outlook_service - INFO - get_emails_data:1280 - Found 4 folder-specific email files
2025-07-17 15:47:29 - outlook_service - DEBUG - get_emails_data:1281 - Folder files: ['emails_deleted_items.json', 'emails_drafts.json', 'emails_inbox.json', 'emails_sent_items.json']
2025-07-17 15:47:29 - outlook_service - DEBUG - _get_emails_from_multiple_files:1324 - Successfully read emails_deleted_items.json with encoding: cp1252
2025-07-17 15:47:29 - outlook_service - DEBUG - _get_emails_from_multiple_files:1364 - Loaded 5 emails from Deleted Items folder
2025-07-17 15:47:29 - outlook_service - DEBUG - _get_emails_from_multiple_files:1324 - Successfully read emails_drafts.json with encoding: utf-8
2025-07-17 15:47:29 - outlook_service - DEBUG - _get_emails_from_multiple_files:1364 - Loaded 1 emails from Drafts folder
2025-07-17 15:47:29 - outlook_service - DEBUG - _get_emails_from_multiple_files:1324 - Successfully read emails_inbox.json with encoding: cp1252
2025-07-17 15:47:29 - outlook_service - DEBUG - _get_emails_from_multiple_files:1364 - Loaded 7 emails from Inbox folder
2025-07-17 15:47:29 - outlook_service - DEBUG - _get_emails_from_multiple_files:1324 - Successfully read emails_sent_items.json with encoding: utf-8
2025-07-17 15:47:29 - outlook_service - DEBUG - _get_emails_from_multiple_files:1364 - Loaded 1 emails from Sent Items folder
2025-07-17 15:47:29 - outlook_service - DEBUG - _get_emails_from_multiple_files:1378 - Consolidated 14 emails from 4 folders
2025-07-17 15:47:29 - outlook_service - DEBUG - get_emails_list:1499 - Returning 7 emails (page 1/1)
2025-07-17 15:47:29 - outlook_service - DEBUG - get_emails_data:1273 - === Loading emails data ===
2025-07-17 15:47:29 - outlook_service - INFO - get_emails_data:1280 - Found 4 folder-specific email files
2025-07-17 15:47:29 - outlook_service - DEBUG - get_emails_data:1281 - Folder files: ['emails_deleted_items.json', 'emails_drafts.json', 'emails_inbox.json', 'emails_sent_items.json']
2025-07-17 15:47:29 - outlook_service - DEBUG - _get_emails_from_multiple_files:1324 - Successfully read emails_deleted_items.json with encoding: cp1252
2025-07-17 15:47:29 - outlook_service - DEBUG - _get_emails_from_multiple_files:1364 - Loaded 5 emails from Deleted Items folder
2025-07-17 15:47:29 - outlook_service - DEBUG - _get_emails_from_multiple_files:1324 - Successfully read emails_drafts.json with encoding: utf-8
2025-07-17 15:47:29 - outlook_service - DEBUG - _get_emails_from_multiple_files:1364 - Loaded 1 emails from Drafts folder
2025-07-17 15:47:29 - outlook_service - DEBUG - _get_emails_from_multiple_files:1324 - Successfully read emails_inbox.json with encoding: cp1252
2025-07-17 15:47:29 - outlook_service - DEBUG - _get_emails_from_multiple_files:1364 - Loaded 7 emails from Inbox folder
2025-07-17 15:47:29 - outlook_service - DEBUG - _get_emails_from_multiple_files:1324 - Successfully read emails_sent_items.json with encoding: utf-8
2025-07-17 15:47:29 - outlook_service - DEBUG - _get_emails_from_multiple_files:1364 - Loaded 1 emails from Sent Items folder
2025-07-17 15:47:29 - outlook_service - DEBUG - _get_emails_from_multiple_files:1378 - Consolidated 14 emails from 4 folders
2025-07-17 15:48:29 - outlook_service - INFO - __init__:136 - === Initializing OutlookService ===
2025-07-17 15:48:29 - outlook_service - DEBUG - __init__:137 - Service initialization started at 2025-07-17 15:48:29.505841
2025-07-17 15:48:29 - outlook_service - INFO - __init__:146 - OutlookService configured for user: user1
2025-07-17 15:48:29 - outlook_service - DEBUG - __init__:147 - Base path: C:\Users\user1\Desktop\normie\outlook\analyze\mail
2025-07-17 15:48:29 - outlook_service - DEBUG - __init__:148 - Emails file: C:\Users\user1\Desktop\normie\outlook\analyze\mail\emails.json
2025-07-17 15:48:29 - outlook_service - DEBUG - __init__:149 - Data folder: C:\Users\user1\Desktop\normie\outlook\analyze\mail\data
2025-07-17 15:48:29 - outlook_service - INFO - __init__:156 - COM interface availability: True
2025-07-17 15:48:29 - outlook_service - INFO - __init__:160 - Base path exists: C:\Users\user1\Desktop\normie\outlook\analyze\mail
2025-07-17 15:48:29 - outlook_service - INFO - __init__:168 - Emails file not found: C:\Users\user1\Desktop\normie\outlook\analyze\mail\emails.json
2025-07-17 15:48:29 - outlook_service - INFO - __init__:170 - OutlookService initialization completed successfully
2025-07-17 15:48:29 - outlook_service - DEBUG - get_emails_data:1273 - === Loading emails data ===
2025-07-17 15:48:29 - outlook_service - INFO - get_emails_data:1280 - Found 4 folder-specific email files
2025-07-17 15:48:29 - outlook_service - DEBUG - get_emails_data:1281 - Folder files: ['emails_deleted_items.json', 'emails_drafts.json', 'emails_inbox.json', 'emails_sent_items.json']
2025-07-17 15:48:29 - outlook_service - DEBUG - _get_emails_from_multiple_files:1324 - Successfully read emails_deleted_items.json with encoding: cp1252
2025-07-17 15:48:29 - outlook_service - DEBUG - _get_emails_from_multiple_files:1364 - Loaded 5 emails from Deleted Items folder
2025-07-17 15:48:29 - outlook_service - DEBUG - _get_emails_from_multiple_files:1324 - Successfully read emails_drafts.json with encoding: utf-8
2025-07-17 15:48:29 - outlook_service - DEBUG - _get_emails_from_multiple_files:1364 - Loaded 1 emails from Drafts folder
2025-07-17 15:48:29 - outlook_service - DEBUG - _get_emails_from_multiple_files:1324 - Successfully read emails_inbox.json with encoding: cp1252
2025-07-17 15:48:29 - outlook_service - DEBUG - _get_emails_from_multiple_files:1364 - Loaded 7 emails from Inbox folder
2025-07-17 15:48:29 - outlook_service - DEBUG - _get_emails_from_multiple_files:1324 - Successfully read emails_sent_items.json with encoding: utf-8
2025-07-17 15:48:29 - outlook_service - DEBUG - _get_emails_from_multiple_files:1364 - Loaded 1 emails from Sent Items folder
2025-07-17 15:48:29 - outlook_service - DEBUG - _get_emails_from_multiple_files:1378 - Consolidated 14 emails from 4 folders
2025-07-17 15:48:29 - outlook_service - DEBUG - get_emails_list:1499 - Returning 7 emails (page 1/1)
2025-07-17 15:48:29 - outlook_service - DEBUG - get_emails_data:1273 - === Loading emails data ===
2025-07-17 15:48:29 - outlook_service - INFO - get_emails_data:1280 - Found 4 folder-specific email files
2025-07-17 15:48:29 - outlook_service - DEBUG - get_emails_data:1281 - Folder files: ['emails_deleted_items.json', 'emails_drafts.json', 'emails_inbox.json', 'emails_sent_items.json']
2025-07-17 15:48:29 - outlook_service - DEBUG - _get_emails_from_multiple_files:1324 - Successfully read emails_deleted_items.json with encoding: cp1252
2025-07-17 15:48:29 - outlook_service - DEBUG - _get_emails_from_multiple_files:1364 - Loaded 5 emails from Deleted Items folder
2025-07-17 15:48:29 - outlook_service - DEBUG - _get_emails_from_multiple_files:1324 - Successfully read emails_drafts.json with encoding: utf-8
2025-07-17 15:48:29 - outlook_service - DEBUG - _get_emails_from_multiple_files:1364 - Loaded 1 emails from Drafts folder
2025-07-17 15:48:29 - outlook_service - DEBUG - _get_emails_from_multiple_files:1324 - Successfully read emails_inbox.json with encoding: cp1252
2025-07-17 15:48:29 - outlook_service - DEBUG - _get_emails_from_multiple_files:1364 - Loaded 7 emails from Inbox folder
2025-07-17 15:48:29 - outlook_service - DEBUG - _get_emails_from_multiple_files:1324 - Successfully read emails_sent_items.json with encoding: utf-8
2025-07-17 15:48:29 - outlook_service - DEBUG - _get_emails_from_multiple_files:1364 - Loaded 1 emails from Sent Items folder
2025-07-17 15:48:29 - outlook_service - DEBUG - _get_emails_from_multiple_files:1378 - Consolidated 14 emails from 4 folders
2025-07-17 15:49:29 - outlook_service - INFO - __init__:136 - === Initializing OutlookService ===
2025-07-17 15:49:29 - outlook_service - DEBUG - __init__:137 - Service initialization started at 2025-07-17 15:49:29.504722
2025-07-17 15:49:29 - outlook_service - INFO - __init__:146 - OutlookService configured for user: user1
2025-07-17 15:49:29 - outlook_service - DEBUG - __init__:147 - Base path: C:\Users\user1\Desktop\normie\outlook\analyze\mail
2025-07-17 15:49:29 - outlook_service - DEBUG - __init__:148 - Emails file: C:\Users\user1\Desktop\normie\outlook\analyze\mail\emails.json
2025-07-17 15:49:29 - outlook_service - DEBUG - __init__:149 - Data folder: C:\Users\user1\Desktop\normie\outlook\analyze\mail\data
2025-07-17 15:49:29 - outlook_service - INFO - __init__:156 - COM interface availability: True
2025-07-17 15:49:29 - outlook_service - INFO - __init__:160 - Base path exists: C:\Users\user1\Desktop\normie\outlook\analyze\mail
2025-07-17 15:49:29 - outlook_service - INFO - __init__:168 - Emails file not found: C:\Users\user1\Desktop\normie\outlook\analyze\mail\emails.json
2025-07-17 15:49:29 - outlook_service - INFO - __init__:170 - OutlookService initialization completed successfully
2025-07-17 15:49:29 - outlook_service - DEBUG - get_emails_data:1273 - === Loading emails data ===
2025-07-17 15:49:29 - outlook_service - INFO - get_emails_data:1280 - Found 4 folder-specific email files
2025-07-17 15:49:29 - outlook_service - DEBUG - get_emails_data:1281 - Folder files: ['emails_deleted_items.json', 'emails_drafts.json', 'emails_inbox.json', 'emails_sent_items.json']
2025-07-17 15:49:29 - outlook_service - DEBUG - _get_emails_from_multiple_files:1324 - Successfully read emails_deleted_items.json with encoding: cp1252
2025-07-17 15:49:29 - outlook_service - DEBUG - _get_emails_from_multiple_files:1364 - Loaded 5 emails from Deleted Items folder
2025-07-17 15:49:29 - outlook_service - DEBUG - _get_emails_from_multiple_files:1324 - Successfully read emails_drafts.json with encoding: utf-8
2025-07-17 15:49:29 - outlook_service - DEBUG - _get_emails_from_multiple_files:1364 - Loaded 1 emails from Drafts folder
2025-07-17 15:49:29 - outlook_service - DEBUG - _get_emails_from_multiple_files:1324 - Successfully read emails_inbox.json with encoding: cp1252
2025-07-17 15:49:29 - outlook_service - DEBUG - _get_emails_from_multiple_files:1364 - Loaded 7 emails from Inbox folder
2025-07-17 15:49:29 - outlook_service - DEBUG - _get_emails_from_multiple_files:1324 - Successfully read emails_sent_items.json with encoding: utf-8
2025-07-17 15:49:29 - outlook_service - DEBUG - _get_emails_from_multiple_files:1364 - Loaded 1 emails from Sent Items folder
2025-07-17 15:49:29 - outlook_service - DEBUG - _get_emails_from_multiple_files:1378 - Consolidated 14 emails from 4 folders
2025-07-17 15:49:29 - outlook_service - DEBUG - get_emails_list:1499 - Returning 7 emails (page 1/1)
2025-07-17 15:49:29 - outlook_service - DEBUG - get_emails_data:1273 - === Loading emails data ===
2025-07-17 15:49:29 - outlook_service - INFO - get_emails_data:1280 - Found 4 folder-specific email files
2025-07-17 15:49:29 - outlook_service - DEBUG - get_emails_data:1281 - Folder files: ['emails_deleted_items.json', 'emails_drafts.json', 'emails_inbox.json', 'emails_sent_items.json']
2025-07-17 15:49:29 - outlook_service - DEBUG - _get_emails_from_multiple_files:1324 - Successfully read emails_deleted_items.json with encoding: cp1252
2025-07-17 15:49:29 - outlook_service - DEBUG - _get_emails_from_multiple_files:1364 - Loaded 5 emails from Deleted Items folder
2025-07-17 15:49:29 - outlook_service - DEBUG - _get_emails_from_multiple_files:1324 - Successfully read emails_drafts.json with encoding: utf-8
2025-07-17 15:49:29 - outlook_service - DEBUG - _get_emails_from_multiple_files:1364 - Loaded 1 emails from Drafts folder
2025-07-17 15:49:29 - outlook_service - DEBUG - _get_emails_from_multiple_files:1324 - Successfully read emails_inbox.json with encoding: cp1252
2025-07-17 15:49:29 - outlook_service - DEBUG - _get_emails_from_multiple_files:1364 - Loaded 7 emails from Inbox folder
2025-07-17 15:49:29 - outlook_service - DEBUG - _get_emails_from_multiple_files:1324 - Successfully read emails_sent_items.json with encoding: utf-8
2025-07-17 15:49:29 - outlook_service - DEBUG - _get_emails_from_multiple_files:1364 - Loaded 1 emails from Sent Items folder
2025-07-17 15:49:29 - outlook_service - DEBUG - _get_emails_from_multiple_files:1378 - Consolidated 14 emails from 4 folders
2025-07-17 15:50:29 - outlook_service - INFO - __init__:136 - === Initializing OutlookService ===
2025-07-17 15:50:29 - outlook_service - DEBUG - __init__:137 - Service initialization started at 2025-07-17 15:50:29.504705
2025-07-17 15:50:29 - outlook_service - INFO - __init__:146 - OutlookService configured for user: user1
2025-07-17 15:50:29 - outlook_service - DEBUG - __init__:147 - Base path: C:\Users\user1\Desktop\normie\outlook\analyze\mail
2025-07-17 15:50:29 - outlook_service - DEBUG - __init__:148 - Emails file: C:\Users\user1\Desktop\normie\outlook\analyze\mail\emails.json
2025-07-17 15:50:29 - outlook_service - DEBUG - __init__:149 - Data folder: C:\Users\user1\Desktop\normie\outlook\analyze\mail\data
2025-07-17 15:50:29 - outlook_service - INFO - __init__:156 - COM interface availability: True
2025-07-17 15:50:29 - outlook_service - INFO - __init__:160 - Base path exists: C:\Users\user1\Desktop\normie\outlook\analyze\mail
2025-07-17 15:50:29 - outlook_service - INFO - __init__:168 - Emails file not found: C:\Users\user1\Desktop\normie\outlook\analyze\mail\emails.json
2025-07-17 15:50:29 - outlook_service - INFO - __init__:170 - OutlookService initialization completed successfully
2025-07-17 15:50:29 - outlook_service - DEBUG - get_emails_data:1273 - === Loading emails data ===
2025-07-17 15:50:29 - outlook_service - INFO - get_emails_data:1280 - Found 4 folder-specific email files
2025-07-17 15:50:29 - outlook_service - DEBUG - get_emails_data:1281 - Folder files: ['emails_deleted_items.json', 'emails_drafts.json', 'emails_inbox.json', 'emails_sent_items.json']
2025-07-17 15:50:29 - outlook_service - DEBUG - _get_emails_from_multiple_files:1324 - Successfully read emails_deleted_items.json with encoding: cp1252
2025-07-17 15:50:29 - outlook_service - DEBUG - _get_emails_from_multiple_files:1364 - Loaded 5 emails from Deleted Items folder
2025-07-17 15:50:29 - outlook_service - DEBUG - _get_emails_from_multiple_files:1324 - Successfully read emails_drafts.json with encoding: utf-8
2025-07-17 15:50:29 - outlook_service - DEBUG - _get_emails_from_multiple_files:1364 - Loaded 1 emails from Drafts folder
2025-07-17 15:50:29 - outlook_service - DEBUG - _get_emails_from_multiple_files:1324 - Successfully read emails_inbox.json with encoding: cp1252
2025-07-17 15:50:29 - outlook_service - DEBUG - _get_emails_from_multiple_files:1364 - Loaded 7 emails from Inbox folder
2025-07-17 15:50:29 - outlook_service - DEBUG - _get_emails_from_multiple_files:1324 - Successfully read emails_sent_items.json with encoding: utf-8
2025-07-17 15:50:29 - outlook_service - DEBUG - _get_emails_from_multiple_files:1364 - Loaded 1 emails from Sent Items folder
2025-07-17 15:50:29 - outlook_service - DEBUG - _get_emails_from_multiple_files:1378 - Consolidated 14 emails from 4 folders
2025-07-17 15:50:29 - outlook_service - DEBUG - get_emails_list:1499 - Returning 7 emails (page 1/1)
2025-07-17 15:50:29 - outlook_service - DEBUG - get_emails_data:1273 - === Loading emails data ===
2025-07-17 15:50:29 - outlook_service - INFO - get_emails_data:1280 - Found 4 folder-specific email files
2025-07-17 15:50:29 - outlook_service - DEBUG - get_emails_data:1281 - Folder files: ['emails_deleted_items.json', 'emails_drafts.json', 'emails_inbox.json', 'emails_sent_items.json']
2025-07-17 15:50:29 - outlook_service - DEBUG - _get_emails_from_multiple_files:1324 - Successfully read emails_deleted_items.json with encoding: cp1252
2025-07-17 15:50:29 - outlook_service - DEBUG - _get_emails_from_multiple_files:1364 - Loaded 5 emails from Deleted Items folder
2025-07-17 15:50:29 - outlook_service - DEBUG - _get_emails_from_multiple_files:1324 - Successfully read emails_drafts.json with encoding: utf-8
2025-07-17 15:50:29 - outlook_service - DEBUG - _get_emails_from_multiple_files:1364 - Loaded 1 emails from Drafts folder
2025-07-17 15:50:29 - outlook_service - DEBUG - _get_emails_from_multiple_files:1324 - Successfully read emails_inbox.json with encoding: cp1252
2025-07-17 15:50:29 - outlook_service - DEBUG - _get_emails_from_multiple_files:1364 - Loaded 7 emails from Inbox folder
2025-07-17 15:50:29 - outlook_service - DEBUG - _get_emails_from_multiple_files:1324 - Successfully read emails_sent_items.json with encoding: utf-8
2025-07-17 15:50:29 - outlook_service - DEBUG - _get_emails_from_multiple_files:1364 - Loaded 1 emails from Sent Items folder
2025-07-17 15:50:29 - outlook_service - DEBUG - _get_emails_from_multiple_files:1378 - Consolidated 14 emails from 4 folders
2025-07-17 15:51:29 - outlook_service - INFO - __init__:136 - === Initializing OutlookService ===
2025-07-17 15:51:29 - outlook_service - DEBUG - __init__:137 - Service initialization started at 2025-07-17 15:51:29.504044
2025-07-17 15:51:29 - outlook_service - INFO - __init__:146 - OutlookService configured for user: user1
2025-07-17 15:51:29 - outlook_service - DEBUG - __init__:147 - Base path: C:\Users\user1\Desktop\normie\outlook\analyze\mail
2025-07-17 15:51:29 - outlook_service - DEBUG - __init__:148 - Emails file: C:\Users\user1\Desktop\normie\outlook\analyze\mail\emails.json
2025-07-17 15:51:29 - outlook_service - DEBUG - __init__:149 - Data folder: C:\Users\user1\Desktop\normie\outlook\analyze\mail\data
2025-07-17 15:51:29 - outlook_service - INFO - __init__:156 - COM interface availability: True
2025-07-17 15:51:29 - outlook_service - INFO - __init__:160 - Base path exists: C:\Users\user1\Desktop\normie\outlook\analyze\mail
2025-07-17 15:51:29 - outlook_service - INFO - __init__:168 - Emails file not found: C:\Users\user1\Desktop\normie\outlook\analyze\mail\emails.json
2025-07-17 15:51:29 - outlook_service - INFO - __init__:170 - OutlookService initialization completed successfully
2025-07-17 15:51:29 - outlook_service - DEBUG - get_emails_data:1273 - === Loading emails data ===
2025-07-17 15:51:29 - outlook_service - INFO - get_emails_data:1280 - Found 4 folder-specific email files
2025-07-17 15:51:29 - outlook_service - DEBUG - get_emails_data:1281 - Folder files: ['emails_deleted_items.json', 'emails_drafts.json', 'emails_inbox.json', 'emails_sent_items.json']
2025-07-17 15:51:29 - outlook_service - DEBUG - _get_emails_from_multiple_files:1324 - Successfully read emails_deleted_items.json with encoding: cp1252
2025-07-17 15:51:29 - outlook_service - DEBUG - _get_emails_from_multiple_files:1364 - Loaded 5 emails from Deleted Items folder
2025-07-17 15:51:29 - outlook_service - DEBUG - _get_emails_from_multiple_files:1324 - Successfully read emails_drafts.json with encoding: utf-8
2025-07-17 15:51:29 - outlook_service - DEBUG - _get_emails_from_multiple_files:1364 - Loaded 1 emails from Drafts folder
2025-07-17 15:51:29 - outlook_service - DEBUG - _get_emails_from_multiple_files:1324 - Successfully read emails_inbox.json with encoding: cp1252
2025-07-17 15:51:29 - outlook_service - DEBUG - _get_emails_from_multiple_files:1364 - Loaded 7 emails from Inbox folder
2025-07-17 15:51:29 - outlook_service - DEBUG - _get_emails_from_multiple_files:1324 - Successfully read emails_sent_items.json with encoding: utf-8
2025-07-17 15:51:29 - outlook_service - DEBUG - _get_emails_from_multiple_files:1364 - Loaded 1 emails from Sent Items folder
2025-07-17 15:51:29 - outlook_service - DEBUG - _get_emails_from_multiple_files:1378 - Consolidated 14 emails from 4 folders
2025-07-17 15:51:29 - outlook_service - DEBUG - get_emails_list:1499 - Returning 7 emails (page 1/1)
2025-07-17 15:51:29 - outlook_service - DEBUG - get_emails_data:1273 - === Loading emails data ===
2025-07-17 15:51:29 - outlook_service - INFO - get_emails_data:1280 - Found 4 folder-specific email files
2025-07-17 15:51:29 - outlook_service - DEBUG - get_emails_data:1281 - Folder files: ['emails_deleted_items.json', 'emails_drafts.json', 'emails_inbox.json', 'emails_sent_items.json']
2025-07-17 15:51:29 - outlook_service - DEBUG - _get_emails_from_multiple_files:1324 - Successfully read emails_deleted_items.json with encoding: cp1252
2025-07-17 15:51:29 - outlook_service - DEBUG - _get_emails_from_multiple_files:1364 - Loaded 5 emails from Deleted Items folder
2025-07-17 15:51:29 - outlook_service - DEBUG - _get_emails_from_multiple_files:1324 - Successfully read emails_drafts.json with encoding: utf-8
2025-07-17 15:51:29 - outlook_service - DEBUG - _get_emails_from_multiple_files:1364 - Loaded 1 emails from Drafts folder
2025-07-17 15:51:29 - outlook_service - DEBUG - _get_emails_from_multiple_files:1324 - Successfully read emails_inbox.json with encoding: cp1252
2025-07-17 15:51:29 - outlook_service - DEBUG - _get_emails_from_multiple_files:1364 - Loaded 7 emails from Inbox folder
2025-07-17 15:51:29 - outlook_service - DEBUG - _get_emails_from_multiple_files:1324 - Successfully read emails_sent_items.json with encoding: utf-8
2025-07-17 15:51:29 - outlook_service - DEBUG - _get_emails_from_multiple_files:1364 - Loaded 1 emails from Sent Items folder
2025-07-17 15:51:29 - outlook_service - DEBUG - _get_emails_from_multiple_files:1378 - Consolidated 14 emails from 4 folders
2025-07-17 15:52:29 - outlook_service - INFO - __init__:136 - === Initializing OutlookService ===
2025-07-17 15:52:29 - outlook_service - DEBUG - __init__:137 - Service initialization started at 2025-07-17 15:52:29.504608
2025-07-17 15:52:29 - outlook_service - INFO - __init__:146 - OutlookService configured for user: user1
2025-07-17 15:52:29 - outlook_service - DEBUG - __init__:147 - Base path: C:\Users\user1\Desktop\normie\outlook\analyze\mail
2025-07-17 15:52:29 - outlook_service - DEBUG - __init__:148 - Emails file: C:\Users\user1\Desktop\normie\outlook\analyze\mail\emails.json
2025-07-17 15:52:29 - outlook_service - DEBUG - __init__:149 - Data folder: C:\Users\user1\Desktop\normie\outlook\analyze\mail\data
2025-07-17 15:52:29 - outlook_service - INFO - __init__:156 - COM interface availability: True
2025-07-17 15:52:29 - outlook_service - INFO - __init__:160 - Base path exists: C:\Users\user1\Desktop\normie\outlook\analyze\mail
2025-07-17 15:52:29 - outlook_service - INFO - __init__:168 - Emails file not found: C:\Users\user1\Desktop\normie\outlook\analyze\mail\emails.json
2025-07-17 15:52:29 - outlook_service - INFO - __init__:170 - OutlookService initialization completed successfully
2025-07-17 15:52:29 - outlook_service - DEBUG - get_emails_data:1273 - === Loading emails data ===
2025-07-17 15:52:29 - outlook_service - INFO - get_emails_data:1280 - Found 4 folder-specific email files
2025-07-17 15:52:29 - outlook_service - DEBUG - get_emails_data:1281 - Folder files: ['emails_deleted_items.json', 'emails_drafts.json', 'emails_inbox.json', 'emails_sent_items.json']
2025-07-17 15:52:29 - outlook_service - DEBUG - _get_emails_from_multiple_files:1324 - Successfully read emails_deleted_items.json with encoding: cp1252
2025-07-17 15:52:29 - outlook_service - DEBUG - _get_emails_from_multiple_files:1364 - Loaded 5 emails from Deleted Items folder
2025-07-17 15:52:29 - outlook_service - DEBUG - _get_emails_from_multiple_files:1324 - Successfully read emails_drafts.json with encoding: utf-8
2025-07-17 15:52:29 - outlook_service - DEBUG - _get_emails_from_multiple_files:1364 - Loaded 1 emails from Drafts folder
2025-07-17 15:52:29 - outlook_service - DEBUG - _get_emails_from_multiple_files:1324 - Successfully read emails_inbox.json with encoding: cp1252
2025-07-17 15:52:29 - outlook_service - DEBUG - _get_emails_from_multiple_files:1364 - Loaded 7 emails from Inbox folder
2025-07-17 15:52:29 - outlook_service - DEBUG - _get_emails_from_multiple_files:1324 - Successfully read emails_sent_items.json with encoding: utf-8
2025-07-17 15:52:29 - outlook_service - DEBUG - _get_emails_from_multiple_files:1364 - Loaded 1 emails from Sent Items folder
2025-07-17 15:52:29 - outlook_service - DEBUG - _get_emails_from_multiple_files:1378 - Consolidated 14 emails from 4 folders
2025-07-17 15:52:29 - outlook_service - DEBUG - get_emails_list:1499 - Returning 7 emails (page 1/1)
2025-07-17 15:52:29 - outlook_service - DEBUG - get_emails_data:1273 - === Loading emails data ===
2025-07-17 15:52:29 - outlook_service - INFO - get_emails_data:1280 - Found 4 folder-specific email files
2025-07-17 15:52:29 - outlook_service - DEBUG - get_emails_data:1281 - Folder files: ['emails_deleted_items.json', 'emails_drafts.json', 'emails_inbox.json', 'emails_sent_items.json']
2025-07-17 15:52:29 - outlook_service - DEBUG - _get_emails_from_multiple_files:1324 - Successfully read emails_deleted_items.json with encoding: cp1252
2025-07-17 15:52:29 - outlook_service - DEBUG - _get_emails_from_multiple_files:1364 - Loaded 5 emails from Deleted Items folder
2025-07-17 15:52:29 - outlook_service - DEBUG - _get_emails_from_multiple_files:1324 - Successfully read emails_drafts.json with encoding: utf-8
2025-07-17 15:52:29 - outlook_service - DEBUG - _get_emails_from_multiple_files:1364 - Loaded 1 emails from Drafts folder
2025-07-17 15:52:29 - outlook_service - DEBUG - _get_emails_from_multiple_files:1324 - Successfully read emails_inbox.json with encoding: cp1252
2025-07-17 15:52:29 - outlook_service - DEBUG - _get_emails_from_multiple_files:1364 - Loaded 7 emails from Inbox folder
2025-07-17 15:52:29 - outlook_service - DEBUG - _get_emails_from_multiple_files:1324 - Successfully read emails_sent_items.json with encoding: utf-8
2025-07-17 15:52:29 - outlook_service - DEBUG - _get_emails_from_multiple_files:1364 - Loaded 1 emails from Sent Items folder
2025-07-17 15:52:29 - outlook_service - DEBUG - _get_emails_from_multiple_files:1378 - Consolidated 14 emails from 4 folders
2025-07-17 15:53:29 - outlook_service - INFO - __init__:136 - === Initializing OutlookService ===
2025-07-17 15:53:29 - outlook_service - DEBUG - __init__:137 - Service initialization started at 2025-07-17 15:53:29.504402
2025-07-17 15:53:29 - outlook_service - INFO - __init__:146 - OutlookService configured for user: user1
2025-07-17 15:53:29 - outlook_service - DEBUG - __init__:147 - Base path: C:\Users\user1\Desktop\normie\outlook\analyze\mail
2025-07-17 15:53:29 - outlook_service - DEBUG - __init__:148 - Emails file: C:\Users\user1\Desktop\normie\outlook\analyze\mail\emails.json
2025-07-17 15:53:29 - outlook_service - DEBUG - __init__:149 - Data folder: C:\Users\user1\Desktop\normie\outlook\analyze\mail\data
2025-07-17 15:53:29 - outlook_service - INFO - __init__:156 - COM interface availability: True
2025-07-17 15:53:29 - outlook_service - INFO - __init__:160 - Base path exists: C:\Users\user1\Desktop\normie\outlook\analyze\mail
2025-07-17 15:53:29 - outlook_service - INFO - __init__:168 - Emails file not found: C:\Users\user1\Desktop\normie\outlook\analyze\mail\emails.json
2025-07-17 15:53:29 - outlook_service - INFO - __init__:170 - OutlookService initialization completed successfully
2025-07-17 15:53:29 - outlook_service - DEBUG - get_emails_data:1273 - === Loading emails data ===
2025-07-17 15:53:29 - outlook_service - INFO - get_emails_data:1280 - Found 4 folder-specific email files
2025-07-17 15:53:29 - outlook_service - DEBUG - get_emails_data:1281 - Folder files: ['emails_deleted_items.json', 'emails_drafts.json', 'emails_inbox.json', 'emails_sent_items.json']
2025-07-17 15:53:29 - outlook_service - DEBUG - _get_emails_from_multiple_files:1324 - Successfully read emails_deleted_items.json with encoding: cp1252
2025-07-17 15:53:29 - outlook_service - DEBUG - _get_emails_from_multiple_files:1364 - Loaded 5 emails from Deleted Items folder
2025-07-17 15:53:29 - outlook_service - DEBUG - _get_emails_from_multiple_files:1324 - Successfully read emails_drafts.json with encoding: utf-8
2025-07-17 15:53:29 - outlook_service - DEBUG - _get_emails_from_multiple_files:1364 - Loaded 1 emails from Drafts folder
2025-07-17 15:53:29 - outlook_service - DEBUG - _get_emails_from_multiple_files:1324 - Successfully read emails_inbox.json with encoding: cp1252
2025-07-17 15:53:29 - outlook_service - DEBUG - _get_emails_from_multiple_files:1364 - Loaded 7 emails from Inbox folder
2025-07-17 15:53:29 - outlook_service - DEBUG - _get_emails_from_multiple_files:1324 - Successfully read emails_sent_items.json with encoding: utf-8
2025-07-17 15:53:29 - outlook_service - DEBUG - _get_emails_from_multiple_files:1364 - Loaded 1 emails from Sent Items folder
2025-07-17 15:53:29 - outlook_service - DEBUG - _get_emails_from_multiple_files:1378 - Consolidated 14 emails from 4 folders
2025-07-17 15:53:29 - outlook_service - DEBUG - get_emails_list:1499 - Returning 7 emails (page 1/1)
2025-07-17 15:53:29 - outlook_service - DEBUG - get_emails_data:1273 - === Loading emails data ===
2025-07-17 15:53:29 - outlook_service - INFO - get_emails_data:1280 - Found 4 folder-specific email files
2025-07-17 15:53:29 - outlook_service - DEBUG - get_emails_data:1281 - Folder files: ['emails_deleted_items.json', 'emails_drafts.json', 'emails_inbox.json', 'emails_sent_items.json']
2025-07-17 15:53:29 - outlook_service - DEBUG - _get_emails_from_multiple_files:1324 - Successfully read emails_deleted_items.json with encoding: cp1252
2025-07-17 15:53:29 - outlook_service - DEBUG - _get_emails_from_multiple_files:1364 - Loaded 5 emails from Deleted Items folder
2025-07-17 15:53:29 - outlook_service - DEBUG - _get_emails_from_multiple_files:1324 - Successfully read emails_drafts.json with encoding: utf-8
2025-07-17 15:53:29 - outlook_service - DEBUG - _get_emails_from_multiple_files:1364 - Loaded 1 emails from Drafts folder
2025-07-17 15:53:29 - outlook_service - DEBUG - _get_emails_from_multiple_files:1324 - Successfully read emails_inbox.json with encoding: cp1252
2025-07-17 15:53:29 - outlook_service - DEBUG - _get_emails_from_multiple_files:1364 - Loaded 7 emails from Inbox folder
2025-07-17 15:53:29 - outlook_service - DEBUG - _get_emails_from_multiple_files:1324 - Successfully read emails_sent_items.json with encoding: utf-8
2025-07-17 15:53:29 - outlook_service - DEBUG - _get_emails_from_multiple_files:1364 - Loaded 1 emails from Sent Items folder
2025-07-17 15:53:29 - outlook_service - DEBUG - _get_emails_from_multiple_files:1378 - Consolidated 14 emails from 4 folders
2025-07-17 15:54:29 - outlook_service - INFO - __init__:136 - === Initializing OutlookService ===
2025-07-17 15:54:29 - outlook_service - DEBUG - __init__:137 - Service initialization started at 2025-07-17 15:54:29.505698
2025-07-17 15:54:29 - outlook_service - INFO - __init__:146 - OutlookService configured for user: user1
2025-07-17 15:54:29 - outlook_service - DEBUG - __init__:147 - Base path: C:\Users\user1\Desktop\normie\outlook\analyze\mail
2025-07-17 15:54:29 - outlook_service - DEBUG - __init__:148 - Emails file: C:\Users\user1\Desktop\normie\outlook\analyze\mail\emails.json
2025-07-17 15:54:29 - outlook_service - DEBUG - __init__:149 - Data folder: C:\Users\user1\Desktop\normie\outlook\analyze\mail\data
2025-07-17 15:54:29 - outlook_service - INFO - __init__:156 - COM interface availability: True
2025-07-17 15:54:29 - outlook_service - INFO - __init__:160 - Base path exists: C:\Users\user1\Desktop\normie\outlook\analyze\mail
2025-07-17 15:54:29 - outlook_service - INFO - __init__:168 - Emails file not found: C:\Users\user1\Desktop\normie\outlook\analyze\mail\emails.json
2025-07-17 15:54:29 - outlook_service - INFO - __init__:170 - OutlookService initialization completed successfully
2025-07-17 15:54:29 - outlook_service - DEBUG - get_emails_data:1273 - === Loading emails data ===
2025-07-17 15:54:29 - outlook_service - INFO - get_emails_data:1280 - Found 4 folder-specific email files
2025-07-17 15:54:29 - outlook_service - DEBUG - get_emails_data:1281 - Folder files: ['emails_deleted_items.json', 'emails_drafts.json', 'emails_inbox.json', 'emails_sent_items.json']
2025-07-17 15:54:29 - outlook_service - DEBUG - _get_emails_from_multiple_files:1324 - Successfully read emails_deleted_items.json with encoding: cp1252
2025-07-17 15:54:29 - outlook_service - DEBUG - _get_emails_from_multiple_files:1364 - Loaded 5 emails from Deleted Items folder
2025-07-17 15:54:29 - outlook_service - DEBUG - _get_emails_from_multiple_files:1324 - Successfully read emails_drafts.json with encoding: utf-8
2025-07-17 15:54:29 - outlook_service - DEBUG - _get_emails_from_multiple_files:1364 - Loaded 1 emails from Drafts folder
2025-07-17 15:54:29 - outlook_service - DEBUG - _get_emails_from_multiple_files:1324 - Successfully read emails_inbox.json with encoding: cp1252
2025-07-17 15:54:29 - outlook_service - DEBUG - _get_emails_from_multiple_files:1364 - Loaded 7 emails from Inbox folder
2025-07-17 15:54:29 - outlook_service - DEBUG - _get_emails_from_multiple_files:1324 - Successfully read emails_sent_items.json with encoding: utf-8
2025-07-17 15:54:29 - outlook_service - DEBUG - _get_emails_from_multiple_files:1364 - Loaded 1 emails from Sent Items folder
2025-07-17 15:54:29 - outlook_service - DEBUG - _get_emails_from_multiple_files:1378 - Consolidated 14 emails from 4 folders
2025-07-17 15:54:29 - outlook_service - DEBUG - get_emails_list:1499 - Returning 7 emails (page 1/1)
2025-07-17 15:54:29 - outlook_service - DEBUG - get_emails_data:1273 - === Loading emails data ===
2025-07-17 15:54:29 - outlook_service - INFO - get_emails_data:1280 - Found 4 folder-specific email files
2025-07-17 15:54:29 - outlook_service - DEBUG - get_emails_data:1281 - Folder files: ['emails_deleted_items.json', 'emails_drafts.json', 'emails_inbox.json', 'emails_sent_items.json']
2025-07-17 15:54:29 - outlook_service - DEBUG - _get_emails_from_multiple_files:1324 - Successfully read emails_deleted_items.json with encoding: cp1252
2025-07-17 15:54:29 - outlook_service - DEBUG - _get_emails_from_multiple_files:1364 - Loaded 5 emails from Deleted Items folder
2025-07-17 15:54:29 - outlook_service - DEBUG - _get_emails_from_multiple_files:1324 - Successfully read emails_drafts.json with encoding: utf-8
2025-07-17 15:54:29 - outlook_service - DEBUG - _get_emails_from_multiple_files:1364 - Loaded 1 emails from Drafts folder
2025-07-17 15:54:29 - outlook_service - DEBUG - _get_emails_from_multiple_files:1324 - Successfully read emails_inbox.json with encoding: cp1252
2025-07-17 15:54:29 - outlook_service - DEBUG - _get_emails_from_multiple_files:1364 - Loaded 7 emails from Inbox folder
2025-07-17 15:54:29 - outlook_service - DEBUG - _get_emails_from_multiple_files:1324 - Successfully read emails_sent_items.json with encoding: utf-8
2025-07-17 15:54:29 - outlook_service - DEBUG - _get_emails_from_multiple_files:1364 - Loaded 1 emails from Sent Items folder
2025-07-17 15:54:29 - outlook_service - DEBUG - _get_emails_from_multiple_files:1378 - Consolidated 14 emails from 4 folders
2025-07-17 15:55:29 - outlook_service - INFO - __init__:136 - === Initializing OutlookService ===
2025-07-17 15:55:29 - outlook_service - DEBUG - __init__:137 - Service initialization started at 2025-07-17 15:55:29.504734
2025-07-17 15:55:29 - outlook_service - INFO - __init__:146 - OutlookService configured for user: user1
2025-07-17 15:55:29 - outlook_service - DEBUG - __init__:147 - Base path: C:\Users\user1\Desktop\normie\outlook\analyze\mail
2025-07-17 15:55:29 - outlook_service - DEBUG - __init__:148 - Emails file: C:\Users\user1\Desktop\normie\outlook\analyze\mail\emails.json
2025-07-17 15:55:29 - outlook_service - DEBUG - __init__:149 - Data folder: C:\Users\user1\Desktop\normie\outlook\analyze\mail\data
2025-07-17 15:55:29 - outlook_service - INFO - __init__:156 - COM interface availability: True
2025-07-17 15:55:29 - outlook_service - INFO - __init__:160 - Base path exists: C:\Users\user1\Desktop\normie\outlook\analyze\mail
2025-07-17 15:55:29 - outlook_service - INFO - __init__:168 - Emails file not found: C:\Users\user1\Desktop\normie\outlook\analyze\mail\emails.json
2025-07-17 15:55:29 - outlook_service - INFO - __init__:170 - OutlookService initialization completed successfully
2025-07-17 15:55:29 - outlook_service - DEBUG - get_emails_data:1273 - === Loading emails data ===
2025-07-17 15:55:29 - outlook_service - INFO - get_emails_data:1280 - Found 4 folder-specific email files
2025-07-17 15:55:29 - outlook_service - DEBUG - get_emails_data:1281 - Folder files: ['emails_deleted_items.json', 'emails_drafts.json', 'emails_inbox.json', 'emails_sent_items.json']
2025-07-17 15:55:29 - outlook_service - DEBUG - _get_emails_from_multiple_files:1324 - Successfully read emails_deleted_items.json with encoding: cp1252
2025-07-17 15:55:29 - outlook_service - DEBUG - _get_emails_from_multiple_files:1364 - Loaded 5 emails from Deleted Items folder
2025-07-17 15:55:29 - outlook_service - DEBUG - _get_emails_from_multiple_files:1324 - Successfully read emails_drafts.json with encoding: utf-8
2025-07-17 15:55:29 - outlook_service - DEBUG - _get_emails_from_multiple_files:1364 - Loaded 1 emails from Drafts folder
2025-07-17 15:55:29 - outlook_service - DEBUG - _get_emails_from_multiple_files:1324 - Successfully read emails_inbox.json with encoding: cp1252
2025-07-17 15:55:29 - outlook_service - DEBUG - _get_emails_from_multiple_files:1364 - Loaded 7 emails from Inbox folder
2025-07-17 15:55:29 - outlook_service - DEBUG - _get_emails_from_multiple_files:1324 - Successfully read emails_sent_items.json with encoding: utf-8
2025-07-17 15:55:29 - outlook_service - DEBUG - _get_emails_from_multiple_files:1364 - Loaded 1 emails from Sent Items folder
2025-07-17 15:55:29 - outlook_service - DEBUG - _get_emails_from_multiple_files:1378 - Consolidated 14 emails from 4 folders
2025-07-17 15:55:29 - outlook_service - DEBUG - get_emails_list:1499 - Returning 7 emails (page 1/1)
2025-07-17 15:55:29 - outlook_service - DEBUG - get_emails_data:1273 - === Loading emails data ===
2025-07-17 15:55:29 - outlook_service - INFO - get_emails_data:1280 - Found 4 folder-specific email files
2025-07-17 15:55:29 - outlook_service - DEBUG - get_emails_data:1281 - Folder files: ['emails_deleted_items.json', 'emails_drafts.json', 'emails_inbox.json', 'emails_sent_items.json']
2025-07-17 15:55:29 - outlook_service - DEBUG - _get_emails_from_multiple_files:1324 - Successfully read emails_deleted_items.json with encoding: cp1252
2025-07-17 15:55:29 - outlook_service - DEBUG - _get_emails_from_multiple_files:1364 - Loaded 5 emails from Deleted Items folder
2025-07-17 15:55:29 - outlook_service - DEBUG - _get_emails_from_multiple_files:1324 - Successfully read emails_drafts.json with encoding: utf-8
2025-07-17 15:55:29 - outlook_service - DEBUG - _get_emails_from_multiple_files:1364 - Loaded 1 emails from Drafts folder
2025-07-17 15:55:29 - outlook_service - DEBUG - _get_emails_from_multiple_files:1324 - Successfully read emails_inbox.json with encoding: cp1252
2025-07-17 15:55:29 - outlook_service - DEBUG - _get_emails_from_multiple_files:1364 - Loaded 7 emails from Inbox folder
2025-07-17 15:55:29 - outlook_service - DEBUG - _get_emails_from_multiple_files:1324 - Successfully read emails_sent_items.json with encoding: utf-8
2025-07-17 15:55:29 - outlook_service - DEBUG - _get_emails_from_multiple_files:1364 - Loaded 1 emails from Sent Items folder
2025-07-17 15:55:29 - outlook_service - DEBUG - _get_emails_from_multiple_files:1378 - Consolidated 14 emails from 4 folders
2025-07-17 15:56:29 - outlook_service - INFO - __init__:136 - === Initializing OutlookService ===
2025-07-17 15:56:29 - outlook_service - DEBUG - __init__:137 - Service initialization started at 2025-07-17 15:56:29.498619
2025-07-17 15:56:29 - outlook_service - INFO - __init__:146 - OutlookService configured for user: user1
2025-07-17 15:56:29 - outlook_service - DEBUG - __init__:147 - Base path: C:\Users\user1\Desktop\normie\outlook\analyze\mail
2025-07-17 15:56:29 - outlook_service - DEBUG - __init__:148 - Emails file: C:\Users\user1\Desktop\normie\outlook\analyze\mail\emails.json
2025-07-17 15:56:29 - outlook_service - DEBUG - __init__:149 - Data folder: C:\Users\user1\Desktop\normie\outlook\analyze\mail\data
2025-07-17 15:56:29 - outlook_service - INFO - __init__:156 - COM interface availability: True
2025-07-17 15:56:29 - outlook_service - INFO - __init__:160 - Base path exists: C:\Users\user1\Desktop\normie\outlook\analyze\mail
2025-07-17 15:56:29 - outlook_service - INFO - __init__:168 - Emails file not found: C:\Users\user1\Desktop\normie\outlook\analyze\mail\emails.json
2025-07-17 15:56:29 - outlook_service - INFO - __init__:170 - OutlookService initialization completed successfully
2025-07-17 15:56:29 - outlook_service - DEBUG - get_emails_data:1273 - === Loading emails data ===
2025-07-17 15:56:29 - outlook_service - INFO - get_emails_data:1280 - Found 4 folder-specific email files
2025-07-17 15:56:29 - outlook_service - DEBUG - get_emails_data:1281 - Folder files: ['emails_deleted_items.json', 'emails_drafts.json', 'emails_inbox.json', 'emails_sent_items.json']
2025-07-17 15:56:29 - outlook_service - DEBUG - _get_emails_from_multiple_files:1324 - Successfully read emails_deleted_items.json with encoding: cp1252
2025-07-17 15:56:29 - outlook_service - DEBUG - _get_emails_from_multiple_files:1364 - Loaded 5 emails from Deleted Items folder
2025-07-17 15:56:29 - outlook_service - DEBUG - _get_emails_from_multiple_files:1324 - Successfully read emails_drafts.json with encoding: utf-8
2025-07-17 15:56:29 - outlook_service - DEBUG - _get_emails_from_multiple_files:1364 - Loaded 1 emails from Drafts folder
2025-07-17 15:56:29 - outlook_service - DEBUG - _get_emails_from_multiple_files:1324 - Successfully read emails_inbox.json with encoding: cp1252
2025-07-17 15:56:29 - outlook_service - DEBUG - _get_emails_from_multiple_files:1364 - Loaded 7 emails from Inbox folder
2025-07-17 15:56:29 - outlook_service - DEBUG - _get_emails_from_multiple_files:1324 - Successfully read emails_sent_items.json with encoding: utf-8
2025-07-17 15:56:29 - outlook_service - DEBUG - _get_emails_from_multiple_files:1364 - Loaded 1 emails from Sent Items folder
2025-07-17 15:56:29 - outlook_service - DEBUG - _get_emails_from_multiple_files:1378 - Consolidated 14 emails from 4 folders
2025-07-17 15:56:29 - outlook_service - DEBUG - get_emails_list:1499 - Returning 7 emails (page 1/1)
2025-07-17 15:56:29 - outlook_service - DEBUG - get_emails_data:1273 - === Loading emails data ===
2025-07-17 15:56:29 - outlook_service - INFO - get_emails_data:1280 - Found 4 folder-specific email files
2025-07-17 15:56:29 - outlook_service - DEBUG - get_emails_data:1281 - Folder files: ['emails_deleted_items.json', 'emails_drafts.json', 'emails_inbox.json', 'emails_sent_items.json']
2025-07-17 15:56:29 - outlook_service - DEBUG - _get_emails_from_multiple_files:1324 - Successfully read emails_deleted_items.json with encoding: cp1252
2025-07-17 15:56:29 - outlook_service - DEBUG - _get_emails_from_multiple_files:1364 - Loaded 5 emails from Deleted Items folder
2025-07-17 15:56:29 - outlook_service - DEBUG - _get_emails_from_multiple_files:1324 - Successfully read emails_drafts.json with encoding: utf-8
2025-07-17 15:56:29 - outlook_service - DEBUG - _get_emails_from_multiple_files:1364 - Loaded 1 emails from Drafts folder
2025-07-17 15:56:29 - outlook_service - DEBUG - _get_emails_from_multiple_files:1324 - Successfully read emails_inbox.json with encoding: cp1252
2025-07-17 15:56:29 - outlook_service - DEBUG - _get_emails_from_multiple_files:1364 - Loaded 7 emails from Inbox folder
2025-07-17 15:56:29 - outlook_service - DEBUG - _get_emails_from_multiple_files:1324 - Successfully read emails_sent_items.json with encoding: utf-8
2025-07-17 15:56:29 - outlook_service - DEBUG - _get_emails_from_multiple_files:1364 - Loaded 1 emails from Sent Items folder
2025-07-17 15:56:29 - outlook_service - DEBUG - _get_emails_from_multiple_files:1378 - Consolidated 14 emails from 4 folders
2025-07-17 15:57:29 - outlook_service - INFO - __init__:136 - === Initializing OutlookService ===
2025-07-17 15:57:29 - outlook_service - DEBUG - __init__:137 - Service initialization started at 2025-07-17 15:57:29.505147
2025-07-17 15:57:29 - outlook_service - INFO - __init__:146 - OutlookService configured for user: user1
2025-07-17 15:57:29 - outlook_service - DEBUG - __init__:147 - Base path: C:\Users\user1\Desktop\normie\outlook\analyze\mail
2025-07-17 15:57:29 - outlook_service - DEBUG - __init__:148 - Emails file: C:\Users\user1\Desktop\normie\outlook\analyze\mail\emails.json
2025-07-17 15:57:29 - outlook_service - DEBUG - __init__:149 - Data folder: C:\Users\user1\Desktop\normie\outlook\analyze\mail\data
2025-07-17 15:57:29 - outlook_service - INFO - __init__:156 - COM interface availability: True
2025-07-17 15:57:29 - outlook_service - INFO - __init__:160 - Base path exists: C:\Users\user1\Desktop\normie\outlook\analyze\mail
2025-07-17 15:57:29 - outlook_service - INFO - __init__:168 - Emails file not found: C:\Users\user1\Desktop\normie\outlook\analyze\mail\emails.json
2025-07-17 15:57:29 - outlook_service - INFO - __init__:170 - OutlookService initialization completed successfully
2025-07-17 15:57:29 - outlook_service - DEBUG - get_emails_data:1273 - === Loading emails data ===
2025-07-17 15:57:29 - outlook_service - INFO - get_emails_data:1280 - Found 4 folder-specific email files
2025-07-17 15:57:29 - outlook_service - DEBUG - get_emails_data:1281 - Folder files: ['emails_deleted_items.json', 'emails_drafts.json', 'emails_inbox.json', 'emails_sent_items.json']
2025-07-17 15:57:29 - outlook_service - DEBUG - _get_emails_from_multiple_files:1324 - Successfully read emails_deleted_items.json with encoding: cp1252
2025-07-17 15:57:29 - outlook_service - DEBUG - _get_emails_from_multiple_files:1364 - Loaded 5 emails from Deleted Items folder
2025-07-17 15:57:29 - outlook_service - DEBUG - _get_emails_from_multiple_files:1324 - Successfully read emails_drafts.json with encoding: utf-8
2025-07-17 15:57:29 - outlook_service - DEBUG - _get_emails_from_multiple_files:1364 - Loaded 1 emails from Drafts folder
2025-07-17 15:57:29 - outlook_service - DEBUG - _get_emails_from_multiple_files:1324 - Successfully read emails_inbox.json with encoding: cp1252
2025-07-17 15:57:29 - outlook_service - DEBUG - _get_emails_from_multiple_files:1364 - Loaded 7 emails from Inbox folder
2025-07-17 15:57:29 - outlook_service - DEBUG - _get_emails_from_multiple_files:1324 - Successfully read emails_sent_items.json with encoding: utf-8
2025-07-17 15:57:29 - outlook_service - DEBUG - _get_emails_from_multiple_files:1364 - Loaded 1 emails from Sent Items folder
2025-07-17 15:57:29 - outlook_service - DEBUG - _get_emails_from_multiple_files:1378 - Consolidated 14 emails from 4 folders
2025-07-17 15:57:29 - outlook_service - DEBUG - get_emails_list:1499 - Returning 7 emails (page 1/1)
2025-07-17 15:57:29 - outlook_service - DEBUG - get_emails_data:1273 - === Loading emails data ===
2025-07-17 15:57:29 - outlook_service - INFO - get_emails_data:1280 - Found 4 folder-specific email files
2025-07-17 15:57:29 - outlook_service - DEBUG - get_emails_data:1281 - Folder files: ['emails_deleted_items.json', 'emails_drafts.json', 'emails_inbox.json', 'emails_sent_items.json']
2025-07-17 15:57:29 - outlook_service - DEBUG - _get_emails_from_multiple_files:1324 - Successfully read emails_deleted_items.json with encoding: cp1252
2025-07-17 15:57:29 - outlook_service - DEBUG - _get_emails_from_multiple_files:1364 - Loaded 5 emails from Deleted Items folder
2025-07-17 15:57:29 - outlook_service - DEBUG - _get_emails_from_multiple_files:1324 - Successfully read emails_drafts.json with encoding: utf-8
2025-07-17 15:57:29 - outlook_service - DEBUG - _get_emails_from_multiple_files:1364 - Loaded 1 emails from Drafts folder
2025-07-17 15:57:29 - outlook_service - DEBUG - _get_emails_from_multiple_files:1324 - Successfully read emails_inbox.json with encoding: cp1252
2025-07-17 15:57:29 - outlook_service - DEBUG - _get_emails_from_multiple_files:1364 - Loaded 7 emails from Inbox folder
2025-07-17 15:57:29 - outlook_service - DEBUG - _get_emails_from_multiple_files:1324 - Successfully read emails_sent_items.json with encoding: utf-8
2025-07-17 15:57:29 - outlook_service - DEBUG - _get_emails_from_multiple_files:1364 - Loaded 1 emails from Sent Items folder
2025-07-17 15:57:29 - outlook_service - DEBUG - _get_emails_from_multiple_files:1378 - Consolidated 14 emails from 4 folders
2025-07-17 15:58:29 - outlook_service - INFO - __init__:136 - === Initializing OutlookService ===
2025-07-17 15:58:29 - outlook_service - DEBUG - __init__:137 - Service initialization started at 2025-07-17 15:58:29.504863
2025-07-17 15:58:29 - outlook_service - INFO - __init__:146 - OutlookService configured for user: user1
2025-07-17 15:58:29 - outlook_service - DEBUG - __init__:147 - Base path: C:\Users\user1\Desktop\normie\outlook\analyze\mail
2025-07-17 15:58:29 - outlook_service - DEBUG - __init__:148 - Emails file: C:\Users\user1\Desktop\normie\outlook\analyze\mail\emails.json
2025-07-17 15:58:29 - outlook_service - DEBUG - __init__:149 - Data folder: C:\Users\user1\Desktop\normie\outlook\analyze\mail\data
2025-07-17 15:58:29 - outlook_service - INFO - __init__:156 - COM interface availability: True
2025-07-17 15:58:29 - outlook_service - INFO - __init__:160 - Base path exists: C:\Users\user1\Desktop\normie\outlook\analyze\mail
2025-07-17 15:58:29 - outlook_service - INFO - __init__:168 - Emails file not found: C:\Users\user1\Desktop\normie\outlook\analyze\mail\emails.json
2025-07-17 15:58:29 - outlook_service - INFO - __init__:170 - OutlookService initialization completed successfully
2025-07-17 15:58:29 - outlook_service - DEBUG - get_emails_data:1273 - === Loading emails data ===
2025-07-17 15:58:29 - outlook_service - INFO - get_emails_data:1280 - Found 4 folder-specific email files
2025-07-17 15:58:29 - outlook_service - DEBUG - get_emails_data:1281 - Folder files: ['emails_deleted_items.json', 'emails_drafts.json', 'emails_inbox.json', 'emails_sent_items.json']
2025-07-17 15:58:29 - outlook_service - DEBUG - _get_emails_from_multiple_files:1324 - Successfully read emails_deleted_items.json with encoding: cp1252
2025-07-17 15:58:29 - outlook_service - DEBUG - _get_emails_from_multiple_files:1364 - Loaded 5 emails from Deleted Items folder
2025-07-17 15:58:29 - outlook_service - DEBUG - _get_emails_from_multiple_files:1324 - Successfully read emails_drafts.json with encoding: utf-8
2025-07-17 15:58:29 - outlook_service - DEBUG - _get_emails_from_multiple_files:1364 - Loaded 1 emails from Drafts folder
2025-07-17 15:58:29 - outlook_service - DEBUG - _get_emails_from_multiple_files:1324 - Successfully read emails_inbox.json with encoding: cp1252
2025-07-17 15:58:29 - outlook_service - DEBUG - _get_emails_from_multiple_files:1364 - Loaded 7 emails from Inbox folder
2025-07-17 15:58:29 - outlook_service - DEBUG - _get_emails_from_multiple_files:1324 - Successfully read emails_sent_items.json with encoding: utf-8
2025-07-17 15:58:29 - outlook_service - DEBUG - _get_emails_from_multiple_files:1364 - Loaded 1 emails from Sent Items folder
2025-07-17 15:58:29 - outlook_service - DEBUG - _get_emails_from_multiple_files:1378 - Consolidated 14 emails from 4 folders
2025-07-17 15:58:29 - outlook_service - DEBUG - get_emails_list:1499 - Returning 7 emails (page 1/1)
2025-07-17 15:58:29 - outlook_service - DEBUG - get_emails_data:1273 - === Loading emails data ===
2025-07-17 15:58:29 - outlook_service - INFO - get_emails_data:1280 - Found 4 folder-specific email files
2025-07-17 15:58:29 - outlook_service - DEBUG - get_emails_data:1281 - Folder files: ['emails_deleted_items.json', 'emails_drafts.json', 'emails_inbox.json', 'emails_sent_items.json']
2025-07-17 15:58:29 - outlook_service - DEBUG - _get_emails_from_multiple_files:1324 - Successfully read emails_deleted_items.json with encoding: cp1252
2025-07-17 15:58:29 - outlook_service - DEBUG - _get_emails_from_multiple_files:1364 - Loaded 5 emails from Deleted Items folder
2025-07-17 15:58:29 - outlook_service - DEBUG - _get_emails_from_multiple_files:1324 - Successfully read emails_drafts.json with encoding: utf-8
2025-07-17 15:58:29 - outlook_service - DEBUG - _get_emails_from_multiple_files:1364 - Loaded 1 emails from Drafts folder
2025-07-17 15:58:29 - outlook_service - DEBUG - _get_emails_from_multiple_files:1324 - Successfully read emails_inbox.json with encoding: cp1252
2025-07-17 15:58:29 - outlook_service - DEBUG - _get_emails_from_multiple_files:1364 - Loaded 7 emails from Inbox folder
2025-07-17 15:58:29 - outlook_service - DEBUG - _get_emails_from_multiple_files:1324 - Successfully read emails_sent_items.json with encoding: utf-8
2025-07-17 15:58:29 - outlook_service - DEBUG - _get_emails_from_multiple_files:1364 - Loaded 1 emails from Sent Items folder
2025-07-17 15:58:29 - outlook_service - DEBUG - _get_emails_from_multiple_files:1378 - Consolidated 14 emails from 4 folders
2025-07-17 15:59:29 - outlook_service - INFO - __init__:136 - === Initializing OutlookService ===
2025-07-17 15:59:29 - outlook_service - DEBUG - __init__:137 - Service initialization started at 2025-07-17 15:59:29.506858
2025-07-17 15:59:29 - outlook_service - INFO - __init__:146 - OutlookService configured for user: user1
2025-07-17 15:59:29 - outlook_service - DEBUG - __init__:147 - Base path: C:\Users\user1\Desktop\normie\outlook\analyze\mail
2025-07-17 15:59:29 - outlook_service - DEBUG - __init__:148 - Emails file: C:\Users\user1\Desktop\normie\outlook\analyze\mail\emails.json
2025-07-17 15:59:29 - outlook_service - DEBUG - __init__:149 - Data folder: C:\Users\user1\Desktop\normie\outlook\analyze\mail\data
2025-07-17 15:59:29 - outlook_service - INFO - __init__:156 - COM interface availability: True
2025-07-17 15:59:29 - outlook_service - INFO - __init__:160 - Base path exists: C:\Users\user1\Desktop\normie\outlook\analyze\mail
2025-07-17 15:59:29 - outlook_service - INFO - __init__:168 - Emails file not found: C:\Users\user1\Desktop\normie\outlook\analyze\mail\emails.json
2025-07-17 15:59:29 - outlook_service - INFO - __init__:170 - OutlookService initialization completed successfully
2025-07-17 15:59:29 - outlook_service - DEBUG - get_emails_data:1273 - === Loading emails data ===
2025-07-17 15:59:29 - outlook_service - INFO - get_emails_data:1280 - Found 4 folder-specific email files
2025-07-17 15:59:29 - outlook_service - DEBUG - get_emails_data:1281 - Folder files: ['emails_deleted_items.json', 'emails_drafts.json', 'emails_inbox.json', 'emails_sent_items.json']
2025-07-17 15:59:29 - outlook_service - DEBUG - _get_emails_from_multiple_files:1324 - Successfully read emails_deleted_items.json with encoding: cp1252
2025-07-17 15:59:29 - outlook_service - DEBUG - _get_emails_from_multiple_files:1364 - Loaded 5 emails from Deleted Items folder
2025-07-17 15:59:29 - outlook_service - DEBUG - _get_emails_from_multiple_files:1324 - Successfully read emails_drafts.json with encoding: utf-8
2025-07-17 15:59:29 - outlook_service - DEBUG - _get_emails_from_multiple_files:1364 - Loaded 1 emails from Drafts folder
2025-07-17 15:59:29 - outlook_service - DEBUG - _get_emails_from_multiple_files:1324 - Successfully read emails_inbox.json with encoding: cp1252
2025-07-17 15:59:29 - outlook_service - DEBUG - _get_emails_from_multiple_files:1364 - Loaded 7 emails from Inbox folder
2025-07-17 15:59:29 - outlook_service - DEBUG - _get_emails_from_multiple_files:1324 - Successfully read emails_sent_items.json with encoding: utf-8
2025-07-17 15:59:29 - outlook_service - DEBUG - _get_emails_from_multiple_files:1364 - Loaded 1 emails from Sent Items folder
2025-07-17 15:59:29 - outlook_service - DEBUG - _get_emails_from_multiple_files:1378 - Consolidated 14 emails from 4 folders
2025-07-17 15:59:29 - outlook_service - DEBUG - get_emails_list:1499 - Returning 7 emails (page 1/1)
2025-07-17 15:59:29 - outlook_service - DEBUG - get_emails_data:1273 - === Loading emails data ===
2025-07-17 15:59:29 - outlook_service - INFO - get_emails_data:1280 - Found 4 folder-specific email files
2025-07-17 15:59:29 - outlook_service - DEBUG - get_emails_data:1281 - Folder files: ['emails_deleted_items.json', 'emails_drafts.json', 'emails_inbox.json', 'emails_sent_items.json']
2025-07-17 15:59:29 - outlook_service - DEBUG - _get_emails_from_multiple_files:1324 - Successfully read emails_deleted_items.json with encoding: cp1252
2025-07-17 15:59:29 - outlook_service - DEBUG - _get_emails_from_multiple_files:1364 - Loaded 5 emails from Deleted Items folder
2025-07-17 15:59:29 - outlook_service - DEBUG - _get_emails_from_multiple_files:1324 - Successfully read emails_drafts.json with encoding: utf-8
2025-07-17 15:59:29 - outlook_service - DEBUG - _get_emails_from_multiple_files:1364 - Loaded 1 emails from Drafts folder
2025-07-17 15:59:29 - outlook_service - DEBUG - _get_emails_from_multiple_files:1324 - Successfully read emails_inbox.json with encoding: cp1252
2025-07-17 15:59:29 - outlook_service - DEBUG - _get_emails_from_multiple_files:1364 - Loaded 7 emails from Inbox folder
2025-07-17 15:59:29 - outlook_service - DEBUG - _get_emails_from_multiple_files:1324 - Successfully read emails_sent_items.json with encoding: utf-8
2025-07-17 15:59:29 - outlook_service - DEBUG - _get_emails_from_multiple_files:1364 - Loaded 1 emails from Sent Items folder
2025-07-17 15:59:29 - outlook_service - DEBUG - _get_emails_from_multiple_files:1378 - Consolidated 14 emails from 4 folders
2025-07-17 16:00:29 - outlook_service - INFO - __init__:136 - === Initializing OutlookService ===
2025-07-17 16:00:29 - outlook_service - DEBUG - __init__:137 - Service initialization started at 2025-07-17 16:00:29.506708
2025-07-17 16:00:29 - outlook_service - INFO - __init__:146 - OutlookService configured for user: user1
2025-07-17 16:00:29 - outlook_service - DEBUG - __init__:147 - Base path: C:\Users\user1\Desktop\normie\outlook\analyze\mail
2025-07-17 16:00:29 - outlook_service - DEBUG - __init__:148 - Emails file: C:\Users\user1\Desktop\normie\outlook\analyze\mail\emails.json
2025-07-17 16:00:29 - outlook_service - DEBUG - __init__:149 - Data folder: C:\Users\user1\Desktop\normie\outlook\analyze\mail\data
2025-07-17 16:00:29 - outlook_service - INFO - __init__:156 - COM interface availability: True
2025-07-17 16:00:29 - outlook_service - INFO - __init__:160 - Base path exists: C:\Users\user1\Desktop\normie\outlook\analyze\mail
2025-07-17 16:00:29 - outlook_service - INFO - __init__:168 - Emails file not found: C:\Users\user1\Desktop\normie\outlook\analyze\mail\emails.json
2025-07-17 16:00:29 - outlook_service - INFO - __init__:170 - OutlookService initialization completed successfully
2025-07-17 16:00:29 - outlook_service - DEBUG - get_emails_data:1273 - === Loading emails data ===
2025-07-17 16:00:29 - outlook_service - INFO - get_emails_data:1280 - Found 4 folder-specific email files
2025-07-17 16:00:29 - outlook_service - DEBUG - get_emails_data:1281 - Folder files: ['emails_deleted_items.json', 'emails_drafts.json', 'emails_inbox.json', 'emails_sent_items.json']
2025-07-17 16:00:29 - outlook_service - DEBUG - _get_emails_from_multiple_files:1324 - Successfully read emails_deleted_items.json with encoding: cp1252
2025-07-17 16:00:29 - outlook_service - DEBUG - _get_emails_from_multiple_files:1364 - Loaded 5 emails from Deleted Items folder
2025-07-17 16:00:29 - outlook_service - DEBUG - _get_emails_from_multiple_files:1324 - Successfully read emails_drafts.json with encoding: utf-8
2025-07-17 16:00:29 - outlook_service - DEBUG - _get_emails_from_multiple_files:1364 - Loaded 1 emails from Drafts folder
2025-07-17 16:00:29 - outlook_service - DEBUG - _get_emails_from_multiple_files:1324 - Successfully read emails_inbox.json with encoding: cp1252
2025-07-17 16:00:29 - outlook_service - DEBUG - _get_emails_from_multiple_files:1364 - Loaded 7 emails from Inbox folder
2025-07-17 16:00:29 - outlook_service - DEBUG - _get_emails_from_multiple_files:1324 - Successfully read emails_sent_items.json with encoding: utf-8
2025-07-17 16:00:29 - outlook_service - DEBUG - _get_emails_from_multiple_files:1364 - Loaded 1 emails from Sent Items folder
2025-07-17 16:00:29 - outlook_service - DEBUG - _get_emails_from_multiple_files:1378 - Consolidated 14 emails from 4 folders
2025-07-17 16:00:29 - outlook_service - DEBUG - get_emails_list:1499 - Returning 7 emails (page 1/1)
2025-07-17 16:00:29 - outlook_service - DEBUG - get_emails_data:1273 - === Loading emails data ===
2025-07-17 16:00:29 - outlook_service - INFO - get_emails_data:1280 - Found 4 folder-specific email files
2025-07-17 16:00:29 - outlook_service - DEBUG - get_emails_data:1281 - Folder files: ['emails_deleted_items.json', 'emails_drafts.json', 'emails_inbox.json', 'emails_sent_items.json']
2025-07-17 16:00:29 - outlook_service - DEBUG - _get_emails_from_multiple_files:1324 - Successfully read emails_deleted_items.json with encoding: cp1252
2025-07-17 16:00:29 - outlook_service - DEBUG - _get_emails_from_multiple_files:1364 - Loaded 5 emails from Deleted Items folder
2025-07-17 16:00:29 - outlook_service - DEBUG - _get_emails_from_multiple_files:1324 - Successfully read emails_drafts.json with encoding: utf-8
2025-07-17 16:00:29 - outlook_service - DEBUG - _get_emails_from_multiple_files:1364 - Loaded 1 emails from Drafts folder
2025-07-17 16:00:29 - outlook_service - DEBUG - _get_emails_from_multiple_files:1324 - Successfully read emails_inbox.json with encoding: cp1252
2025-07-17 16:00:29 - outlook_service - DEBUG - _get_emails_from_multiple_files:1364 - Loaded 7 emails from Inbox folder
2025-07-17 16:00:29 - outlook_service - DEBUG - _get_emails_from_multiple_files:1324 - Successfully read emails_sent_items.json with encoding: utf-8
2025-07-17 16:00:29 - outlook_service - DEBUG - _get_emails_from_multiple_files:1364 - Loaded 1 emails from Sent Items folder
2025-07-17 16:00:29 - outlook_service - DEBUG - _get_emails_from_multiple_files:1378 - Consolidated 14 emails from 4 folders
2025-07-17 16:01:29 - outlook_service - INFO - __init__:136 - === Initializing OutlookService ===
2025-07-17 16:01:29 - outlook_service - DEBUG - __init__:137 - Service initialization started at 2025-07-17 16:01:29.507351
2025-07-17 16:01:29 - outlook_service - INFO - __init__:146 - OutlookService configured for user: user1
2025-07-17 16:01:29 - outlook_service - DEBUG - __init__:147 - Base path: C:\Users\user1\Desktop\normie\outlook\analyze\mail
2025-07-17 16:01:29 - outlook_service - DEBUG - __init__:148 - Emails file: C:\Users\user1\Desktop\normie\outlook\analyze\mail\emails.json
2025-07-17 16:01:29 - outlook_service - DEBUG - __init__:149 - Data folder: C:\Users\user1\Desktop\normie\outlook\analyze\mail\data
2025-07-17 16:01:29 - outlook_service - INFO - __init__:156 - COM interface availability: True
2025-07-17 16:01:29 - outlook_service - INFO - __init__:160 - Base path exists: C:\Users\user1\Desktop\normie\outlook\analyze\mail
2025-07-17 16:01:29 - outlook_service - INFO - __init__:168 - Emails file not found: C:\Users\user1\Desktop\normie\outlook\analyze\mail\emails.json
2025-07-17 16:01:29 - outlook_service - INFO - __init__:170 - OutlookService initialization completed successfully
2025-07-17 16:01:29 - outlook_service - DEBUG - get_emails_data:1273 - === Loading emails data ===
2025-07-17 16:01:29 - outlook_service - INFO - get_emails_data:1280 - Found 4 folder-specific email files
2025-07-17 16:01:29 - outlook_service - DEBUG - get_emails_data:1281 - Folder files: ['emails_deleted_items.json', 'emails_drafts.json', 'emails_inbox.json', 'emails_sent_items.json']
2025-07-17 16:01:29 - outlook_service - DEBUG - _get_emails_from_multiple_files:1324 - Successfully read emails_deleted_items.json with encoding: cp1252
2025-07-17 16:01:29 - outlook_service - DEBUG - _get_emails_from_multiple_files:1364 - Loaded 5 emails from Deleted Items folder
2025-07-17 16:01:29 - outlook_service - DEBUG - _get_emails_from_multiple_files:1324 - Successfully read emails_drafts.json with encoding: utf-8
2025-07-17 16:01:29 - outlook_service - DEBUG - _get_emails_from_multiple_files:1364 - Loaded 1 emails from Drafts folder
2025-07-17 16:01:29 - outlook_service - DEBUG - _get_emails_from_multiple_files:1324 - Successfully read emails_inbox.json with encoding: cp1252
2025-07-17 16:01:29 - outlook_service - DEBUG - _get_emails_from_multiple_files:1364 - Loaded 7 emails from Inbox folder
2025-07-17 16:01:29 - outlook_service - DEBUG - _get_emails_from_multiple_files:1324 - Successfully read emails_sent_items.json with encoding: utf-8
2025-07-17 16:01:29 - outlook_service - DEBUG - _get_emails_from_multiple_files:1364 - Loaded 1 emails from Sent Items folder
2025-07-17 16:01:29 - outlook_service - DEBUG - _get_emails_from_multiple_files:1378 - Consolidated 14 emails from 4 folders
2025-07-17 16:01:29 - outlook_service - DEBUG - get_emails_list:1499 - Returning 7 emails (page 1/1)
2025-07-17 16:01:29 - outlook_service - DEBUG - get_emails_data:1273 - === Loading emails data ===
2025-07-17 16:01:29 - outlook_service - INFO - get_emails_data:1280 - Found 4 folder-specific email files
2025-07-17 16:01:29 - outlook_service - DEBUG - get_emails_data:1281 - Folder files: ['emails_deleted_items.json', 'emails_drafts.json', 'emails_inbox.json', 'emails_sent_items.json']
2025-07-17 16:01:29 - outlook_service - DEBUG - _get_emails_from_multiple_files:1324 - Successfully read emails_deleted_items.json with encoding: cp1252
2025-07-17 16:01:29 - outlook_service - DEBUG - _get_emails_from_multiple_files:1364 - Loaded 5 emails from Deleted Items folder
2025-07-17 16:01:29 - outlook_service - DEBUG - _get_emails_from_multiple_files:1324 - Successfully read emails_drafts.json with encoding: utf-8
2025-07-17 16:01:29 - outlook_service - DEBUG - _get_emails_from_multiple_files:1364 - Loaded 1 emails from Drafts folder
2025-07-17 16:01:29 - outlook_service - DEBUG - _get_emails_from_multiple_files:1324 - Successfully read emails_inbox.json with encoding: cp1252
2025-07-17 16:01:29 - outlook_service - DEBUG - _get_emails_from_multiple_files:1364 - Loaded 7 emails from Inbox folder
2025-07-17 16:01:29 - outlook_service - DEBUG - _get_emails_from_multiple_files:1324 - Successfully read emails_sent_items.json with encoding: utf-8
2025-07-17 16:01:29 - outlook_service - DEBUG - _get_emails_from_multiple_files:1364 - Loaded 1 emails from Sent Items folder
2025-07-17 16:01:29 - outlook_service - DEBUG - _get_emails_from_multiple_files:1378 - Consolidated 14 emails from 4 folders
2025-07-17 16:02:29 - outlook_service - INFO - __init__:136 - === Initializing OutlookService ===
2025-07-17 16:02:29 - outlook_service - DEBUG - __init__:137 - Service initialization started at 2025-07-17 16:02:29.506722
2025-07-17 16:02:29 - outlook_service - INFO - __init__:146 - OutlookService configured for user: user1
2025-07-17 16:02:29 - outlook_service - DEBUG - __init__:147 - Base path: C:\Users\user1\Desktop\normie\outlook\analyze\mail
2025-07-17 16:02:29 - outlook_service - DEBUG - __init__:148 - Emails file: C:\Users\user1\Desktop\normie\outlook\analyze\mail\emails.json
2025-07-17 16:02:29 - outlook_service - DEBUG - __init__:149 - Data folder: C:\Users\user1\Desktop\normie\outlook\analyze\mail\data
2025-07-17 16:02:29 - outlook_service - INFO - __init__:156 - COM interface availability: True
2025-07-17 16:02:29 - outlook_service - INFO - __init__:160 - Base path exists: C:\Users\user1\Desktop\normie\outlook\analyze\mail
2025-07-17 16:02:29 - outlook_service - INFO - __init__:168 - Emails file not found: C:\Users\user1\Desktop\normie\outlook\analyze\mail\emails.json
2025-07-17 16:02:29 - outlook_service - INFO - __init__:170 - OutlookService initialization completed successfully
2025-07-17 16:02:29 - outlook_service - DEBUG - get_emails_data:1273 - === Loading emails data ===
2025-07-17 16:02:29 - outlook_service - INFO - get_emails_data:1280 - Found 4 folder-specific email files
2025-07-17 16:02:29 - outlook_service - DEBUG - get_emails_data:1281 - Folder files: ['emails_deleted_items.json', 'emails_drafts.json', 'emails_inbox.json', 'emails_sent_items.json']
2025-07-17 16:02:29 - outlook_service - DEBUG - _get_emails_from_multiple_files:1324 - Successfully read emails_deleted_items.json with encoding: cp1252
2025-07-17 16:02:29 - outlook_service - DEBUG - _get_emails_from_multiple_files:1364 - Loaded 5 emails from Deleted Items folder
2025-07-17 16:02:29 - outlook_service - DEBUG - _get_emails_from_multiple_files:1324 - Successfully read emails_drafts.json with encoding: utf-8
2025-07-17 16:02:29 - outlook_service - DEBUG - _get_emails_from_multiple_files:1364 - Loaded 1 emails from Drafts folder
2025-07-17 16:02:29 - outlook_service - DEBUG - _get_emails_from_multiple_files:1324 - Successfully read emails_inbox.json with encoding: cp1252
2025-07-17 16:02:29 - outlook_service - DEBUG - _get_emails_from_multiple_files:1364 - Loaded 7 emails from Inbox folder
2025-07-17 16:02:29 - outlook_service - DEBUG - _get_emails_from_multiple_files:1324 - Successfully read emails_sent_items.json with encoding: utf-8
2025-07-17 16:02:29 - outlook_service - DEBUG - _get_emails_from_multiple_files:1364 - Loaded 1 emails from Sent Items folder
2025-07-17 16:02:29 - outlook_service - DEBUG - _get_emails_from_multiple_files:1378 - Consolidated 14 emails from 4 folders
2025-07-17 16:02:29 - outlook_service - DEBUG - get_emails_list:1499 - Returning 7 emails (page 1/1)
2025-07-17 16:02:29 - outlook_service - DEBUG - get_emails_data:1273 - === Loading emails data ===
2025-07-17 16:02:29 - outlook_service - INFO - get_emails_data:1280 - Found 4 folder-specific email files
2025-07-17 16:02:29 - outlook_service - DEBUG - get_emails_data:1281 - Folder files: ['emails_deleted_items.json', 'emails_drafts.json', 'emails_inbox.json', 'emails_sent_items.json']
2025-07-17 16:02:29 - outlook_service - DEBUG - _get_emails_from_multiple_files:1324 - Successfully read emails_deleted_items.json with encoding: cp1252
2025-07-17 16:02:29 - outlook_service - DEBUG - _get_emails_from_multiple_files:1364 - Loaded 5 emails from Deleted Items folder
2025-07-17 16:02:29 - outlook_service - DEBUG - _get_emails_from_multiple_files:1324 - Successfully read emails_drafts.json with encoding: utf-8
2025-07-17 16:02:29 - outlook_service - DEBUG - _get_emails_from_multiple_files:1364 - Loaded 1 emails from Drafts folder
2025-07-17 16:02:29 - outlook_service - DEBUG - _get_emails_from_multiple_files:1324 - Successfully read emails_inbox.json with encoding: cp1252
2025-07-17 16:02:29 - outlook_service - DEBUG - _get_emails_from_multiple_files:1364 - Loaded 7 emails from Inbox folder
2025-07-17 16:02:29 - outlook_service - DEBUG - _get_emails_from_multiple_files:1324 - Successfully read emails_sent_items.json with encoding: utf-8
2025-07-17 16:02:29 - outlook_service - DEBUG - _get_emails_from_multiple_files:1364 - Loaded 1 emails from Sent Items folder
2025-07-17 16:02:29 - outlook_service - DEBUG - _get_emails_from_multiple_files:1378 - Consolidated 14 emails from 4 folders
2025-07-17 16:03:29 - outlook_service - INFO - __init__:136 - === Initializing OutlookService ===
2025-07-17 16:03:29 - outlook_service - DEBUG - __init__:137 - Service initialization started at 2025-07-17 16:03:29.493045
2025-07-17 16:03:29 - outlook_service - INFO - __init__:146 - OutlookService configured for user: user1
2025-07-17 16:03:29 - outlook_service - DEBUG - __init__:147 - Base path: C:\Users\user1\Desktop\normie\outlook\analyze\mail
2025-07-17 16:03:29 - outlook_service - DEBUG - __init__:148 - Emails file: C:\Users\user1\Desktop\normie\outlook\analyze\mail\emails.json
2025-07-17 16:03:29 - outlook_service - DEBUG - __init__:149 - Data folder: C:\Users\user1\Desktop\normie\outlook\analyze\mail\data
2025-07-17 16:03:29 - outlook_service - INFO - __init__:156 - COM interface availability: True
2025-07-17 16:03:29 - outlook_service - INFO - __init__:160 - Base path exists: C:\Users\user1\Desktop\normie\outlook\analyze\mail
2025-07-17 16:03:29 - outlook_service - INFO - __init__:168 - Emails file not found: C:\Users\user1\Desktop\normie\outlook\analyze\mail\emails.json
2025-07-17 16:03:29 - outlook_service - INFO - __init__:170 - OutlookService initialization completed successfully
2025-07-17 16:03:29 - outlook_service - DEBUG - get_emails_data:1273 - === Loading emails data ===
2025-07-17 16:03:29 - outlook_service - INFO - get_emails_data:1280 - Found 4 folder-specific email files
2025-07-17 16:03:29 - outlook_service - DEBUG - get_emails_data:1281 - Folder files: ['emails_deleted_items.json', 'emails_drafts.json', 'emails_inbox.json', 'emails_sent_items.json']
2025-07-17 16:03:29 - outlook_service - DEBUG - _get_emails_from_multiple_files:1324 - Successfully read emails_deleted_items.json with encoding: cp1252
2025-07-17 16:03:29 - outlook_service - DEBUG - _get_emails_from_multiple_files:1364 - Loaded 5 emails from Deleted Items folder
2025-07-17 16:03:29 - outlook_service - DEBUG - _get_emails_from_multiple_files:1324 - Successfully read emails_drafts.json with encoding: utf-8
2025-07-17 16:03:29 - outlook_service - DEBUG - _get_emails_from_multiple_files:1364 - Loaded 1 emails from Drafts folder
2025-07-17 16:03:29 - outlook_service - DEBUG - _get_emails_from_multiple_files:1324 - Successfully read emails_inbox.json with encoding: cp1252
2025-07-17 16:03:29 - outlook_service - DEBUG - _get_emails_from_multiple_files:1364 - Loaded 7 emails from Inbox folder
2025-07-17 16:03:29 - outlook_service - DEBUG - _get_emails_from_multiple_files:1324 - Successfully read emails_sent_items.json with encoding: utf-8
2025-07-17 16:03:29 - outlook_service - DEBUG - _get_emails_from_multiple_files:1364 - Loaded 1 emails from Sent Items folder
2025-07-17 16:03:29 - outlook_service - DEBUG - _get_emails_from_multiple_files:1378 - Consolidated 14 emails from 4 folders
2025-07-17 16:03:29 - outlook_service - DEBUG - get_emails_list:1499 - Returning 7 emails (page 1/1)
2025-07-17 16:03:29 - outlook_service - DEBUG - get_emails_data:1273 - === Loading emails data ===
2025-07-17 16:03:29 - outlook_service - INFO - get_emails_data:1280 - Found 4 folder-specific email files
2025-07-17 16:03:29 - outlook_service - DEBUG - get_emails_data:1281 - Folder files: ['emails_deleted_items.json', 'emails_drafts.json', 'emails_inbox.json', 'emails_sent_items.json']
2025-07-17 16:03:29 - outlook_service - DEBUG - _get_emails_from_multiple_files:1324 - Successfully read emails_deleted_items.json with encoding: cp1252
2025-07-17 16:03:29 - outlook_service - DEBUG - _get_emails_from_multiple_files:1364 - Loaded 5 emails from Deleted Items folder
2025-07-17 16:03:29 - outlook_service - DEBUG - _get_emails_from_multiple_files:1324 - Successfully read emails_drafts.json with encoding: utf-8
2025-07-17 16:03:29 - outlook_service - DEBUG - _get_emails_from_multiple_files:1364 - Loaded 1 emails from Drafts folder
2025-07-17 16:03:29 - outlook_service - DEBUG - _get_emails_from_multiple_files:1324 - Successfully read emails_inbox.json with encoding: cp1252
2025-07-17 16:03:29 - outlook_service - DEBUG - _get_emails_from_multiple_files:1364 - Loaded 7 emails from Inbox folder
2025-07-17 16:03:29 - outlook_service - DEBUG - _get_emails_from_multiple_files:1324 - Successfully read emails_sent_items.json with encoding: utf-8
2025-07-17 16:03:29 - outlook_service - DEBUG - _get_emails_from_multiple_files:1364 - Loaded 1 emails from Sent Items folder
2025-07-17 16:03:29 - outlook_service - DEBUG - _get_emails_from_multiple_files:1378 - Consolidated 14 emails from 4 folders
2025-07-17 16:04:29 - outlook_service - INFO - __init__:136 - === Initializing OutlookService ===
2025-07-17 16:04:29 - outlook_service - DEBUG - __init__:137 - Service initialization started at 2025-07-17 16:04:29.505033
2025-07-17 16:04:29 - outlook_service - INFO - __init__:146 - OutlookService configured for user: user1
2025-07-17 16:04:29 - outlook_service - DEBUG - __init__:147 - Base path: C:\Users\user1\Desktop\normie\outlook\analyze\mail
2025-07-17 16:04:29 - outlook_service - DEBUG - __init__:148 - Emails file: C:\Users\user1\Desktop\normie\outlook\analyze\mail\emails.json
2025-07-17 16:04:29 - outlook_service - DEBUG - __init__:149 - Data folder: C:\Users\user1\Desktop\normie\outlook\analyze\mail\data
2025-07-17 16:04:29 - outlook_service - INFO - __init__:156 - COM interface availability: True
2025-07-17 16:04:29 - outlook_service - INFO - __init__:160 - Base path exists: C:\Users\user1\Desktop\normie\outlook\analyze\mail
2025-07-17 16:04:29 - outlook_service - INFO - __init__:168 - Emails file not found: C:\Users\user1\Desktop\normie\outlook\analyze\mail\emails.json
2025-07-17 16:04:29 - outlook_service - INFO - __init__:170 - OutlookService initialization completed successfully
2025-07-17 16:04:29 - outlook_service - DEBUG - get_emails_data:1273 - === Loading emails data ===
2025-07-17 16:04:29 - outlook_service - INFO - get_emails_data:1280 - Found 4 folder-specific email files
2025-07-17 16:04:29 - outlook_service - DEBUG - get_emails_data:1281 - Folder files: ['emails_deleted_items.json', 'emails_drafts.json', 'emails_inbox.json', 'emails_sent_items.json']
2025-07-17 16:04:29 - outlook_service - DEBUG - _get_emails_from_multiple_files:1324 - Successfully read emails_deleted_items.json with encoding: cp1252
2025-07-17 16:04:29 - outlook_service - DEBUG - _get_emails_from_multiple_files:1364 - Loaded 5 emails from Deleted Items folder
2025-07-17 16:04:29 - outlook_service - DEBUG - _get_emails_from_multiple_files:1324 - Successfully read emails_drafts.json with encoding: utf-8
2025-07-17 16:04:29 - outlook_service - DEBUG - _get_emails_from_multiple_files:1364 - Loaded 1 emails from Drafts folder
2025-07-17 16:04:29 - outlook_service - DEBUG - _get_emails_from_multiple_files:1324 - Successfully read emails_inbox.json with encoding: cp1252
2025-07-17 16:04:29 - outlook_service - DEBUG - _get_emails_from_multiple_files:1364 - Loaded 7 emails from Inbox folder
2025-07-17 16:04:29 - outlook_service - DEBUG - _get_emails_from_multiple_files:1324 - Successfully read emails_sent_items.json with encoding: utf-8
2025-07-17 16:04:29 - outlook_service - DEBUG - _get_emails_from_multiple_files:1364 - Loaded 1 emails from Sent Items folder
2025-07-17 16:04:29 - outlook_service - DEBUG - _get_emails_from_multiple_files:1378 - Consolidated 14 emails from 4 folders
2025-07-17 16:04:29 - outlook_service - DEBUG - get_emails_list:1499 - Returning 7 emails (page 1/1)
2025-07-17 16:04:29 - outlook_service - DEBUG - get_emails_data:1273 - === Loading emails data ===
2025-07-17 16:04:29 - outlook_service - INFO - get_emails_data:1280 - Found 4 folder-specific email files
2025-07-17 16:04:29 - outlook_service - DEBUG - get_emails_data:1281 - Folder files: ['emails_deleted_items.json', 'emails_drafts.json', 'emails_inbox.json', 'emails_sent_items.json']
2025-07-17 16:04:29 - outlook_service - DEBUG - _get_emails_from_multiple_files:1324 - Successfully read emails_deleted_items.json with encoding: cp1252
2025-07-17 16:04:29 - outlook_service - DEBUG - _get_emails_from_multiple_files:1364 - Loaded 5 emails from Deleted Items folder
2025-07-17 16:04:29 - outlook_service - DEBUG - _get_emails_from_multiple_files:1324 - Successfully read emails_drafts.json with encoding: utf-8
2025-07-17 16:04:29 - outlook_service - DEBUG - _get_emails_from_multiple_files:1364 - Loaded 1 emails from Drafts folder
2025-07-17 16:04:29 - outlook_service - DEBUG - _get_emails_from_multiple_files:1324 - Successfully read emails_inbox.json with encoding: cp1252
2025-07-17 16:04:29 - outlook_service - DEBUG - _get_emails_from_multiple_files:1364 - Loaded 7 emails from Inbox folder
2025-07-17 16:04:29 - outlook_service - DEBUG - _get_emails_from_multiple_files:1324 - Successfully read emails_sent_items.json with encoding: utf-8
2025-07-17 16:04:29 - outlook_service - DEBUG - _get_emails_from_multiple_files:1364 - Loaded 1 emails from Sent Items folder
2025-07-17 16:04:29 - outlook_service - DEBUG - _get_emails_from_multiple_files:1378 - Consolidated 14 emails from 4 folders
2025-07-17 16:05:29 - outlook_service - INFO - __init__:136 - === Initializing OutlookService ===
2025-07-17 16:05:29 - outlook_service - DEBUG - __init__:137 - Service initialization started at 2025-07-17 16:05:29.502114
2025-07-17 16:05:29 - outlook_service - INFO - __init__:146 - OutlookService configured for user: user1
2025-07-17 16:05:29 - outlook_service - DEBUG - __init__:147 - Base path: C:\Users\user1\Desktop\normie\outlook\analyze\mail
2025-07-17 16:05:29 - outlook_service - DEBUG - __init__:148 - Emails file: C:\Users\user1\Desktop\normie\outlook\analyze\mail\emails.json
2025-07-17 16:05:29 - outlook_service - DEBUG - __init__:149 - Data folder: C:\Users\user1\Desktop\normie\outlook\analyze\mail\data
2025-07-17 16:05:29 - outlook_service - INFO - __init__:156 - COM interface availability: True
2025-07-17 16:05:29 - outlook_service - INFO - __init__:160 - Base path exists: C:\Users\user1\Desktop\normie\outlook\analyze\mail
2025-07-17 16:05:29 - outlook_service - INFO - __init__:168 - Emails file not found: C:\Users\user1\Desktop\normie\outlook\analyze\mail\emails.json
2025-07-17 16:05:29 - outlook_service - INFO - __init__:170 - OutlookService initialization completed successfully
2025-07-17 16:05:29 - outlook_service - DEBUG - get_emails_data:1273 - === Loading emails data ===
2025-07-17 16:05:29 - outlook_service - INFO - get_emails_data:1280 - Found 4 folder-specific email files
2025-07-17 16:05:29 - outlook_service - DEBUG - get_emails_data:1281 - Folder files: ['emails_deleted_items.json', 'emails_drafts.json', 'emails_inbox.json', 'emails_sent_items.json']
2025-07-17 16:05:29 - outlook_service - DEBUG - _get_emails_from_multiple_files:1324 - Successfully read emails_deleted_items.json with encoding: cp1252
2025-07-17 16:05:29 - outlook_service - DEBUG - _get_emails_from_multiple_files:1364 - Loaded 5 emails from Deleted Items folder
2025-07-17 16:05:29 - outlook_service - DEBUG - _get_emails_from_multiple_files:1324 - Successfully read emails_drafts.json with encoding: utf-8
2025-07-17 16:05:29 - outlook_service - DEBUG - _get_emails_from_multiple_files:1364 - Loaded 1 emails from Drafts folder
2025-07-17 16:05:29 - outlook_service - DEBUG - _get_emails_from_multiple_files:1324 - Successfully read emails_inbox.json with encoding: cp1252
2025-07-17 16:05:29 - outlook_service - DEBUG - _get_emails_from_multiple_files:1364 - Loaded 7 emails from Inbox folder
2025-07-17 16:05:29 - outlook_service - DEBUG - _get_emails_from_multiple_files:1324 - Successfully read emails_sent_items.json with encoding: utf-8
2025-07-17 16:05:29 - outlook_service - DEBUG - _get_emails_from_multiple_files:1364 - Loaded 1 emails from Sent Items folder
2025-07-17 16:05:29 - outlook_service - DEBUG - _get_emails_from_multiple_files:1378 - Consolidated 14 emails from 4 folders
2025-07-17 16:05:29 - outlook_service - DEBUG - get_emails_list:1499 - Returning 7 emails (page 1/1)
2025-07-17 16:05:29 - outlook_service - DEBUG - get_emails_data:1273 - === Loading emails data ===
2025-07-17 16:05:29 - outlook_service - INFO - get_emails_data:1280 - Found 4 folder-specific email files
2025-07-17 16:05:29 - outlook_service - DEBUG - get_emails_data:1281 - Folder files: ['emails_deleted_items.json', 'emails_drafts.json', 'emails_inbox.json', 'emails_sent_items.json']
2025-07-17 16:05:29 - outlook_service - DEBUG - _get_emails_from_multiple_files:1324 - Successfully read emails_deleted_items.json with encoding: cp1252
2025-07-17 16:05:29 - outlook_service - DEBUG - _get_emails_from_multiple_files:1364 - Loaded 5 emails from Deleted Items folder
2025-07-17 16:05:29 - outlook_service - DEBUG - _get_emails_from_multiple_files:1324 - Successfully read emails_drafts.json with encoding: utf-8
2025-07-17 16:05:29 - outlook_service - DEBUG - _get_emails_from_multiple_files:1364 - Loaded 1 emails from Drafts folder
2025-07-17 16:05:29 - outlook_service - DEBUG - _get_emails_from_multiple_files:1324 - Successfully read emails_inbox.json with encoding: cp1252
2025-07-17 16:05:29 - outlook_service - DEBUG - _get_emails_from_multiple_files:1364 - Loaded 7 emails from Inbox folder
2025-07-17 16:05:29 - outlook_service - DEBUG - _get_emails_from_multiple_files:1324 - Successfully read emails_sent_items.json with encoding: utf-8
2025-07-17 16:05:29 - outlook_service - DEBUG - _get_emails_from_multiple_files:1364 - Loaded 1 emails from Sent Items folder
2025-07-17 16:05:29 - outlook_service - DEBUG - _get_emails_from_multiple_files:1378 - Consolidated 14 emails from 4 folders
2025-07-17 16:06:29 - outlook_service - INFO - __init__:136 - === Initializing OutlookService ===
2025-07-17 16:06:29 - outlook_service - DEBUG - __init__:137 - Service initialization started at 2025-07-17 16:06:29.505514
2025-07-17 16:06:29 - outlook_service - INFO - __init__:146 - OutlookService configured for user: user1
2025-07-17 16:06:29 - outlook_service - DEBUG - __init__:147 - Base path: C:\Users\user1\Desktop\normie\outlook\analyze\mail
2025-07-17 16:06:29 - outlook_service - DEBUG - __init__:148 - Emails file: C:\Users\user1\Desktop\normie\outlook\analyze\mail\emails.json
2025-07-17 16:06:29 - outlook_service - DEBUG - __init__:149 - Data folder: C:\Users\user1\Desktop\normie\outlook\analyze\mail\data
2025-07-17 16:06:29 - outlook_service - INFO - __init__:156 - COM interface availability: True
2025-07-17 16:06:29 - outlook_service - INFO - __init__:160 - Base path exists: C:\Users\user1\Desktop\normie\outlook\analyze\mail
2025-07-17 16:06:29 - outlook_service - INFO - __init__:168 - Emails file not found: C:\Users\user1\Desktop\normie\outlook\analyze\mail\emails.json
2025-07-17 16:06:29 - outlook_service - INFO - __init__:170 - OutlookService initialization completed successfully
2025-07-17 16:06:29 - outlook_service - DEBUG - get_emails_data:1273 - === Loading emails data ===
2025-07-17 16:06:29 - outlook_service - INFO - get_emails_data:1280 - Found 4 folder-specific email files
2025-07-17 16:06:29 - outlook_service - DEBUG - get_emails_data:1281 - Folder files: ['emails_deleted_items.json', 'emails_drafts.json', 'emails_inbox.json', 'emails_sent_items.json']
2025-07-17 16:06:29 - outlook_service - DEBUG - _get_emails_from_multiple_files:1324 - Successfully read emails_deleted_items.json with encoding: cp1252
2025-07-17 16:06:29 - outlook_service - DEBUG - _get_emails_from_multiple_files:1364 - Loaded 5 emails from Deleted Items folder
2025-07-17 16:06:29 - outlook_service - DEBUG - _get_emails_from_multiple_files:1324 - Successfully read emails_drafts.json with encoding: utf-8
2025-07-17 16:06:29 - outlook_service - DEBUG - _get_emails_from_multiple_files:1364 - Loaded 1 emails from Drafts folder
2025-07-17 16:06:29 - outlook_service - DEBUG - _get_emails_from_multiple_files:1324 - Successfully read emails_inbox.json with encoding: cp1252
2025-07-17 16:06:29 - outlook_service - DEBUG - _get_emails_from_multiple_files:1364 - Loaded 7 emails from Inbox folder
2025-07-17 16:06:29 - outlook_service - DEBUG - _get_emails_from_multiple_files:1324 - Successfully read emails_sent_items.json with encoding: utf-8
2025-07-17 16:06:29 - outlook_service - DEBUG - _get_emails_from_multiple_files:1364 - Loaded 1 emails from Sent Items folder
2025-07-17 16:06:29 - outlook_service - DEBUG - _get_emails_from_multiple_files:1378 - Consolidated 14 emails from 4 folders
2025-07-17 16:06:29 - outlook_service - DEBUG - get_emails_list:1499 - Returning 7 emails (page 1/1)
2025-07-17 16:06:29 - outlook_service - DEBUG - get_emails_data:1273 - === Loading emails data ===
2025-07-17 16:06:29 - outlook_service - INFO - get_emails_data:1280 - Found 4 folder-specific email files
2025-07-17 16:06:29 - outlook_service - DEBUG - get_emails_data:1281 - Folder files: ['emails_deleted_items.json', 'emails_drafts.json', 'emails_inbox.json', 'emails_sent_items.json']
2025-07-17 16:06:29 - outlook_service - DEBUG - _get_emails_from_multiple_files:1324 - Successfully read emails_deleted_items.json with encoding: cp1252
2025-07-17 16:06:29 - outlook_service - DEBUG - _get_emails_from_multiple_files:1364 - Loaded 5 emails from Deleted Items folder
2025-07-17 16:06:29 - outlook_service - DEBUG - _get_emails_from_multiple_files:1324 - Successfully read emails_drafts.json with encoding: utf-8
2025-07-17 16:06:29 - outlook_service - DEBUG - _get_emails_from_multiple_files:1364 - Loaded 1 emails from Drafts folder
2025-07-17 16:06:29 - outlook_service - DEBUG - _get_emails_from_multiple_files:1324 - Successfully read emails_inbox.json with encoding: cp1252
2025-07-17 16:06:29 - outlook_service - DEBUG - _get_emails_from_multiple_files:1364 - Loaded 7 emails from Inbox folder
2025-07-17 16:06:29 - outlook_service - DEBUG - _get_emails_from_multiple_files:1324 - Successfully read emails_sent_items.json with encoding: utf-8
2025-07-17 16:06:29 - outlook_service - DEBUG - _get_emails_from_multiple_files:1364 - Loaded 1 emails from Sent Items folder
2025-07-17 16:06:29 - outlook_service - DEBUG - _get_emails_from_multiple_files:1378 - Consolidated 14 emails from 4 folders
2025-07-17 16:07:29 - outlook_service - INFO - __init__:136 - === Initializing OutlookService ===
2025-07-17 16:07:29 - outlook_service - DEBUG - __init__:137 - Service initialization started at 2025-07-17 16:07:29.490304
2025-07-17 16:07:29 - outlook_service - INFO - __init__:146 - OutlookService configured for user: user1
2025-07-17 16:07:29 - outlook_service - DEBUG - __init__:147 - Base path: C:\Users\user1\Desktop\normie\outlook\analyze\mail
2025-07-17 16:07:29 - outlook_service - DEBUG - __init__:148 - Emails file: C:\Users\user1\Desktop\normie\outlook\analyze\mail\emails.json
2025-07-17 16:07:29 - outlook_service - DEBUG - __init__:149 - Data folder: C:\Users\user1\Desktop\normie\outlook\analyze\mail\data
2025-07-17 16:07:29 - outlook_service - INFO - __init__:156 - COM interface availability: True
2025-07-17 16:07:29 - outlook_service - INFO - __init__:160 - Base path exists: C:\Users\user1\Desktop\normie\outlook\analyze\mail
2025-07-17 16:07:29 - outlook_service - INFO - __init__:168 - Emails file not found: C:\Users\user1\Desktop\normie\outlook\analyze\mail\emails.json
2025-07-17 16:07:29 - outlook_service - INFO - __init__:170 - OutlookService initialization completed successfully
2025-07-17 16:07:29 - outlook_service - DEBUG - get_emails_data:1273 - === Loading emails data ===
2025-07-17 16:07:29 - outlook_service - INFO - get_emails_data:1280 - Found 4 folder-specific email files
2025-07-17 16:07:29 - outlook_service - DEBUG - get_emails_data:1281 - Folder files: ['emails_deleted_items.json', 'emails_drafts.json', 'emails_inbox.json', 'emails_sent_items.json']
2025-07-17 16:07:29 - outlook_service - DEBUG - _get_emails_from_multiple_files:1324 - Successfully read emails_deleted_items.json with encoding: cp1252
2025-07-17 16:07:29 - outlook_service - DEBUG - _get_emails_from_multiple_files:1364 - Loaded 5 emails from Deleted Items folder
2025-07-17 16:07:29 - outlook_service - DEBUG - _get_emails_from_multiple_files:1324 - Successfully read emails_drafts.json with encoding: utf-8
2025-07-17 16:07:29 - outlook_service - DEBUG - _get_emails_from_multiple_files:1364 - Loaded 1 emails from Drafts folder
2025-07-17 16:07:29 - outlook_service - DEBUG - _get_emails_from_multiple_files:1324 - Successfully read emails_inbox.json with encoding: cp1252
2025-07-17 16:07:29 - outlook_service - DEBUG - _get_emails_from_multiple_files:1364 - Loaded 7 emails from Inbox folder
2025-07-17 16:07:29 - outlook_service - DEBUG - _get_emails_from_multiple_files:1324 - Successfully read emails_sent_items.json with encoding: utf-8
2025-07-17 16:07:29 - outlook_service - DEBUG - _get_emails_from_multiple_files:1364 - Loaded 1 emails from Sent Items folder
2025-07-17 16:07:29 - outlook_service - DEBUG - _get_emails_from_multiple_files:1378 - Consolidated 14 emails from 4 folders
2025-07-17 16:07:29 - outlook_service - DEBUG - get_emails_list:1499 - Returning 7 emails (page 1/1)
2025-07-17 16:07:29 - outlook_service - DEBUG - get_emails_data:1273 - === Loading emails data ===
2025-07-17 16:07:29 - outlook_service - INFO - get_emails_data:1280 - Found 4 folder-specific email files
2025-07-17 16:07:29 - outlook_service - DEBUG - get_emails_data:1281 - Folder files: ['emails_deleted_items.json', 'emails_drafts.json', 'emails_inbox.json', 'emails_sent_items.json']
2025-07-17 16:07:29 - outlook_service - DEBUG - _get_emails_from_multiple_files:1324 - Successfully read emails_deleted_items.json with encoding: cp1252
2025-07-17 16:07:29 - outlook_service - DEBUG - _get_emails_from_multiple_files:1364 - Loaded 5 emails from Deleted Items folder
2025-07-17 16:07:29 - outlook_service - DEBUG - _get_emails_from_multiple_files:1324 - Successfully read emails_drafts.json with encoding: utf-8
2025-07-17 16:07:29 - outlook_service - DEBUG - _get_emails_from_multiple_files:1364 - Loaded 1 emails from Drafts folder
2025-07-17 16:07:29 - outlook_service - DEBUG - _get_emails_from_multiple_files:1324 - Successfully read emails_inbox.json with encoding: cp1252
2025-07-17 16:07:29 - outlook_service - DEBUG - _get_emails_from_multiple_files:1364 - Loaded 7 emails from Inbox folder
2025-07-17 16:07:29 - outlook_service - DEBUG - _get_emails_from_multiple_files:1324 - Successfully read emails_sent_items.json with encoding: utf-8
2025-07-17 16:07:29 - outlook_service - DEBUG - _get_emails_from_multiple_files:1364 - Loaded 1 emails from Sent Items folder
2025-07-17 16:07:29 - outlook_service - DEBUG - _get_emails_from_multiple_files:1378 - Consolidated 14 emails from 4 folders
2025-07-17 16:08:29 - outlook_service - INFO - __init__:136 - === Initializing OutlookService ===
2025-07-17 16:08:29 - outlook_service - DEBUG - __init__:137 - Service initialization started at 2025-07-17 16:08:29.502693
2025-07-17 16:08:29 - outlook_service - INFO - __init__:146 - OutlookService configured for user: user1
2025-07-17 16:08:29 - outlook_service - DEBUG - __init__:147 - Base path: C:\Users\user1\Desktop\normie\outlook\analyze\mail
2025-07-17 16:08:29 - outlook_service - DEBUG - __init__:148 - Emails file: C:\Users\user1\Desktop\normie\outlook\analyze\mail\emails.json
2025-07-17 16:08:29 - outlook_service - DEBUG - __init__:149 - Data folder: C:\Users\user1\Desktop\normie\outlook\analyze\mail\data
2025-07-17 16:08:29 - outlook_service - INFO - __init__:156 - COM interface availability: True
2025-07-17 16:08:29 - outlook_service - INFO - __init__:160 - Base path exists: C:\Users\user1\Desktop\normie\outlook\analyze\mail
2025-07-17 16:08:29 - outlook_service - INFO - __init__:168 - Emails file not found: C:\Users\user1\Desktop\normie\outlook\analyze\mail\emails.json
2025-07-17 16:08:29 - outlook_service - INFO - __init__:170 - OutlookService initialization completed successfully
2025-07-17 16:08:29 - outlook_service - DEBUG - get_emails_data:1273 - === Loading emails data ===
2025-07-17 16:08:29 - outlook_service - INFO - get_emails_data:1280 - Found 4 folder-specific email files
2025-07-17 16:08:29 - outlook_service - DEBUG - get_emails_data:1281 - Folder files: ['emails_deleted_items.json', 'emails_drafts.json', 'emails_inbox.json', 'emails_sent_items.json']
2025-07-17 16:08:29 - outlook_service - DEBUG - _get_emails_from_multiple_files:1324 - Successfully read emails_deleted_items.json with encoding: cp1252
2025-07-17 16:08:29 - outlook_service - DEBUG - _get_emails_from_multiple_files:1364 - Loaded 5 emails from Deleted Items folder
2025-07-17 16:08:29 - outlook_service - DEBUG - _get_emails_from_multiple_files:1324 - Successfully read emails_drafts.json with encoding: utf-8
2025-07-17 16:08:29 - outlook_service - DEBUG - _get_emails_from_multiple_files:1364 - Loaded 1 emails from Drafts folder
2025-07-17 16:08:29 - outlook_service - DEBUG - _get_emails_from_multiple_files:1324 - Successfully read emails_inbox.json with encoding: cp1252
2025-07-17 16:08:29 - outlook_service - DEBUG - _get_emails_from_multiple_files:1364 - Loaded 7 emails from Inbox folder
2025-07-17 16:08:29 - outlook_service - DEBUG - _get_emails_from_multiple_files:1324 - Successfully read emails_sent_items.json with encoding: utf-8
2025-07-17 16:08:29 - outlook_service - DEBUG - _get_emails_from_multiple_files:1364 - Loaded 1 emails from Sent Items folder
2025-07-17 16:08:29 - outlook_service - DEBUG - _get_emails_from_multiple_files:1378 - Consolidated 14 emails from 4 folders
2025-07-17 16:08:29 - outlook_service - DEBUG - get_emails_list:1499 - Returning 7 emails (page 1/1)
2025-07-17 16:08:29 - outlook_service - DEBUG - get_emails_data:1273 - === Loading emails data ===
2025-07-17 16:08:29 - outlook_service - INFO - get_emails_data:1280 - Found 4 folder-specific email files
2025-07-17 16:08:29 - outlook_service - DEBUG - get_emails_data:1281 - Folder files: ['emails_deleted_items.json', 'emails_drafts.json', 'emails_inbox.json', 'emails_sent_items.json']
2025-07-17 16:08:29 - outlook_service - DEBUG - _get_emails_from_multiple_files:1324 - Successfully read emails_deleted_items.json with encoding: cp1252
2025-07-17 16:08:29 - outlook_service - DEBUG - _get_emails_from_multiple_files:1364 - Loaded 5 emails from Deleted Items folder
2025-07-17 16:08:29 - outlook_service - DEBUG - _get_emails_from_multiple_files:1324 - Successfully read emails_drafts.json with encoding: utf-8
2025-07-17 16:08:29 - outlook_service - DEBUG - _get_emails_from_multiple_files:1364 - Loaded 1 emails from Drafts folder
2025-07-17 16:08:29 - outlook_service - DEBUG - _get_emails_from_multiple_files:1324 - Successfully read emails_inbox.json with encoding: cp1252
2025-07-17 16:08:29 - outlook_service - DEBUG - _get_emails_from_multiple_files:1364 - Loaded 7 emails from Inbox folder
2025-07-17 16:08:29 - outlook_service - DEBUG - _get_emails_from_multiple_files:1324 - Successfully read emails_sent_items.json with encoding: utf-8
2025-07-17 16:08:29 - outlook_service - DEBUG - _get_emails_from_multiple_files:1364 - Loaded 1 emails from Sent Items folder
2025-07-17 16:08:29 - outlook_service - DEBUG - _get_emails_from_multiple_files:1378 - Consolidated 14 emails from 4 folders
2025-07-17 16:09:29 - outlook_service - INFO - __init__:136 - === Initializing OutlookService ===
2025-07-17 16:09:29 - outlook_service - DEBUG - __init__:137 - Service initialization started at 2025-07-17 16:09:29.490636
2025-07-17 16:09:29 - outlook_service - INFO - __init__:146 - OutlookService configured for user: user1
2025-07-17 16:09:29 - outlook_service - DEBUG - __init__:147 - Base path: C:\Users\user1\Desktop\normie\outlook\analyze\mail
2025-07-17 16:09:29 - outlook_service - DEBUG - __init__:148 - Emails file: C:\Users\user1\Desktop\normie\outlook\analyze\mail\emails.json
2025-07-17 16:09:29 - outlook_service - DEBUG - __init__:149 - Data folder: C:\Users\user1\Desktop\normie\outlook\analyze\mail\data
2025-07-17 16:09:29 - outlook_service - INFO - __init__:156 - COM interface availability: True
2025-07-17 16:09:29 - outlook_service - INFO - __init__:160 - Base path exists: C:\Users\user1\Desktop\normie\outlook\analyze\mail
2025-07-17 16:09:29 - outlook_service - INFO - __init__:168 - Emails file not found: C:\Users\user1\Desktop\normie\outlook\analyze\mail\emails.json
2025-07-17 16:09:29 - outlook_service - INFO - __init__:170 - OutlookService initialization completed successfully
2025-07-17 16:09:29 - outlook_service - DEBUG - get_emails_data:1273 - === Loading emails data ===
2025-07-17 16:09:29 - outlook_service - INFO - get_emails_data:1280 - Found 4 folder-specific email files
2025-07-17 16:09:29 - outlook_service - DEBUG - get_emails_data:1281 - Folder files: ['emails_deleted_items.json', 'emails_drafts.json', 'emails_inbox.json', 'emails_sent_items.json']
2025-07-17 16:09:29 - outlook_service - DEBUG - _get_emails_from_multiple_files:1324 - Successfully read emails_deleted_items.json with encoding: cp1252
2025-07-17 16:09:29 - outlook_service - DEBUG - _get_emails_from_multiple_files:1364 - Loaded 5 emails from Deleted Items folder
2025-07-17 16:09:29 - outlook_service - DEBUG - _get_emails_from_multiple_files:1324 - Successfully read emails_drafts.json with encoding: utf-8
2025-07-17 16:09:29 - outlook_service - DEBUG - _get_emails_from_multiple_files:1364 - Loaded 1 emails from Drafts folder
2025-07-17 16:09:29 - outlook_service - DEBUG - _get_emails_from_multiple_files:1324 - Successfully read emails_inbox.json with encoding: cp1252
2025-07-17 16:09:29 - outlook_service - DEBUG - _get_emails_from_multiple_files:1364 - Loaded 7 emails from Inbox folder
2025-07-17 16:09:29 - outlook_service - DEBUG - _get_emails_from_multiple_files:1324 - Successfully read emails_sent_items.json with encoding: utf-8
2025-07-17 16:09:29 - outlook_service - DEBUG - _get_emails_from_multiple_files:1364 - Loaded 1 emails from Sent Items folder
2025-07-17 16:09:29 - outlook_service - DEBUG - _get_emails_from_multiple_files:1378 - Consolidated 14 emails from 4 folders
2025-07-17 16:09:29 - outlook_service - DEBUG - get_emails_list:1499 - Returning 7 emails (page 1/1)
2025-07-17 16:09:29 - outlook_service - DEBUG - get_emails_data:1273 - === Loading emails data ===
2025-07-17 16:09:29 - outlook_service - INFO - get_emails_data:1280 - Found 4 folder-specific email files
2025-07-17 16:09:29 - outlook_service - DEBUG - get_emails_data:1281 - Folder files: ['emails_deleted_items.json', 'emails_drafts.json', 'emails_inbox.json', 'emails_sent_items.json']
2025-07-17 16:09:29 - outlook_service - DEBUG - _get_emails_from_multiple_files:1324 - Successfully read emails_deleted_items.json with encoding: cp1252
2025-07-17 16:09:29 - outlook_service - DEBUG - _get_emails_from_multiple_files:1364 - Loaded 5 emails from Deleted Items folder
2025-07-17 16:09:29 - outlook_service - DEBUG - _get_emails_from_multiple_files:1324 - Successfully read emails_drafts.json with encoding: utf-8
2025-07-17 16:09:29 - outlook_service - DEBUG - _get_emails_from_multiple_files:1364 - Loaded 1 emails from Drafts folder
2025-07-17 16:09:29 - outlook_service - DEBUG - _get_emails_from_multiple_files:1324 - Successfully read emails_inbox.json with encoding: cp1252
2025-07-17 16:09:29 - outlook_service - DEBUG - _get_emails_from_multiple_files:1364 - Loaded 7 emails from Inbox folder
2025-07-17 16:09:29 - outlook_service - DEBUG - _get_emails_from_multiple_files:1324 - Successfully read emails_sent_items.json with encoding: utf-8
2025-07-17 16:09:29 - outlook_service - DEBUG - _get_emails_from_multiple_files:1364 - Loaded 1 emails from Sent Items folder
2025-07-17 16:09:29 - outlook_service - DEBUG - _get_emails_from_multiple_files:1378 - Consolidated 14 emails from 4 folders
2025-07-17 16:10:29 - outlook_service - INFO - __init__:136 - === Initializing OutlookService ===
2025-07-17 16:10:29 - outlook_service - DEBUG - __init__:137 - Service initialization started at 2025-07-17 16:10:29.487119
2025-07-17 16:10:29 - outlook_service - INFO - __init__:146 - OutlookService configured for user: user1
2025-07-17 16:10:29 - outlook_service - DEBUG - __init__:147 - Base path: C:\Users\user1\Desktop\normie\outlook\analyze\mail
2025-07-17 16:10:29 - outlook_service - DEBUG - __init__:148 - Emails file: C:\Users\user1\Desktop\normie\outlook\analyze\mail\emails.json
2025-07-17 16:10:29 - outlook_service - DEBUG - __init__:149 - Data folder: C:\Users\user1\Desktop\normie\outlook\analyze\mail\data
2025-07-17 16:10:29 - outlook_service - INFO - __init__:156 - COM interface availability: True
2025-07-17 16:10:29 - outlook_service - INFO - __init__:160 - Base path exists: C:\Users\user1\Desktop\normie\outlook\analyze\mail
2025-07-17 16:10:29 - outlook_service - INFO - __init__:168 - Emails file not found: C:\Users\user1\Desktop\normie\outlook\analyze\mail\emails.json
2025-07-17 16:10:29 - outlook_service - INFO - __init__:170 - OutlookService initialization completed successfully
2025-07-17 16:10:29 - outlook_service - DEBUG - get_emails_data:1273 - === Loading emails data ===
2025-07-17 16:10:29 - outlook_service - INFO - get_emails_data:1280 - Found 4 folder-specific email files
2025-07-17 16:10:29 - outlook_service - DEBUG - get_emails_data:1281 - Folder files: ['emails_deleted_items.json', 'emails_drafts.json', 'emails_inbox.json', 'emails_sent_items.json']
2025-07-17 16:10:29 - outlook_service - DEBUG - _get_emails_from_multiple_files:1324 - Successfully read emails_deleted_items.json with encoding: cp1252
2025-07-17 16:10:29 - outlook_service - DEBUG - _get_emails_from_multiple_files:1364 - Loaded 5 emails from Deleted Items folder
2025-07-17 16:10:29 - outlook_service - DEBUG - _get_emails_from_multiple_files:1324 - Successfully read emails_drafts.json with encoding: utf-8
2025-07-17 16:10:29 - outlook_service - DEBUG - _get_emails_from_multiple_files:1364 - Loaded 1 emails from Drafts folder
2025-07-17 16:10:29 - outlook_service - DEBUG - _get_emails_from_multiple_files:1324 - Successfully read emails_inbox.json with encoding: cp1252
2025-07-17 16:10:29 - outlook_service - DEBUG - _get_emails_from_multiple_files:1364 - Loaded 7 emails from Inbox folder
2025-07-17 16:10:29 - outlook_service - DEBUG - _get_emails_from_multiple_files:1324 - Successfully read emails_sent_items.json with encoding: utf-8
2025-07-17 16:10:29 - outlook_service - DEBUG - _get_emails_from_multiple_files:1364 - Loaded 1 emails from Sent Items folder
2025-07-17 16:10:29 - outlook_service - DEBUG - _get_emails_from_multiple_files:1378 - Consolidated 14 emails from 4 folders
2025-07-17 16:10:29 - outlook_service - DEBUG - get_emails_list:1499 - Returning 7 emails (page 1/1)
2025-07-17 16:10:29 - outlook_service - DEBUG - get_emails_data:1273 - === Loading emails data ===
2025-07-17 16:10:29 - outlook_service - INFO - get_emails_data:1280 - Found 4 folder-specific email files
2025-07-17 16:10:29 - outlook_service - DEBUG - get_emails_data:1281 - Folder files: ['emails_deleted_items.json', 'emails_drafts.json', 'emails_inbox.json', 'emails_sent_items.json']
2025-07-17 16:10:29 - outlook_service - DEBUG - _get_emails_from_multiple_files:1324 - Successfully read emails_deleted_items.json with encoding: cp1252
2025-07-17 16:10:29 - outlook_service - DEBUG - _get_emails_from_multiple_files:1364 - Loaded 5 emails from Deleted Items folder
2025-07-17 16:10:29 - outlook_service - DEBUG - _get_emails_from_multiple_files:1324 - Successfully read emails_drafts.json with encoding: utf-8
2025-07-17 16:10:29 - outlook_service - DEBUG - _get_emails_from_multiple_files:1364 - Loaded 1 emails from Drafts folder
2025-07-17 16:10:29 - outlook_service - DEBUG - _get_emails_from_multiple_files:1324 - Successfully read emails_inbox.json with encoding: cp1252
2025-07-17 16:10:29 - outlook_service - DEBUG - _get_emails_from_multiple_files:1364 - Loaded 7 emails from Inbox folder
2025-07-17 16:10:29 - outlook_service - DEBUG - _get_emails_from_multiple_files:1324 - Successfully read emails_sent_items.json with encoding: utf-8
2025-07-17 16:10:29 - outlook_service - DEBUG - _get_emails_from_multiple_files:1364 - Loaded 1 emails from Sent Items folder
2025-07-17 16:10:29 - outlook_service - DEBUG - _get_emails_from_multiple_files:1378 - Consolidated 14 emails from 4 folders
2025-07-17 16:11:29 - outlook_service - INFO - __init__:136 - === Initializing OutlookService ===
2025-07-17 16:11:29 - outlook_service - DEBUG - __init__:137 - Service initialization started at 2025-07-17 16:11:29.486570
2025-07-17 16:11:29 - outlook_service - INFO - __init__:146 - OutlookService configured for user: user1
2025-07-17 16:11:29 - outlook_service - DEBUG - __init__:147 - Base path: C:\Users\user1\Desktop\normie\outlook\analyze\mail
2025-07-17 16:11:29 - outlook_service - DEBUG - __init__:148 - Emails file: C:\Users\user1\Desktop\normie\outlook\analyze\mail\emails.json
2025-07-17 16:11:29 - outlook_service - DEBUG - __init__:149 - Data folder: C:\Users\user1\Desktop\normie\outlook\analyze\mail\data
2025-07-17 16:11:29 - outlook_service - INFO - __init__:156 - COM interface availability: True
2025-07-17 16:11:29 - outlook_service - INFO - __init__:160 - Base path exists: C:\Users\user1\Desktop\normie\outlook\analyze\mail
2025-07-17 16:11:29 - outlook_service - INFO - __init__:168 - Emails file not found: C:\Users\user1\Desktop\normie\outlook\analyze\mail\emails.json
2025-07-17 16:11:29 - outlook_service - INFO - __init__:170 - OutlookService initialization completed successfully
2025-07-17 16:11:29 - outlook_service - DEBUG - get_emails_data:1273 - === Loading emails data ===
2025-07-17 16:11:29 - outlook_service - INFO - get_emails_data:1280 - Found 4 folder-specific email files
2025-07-17 16:11:29 - outlook_service - DEBUG - get_emails_data:1281 - Folder files: ['emails_deleted_items.json', 'emails_drafts.json', 'emails_inbox.json', 'emails_sent_items.json']
2025-07-17 16:11:29 - outlook_service - DEBUG - _get_emails_from_multiple_files:1324 - Successfully read emails_deleted_items.json with encoding: cp1252
2025-07-17 16:11:29 - outlook_service - DEBUG - _get_emails_from_multiple_files:1364 - Loaded 5 emails from Deleted Items folder
2025-07-17 16:11:29 - outlook_service - DEBUG - _get_emails_from_multiple_files:1324 - Successfully read emails_drafts.json with encoding: utf-8
2025-07-17 16:11:29 - outlook_service - DEBUG - _get_emails_from_multiple_files:1364 - Loaded 1 emails from Drafts folder
2025-07-17 16:11:29 - outlook_service - DEBUG - _get_emails_from_multiple_files:1324 - Successfully read emails_inbox.json with encoding: cp1252
2025-07-17 16:11:29 - outlook_service - DEBUG - _get_emails_from_multiple_files:1364 - Loaded 7 emails from Inbox folder
2025-07-17 16:11:29 - outlook_service - DEBUG - _get_emails_from_multiple_files:1324 - Successfully read emails_sent_items.json with encoding: utf-8
2025-07-17 16:11:29 - outlook_service - DEBUG - _get_emails_from_multiple_files:1364 - Loaded 1 emails from Sent Items folder
2025-07-17 16:11:29 - outlook_service - DEBUG - _get_emails_from_multiple_files:1378 - Consolidated 14 emails from 4 folders
2025-07-17 16:11:29 - outlook_service - DEBUG - get_emails_list:1499 - Returning 7 emails (page 1/1)
2025-07-17 16:11:29 - outlook_service - DEBUG - get_emails_data:1273 - === Loading emails data ===
2025-07-17 16:11:29 - outlook_service - INFO - get_emails_data:1280 - Found 4 folder-specific email files
2025-07-17 16:11:29 - outlook_service - DEBUG - get_emails_data:1281 - Folder files: ['emails_deleted_items.json', 'emails_drafts.json', 'emails_inbox.json', 'emails_sent_items.json']
2025-07-17 16:11:29 - outlook_service - DEBUG - _get_emails_from_multiple_files:1324 - Successfully read emails_deleted_items.json with encoding: cp1252
2025-07-17 16:11:29 - outlook_service - DEBUG - _get_emails_from_multiple_files:1364 - Loaded 5 emails from Deleted Items folder
2025-07-17 16:11:29 - outlook_service - DEBUG - _get_emails_from_multiple_files:1324 - Successfully read emails_drafts.json with encoding: utf-8
2025-07-17 16:11:29 - outlook_service - DEBUG - _get_emails_from_multiple_files:1364 - Loaded 1 emails from Drafts folder
2025-07-17 16:11:29 - outlook_service - DEBUG - _get_emails_from_multiple_files:1324 - Successfully read emails_inbox.json with encoding: cp1252
2025-07-17 16:11:29 - outlook_service - DEBUG - _get_emails_from_multiple_files:1364 - Loaded 7 emails from Inbox folder
2025-07-17 16:11:29 - outlook_service - DEBUG - _get_emails_from_multiple_files:1324 - Successfully read emails_sent_items.json with encoding: utf-8
2025-07-17 16:11:29 - outlook_service - DEBUG - _get_emails_from_multiple_files:1364 - Loaded 1 emails from Sent Items folder
2025-07-17 16:11:29 - outlook_service - DEBUG - _get_emails_from_multiple_files:1378 - Consolidated 14 emails from 4 folders
2025-07-17 16:12:29 - outlook_service - INFO - __init__:136 - === Initializing OutlookService ===
2025-07-17 16:12:29 - outlook_service - DEBUG - __init__:137 - Service initialization started at 2025-07-17 16:12:29.488120
2025-07-17 16:12:29 - outlook_service - INFO - __init__:146 - OutlookService configured for user: user1
2025-07-17 16:12:29 - outlook_service - DEBUG - __init__:147 - Base path: C:\Users\user1\Desktop\normie\outlook\analyze\mail
2025-07-17 16:12:29 - outlook_service - DEBUG - __init__:148 - Emails file: C:\Users\user1\Desktop\normie\outlook\analyze\mail\emails.json
2025-07-17 16:12:29 - outlook_service - DEBUG - __init__:149 - Data folder: C:\Users\user1\Desktop\normie\outlook\analyze\mail\data
2025-07-17 16:12:29 - outlook_service - INFO - __init__:156 - COM interface availability: True
2025-07-17 16:12:29 - outlook_service - INFO - __init__:160 - Base path exists: C:\Users\user1\Desktop\normie\outlook\analyze\mail
2025-07-17 16:12:29 - outlook_service - INFO - __init__:168 - Emails file not found: C:\Users\user1\Desktop\normie\outlook\analyze\mail\emails.json
2025-07-17 16:12:29 - outlook_service - INFO - __init__:170 - OutlookService initialization completed successfully
2025-07-17 16:12:29 - outlook_service - DEBUG - get_emails_data:1273 - === Loading emails data ===
2025-07-17 16:12:29 - outlook_service - INFO - get_emails_data:1280 - Found 4 folder-specific email files
2025-07-17 16:12:29 - outlook_service - DEBUG - get_emails_data:1281 - Folder files: ['emails_deleted_items.json', 'emails_drafts.json', 'emails_inbox.json', 'emails_sent_items.json']
2025-07-17 16:12:29 - outlook_service - DEBUG - _get_emails_from_multiple_files:1324 - Successfully read emails_deleted_items.json with encoding: cp1252
2025-07-17 16:12:29 - outlook_service - DEBUG - _get_emails_from_multiple_files:1364 - Loaded 5 emails from Deleted Items folder
2025-07-17 16:12:29 - outlook_service - DEBUG - _get_emails_from_multiple_files:1324 - Successfully read emails_drafts.json with encoding: utf-8
2025-07-17 16:12:29 - outlook_service - DEBUG - _get_emails_from_multiple_files:1364 - Loaded 1 emails from Drafts folder
2025-07-17 16:12:29 - outlook_service - DEBUG - _get_emails_from_multiple_files:1324 - Successfully read emails_inbox.json with encoding: cp1252
2025-07-17 16:12:29 - outlook_service - DEBUG - _get_emails_from_multiple_files:1364 - Loaded 7 emails from Inbox folder
2025-07-17 16:12:29 - outlook_service - DEBUG - _get_emails_from_multiple_files:1324 - Successfully read emails_sent_items.json with encoding: utf-8
2025-07-17 16:12:29 - outlook_service - DEBUG - _get_emails_from_multiple_files:1364 - Loaded 1 emails from Sent Items folder
2025-07-17 16:12:29 - outlook_service - DEBUG - _get_emails_from_multiple_files:1378 - Consolidated 14 emails from 4 folders
2025-07-17 16:12:29 - outlook_service - DEBUG - get_emails_list:1499 - Returning 7 emails (page 1/1)
2025-07-17 16:12:29 - outlook_service - DEBUG - get_emails_data:1273 - === Loading emails data ===
2025-07-17 16:12:29 - outlook_service - INFO - get_emails_data:1280 - Found 4 folder-specific email files
2025-07-17 16:12:29 - outlook_service - DEBUG - get_emails_data:1281 - Folder files: ['emails_deleted_items.json', 'emails_drafts.json', 'emails_inbox.json', 'emails_sent_items.json']
2025-07-17 16:12:29 - outlook_service - DEBUG - _get_emails_from_multiple_files:1324 - Successfully read emails_deleted_items.json with encoding: cp1252
2025-07-17 16:12:29 - outlook_service - DEBUG - _get_emails_from_multiple_files:1364 - Loaded 5 emails from Deleted Items folder
2025-07-17 16:12:29 - outlook_service - DEBUG - _get_emails_from_multiple_files:1324 - Successfully read emails_drafts.json with encoding: utf-8
2025-07-17 16:12:29 - outlook_service - DEBUG - _get_emails_from_multiple_files:1364 - Loaded 1 emails from Drafts folder
2025-07-17 16:12:29 - outlook_service - DEBUG - _get_emails_from_multiple_files:1324 - Successfully read emails_inbox.json with encoding: cp1252
2025-07-17 16:12:29 - outlook_service - DEBUG - _get_emails_from_multiple_files:1364 - Loaded 7 emails from Inbox folder
2025-07-17 16:12:29 - outlook_service - DEBUG - _get_emails_from_multiple_files:1324 - Successfully read emails_sent_items.json with encoding: utf-8
2025-07-17 16:12:29 - outlook_service - DEBUG - _get_emails_from_multiple_files:1364 - Loaded 1 emails from Sent Items folder
2025-07-17 16:12:29 - outlook_service - DEBUG - _get_emails_from_multiple_files:1378 - Consolidated 14 emails from 4 folders
2025-07-17 16:13:29 - outlook_service - INFO - __init__:136 - === Initializing OutlookService ===
2025-07-17 16:13:29 - outlook_service - DEBUG - __init__:137 - Service initialization started at 2025-07-17 16:13:29.488219
2025-07-17 16:13:29 - outlook_service - INFO - __init__:146 - OutlookService configured for user: user1
2025-07-17 16:13:29 - outlook_service - DEBUG - __init__:147 - Base path: C:\Users\user1\Desktop\normie\outlook\analyze\mail
2025-07-17 16:13:29 - outlook_service - DEBUG - __init__:148 - Emails file: C:\Users\user1\Desktop\normie\outlook\analyze\mail\emails.json
2025-07-17 16:13:29 - outlook_service - DEBUG - __init__:149 - Data folder: C:\Users\user1\Desktop\normie\outlook\analyze\mail\data
2025-07-17 16:13:29 - outlook_service - INFO - __init__:156 - COM interface availability: True
2025-07-17 16:13:29 - outlook_service - INFO - __init__:160 - Base path exists: C:\Users\user1\Desktop\normie\outlook\analyze\mail
2025-07-17 16:13:29 - outlook_service - INFO - __init__:168 - Emails file not found: C:\Users\user1\Desktop\normie\outlook\analyze\mail\emails.json
2025-07-17 16:13:29 - outlook_service - INFO - __init__:170 - OutlookService initialization completed successfully
2025-07-17 16:13:29 - outlook_service - DEBUG - get_emails_data:1273 - === Loading emails data ===
2025-07-17 16:13:29 - outlook_service - INFO - get_emails_data:1280 - Found 4 folder-specific email files
2025-07-17 16:13:29 - outlook_service - DEBUG - get_emails_data:1281 - Folder files: ['emails_deleted_items.json', 'emails_drafts.json', 'emails_inbox.json', 'emails_sent_items.json']
2025-07-17 16:13:29 - outlook_service - DEBUG - _get_emails_from_multiple_files:1324 - Successfully read emails_deleted_items.json with encoding: cp1252
2025-07-17 16:13:29 - outlook_service - DEBUG - _get_emails_from_multiple_files:1364 - Loaded 5 emails from Deleted Items folder
2025-07-17 16:13:29 - outlook_service - DEBUG - _get_emails_from_multiple_files:1324 - Successfully read emails_drafts.json with encoding: utf-8
2025-07-17 16:13:29 - outlook_service - DEBUG - _get_emails_from_multiple_files:1364 - Loaded 1 emails from Drafts folder
2025-07-17 16:13:29 - outlook_service - DEBUG - _get_emails_from_multiple_files:1324 - Successfully read emails_inbox.json with encoding: cp1252
2025-07-17 16:13:29 - outlook_service - DEBUG - _get_emails_from_multiple_files:1364 - Loaded 7 emails from Inbox folder
2025-07-17 16:13:29 - outlook_service - DEBUG - _get_emails_from_multiple_files:1324 - Successfully read emails_sent_items.json with encoding: utf-8
2025-07-17 16:13:29 - outlook_service - DEBUG - _get_emails_from_multiple_files:1364 - Loaded 1 emails from Sent Items folder
2025-07-17 16:13:29 - outlook_service - DEBUG - _get_emails_from_multiple_files:1378 - Consolidated 14 emails from 4 folders
2025-07-17 16:13:29 - outlook_service - DEBUG - get_emails_list:1499 - Returning 7 emails (page 1/1)
2025-07-17 16:13:29 - outlook_service - DEBUG - get_emails_data:1273 - === Loading emails data ===
2025-07-17 16:13:29 - outlook_service - INFO - get_emails_data:1280 - Found 4 folder-specific email files
2025-07-17 16:13:29 - outlook_service - DEBUG - get_emails_data:1281 - Folder files: ['emails_deleted_items.json', 'emails_drafts.json', 'emails_inbox.json', 'emails_sent_items.json']
2025-07-17 16:13:29 - outlook_service - DEBUG - _get_emails_from_multiple_files:1324 - Successfully read emails_deleted_items.json with encoding: cp1252
2025-07-17 16:13:29 - outlook_service - DEBUG - _get_emails_from_multiple_files:1364 - Loaded 5 emails from Deleted Items folder
2025-07-17 16:13:29 - outlook_service - DEBUG - _get_emails_from_multiple_files:1324 - Successfully read emails_drafts.json with encoding: utf-8
2025-07-17 16:13:29 - outlook_service - DEBUG - _get_emails_from_multiple_files:1364 - Loaded 1 emails from Drafts folder
2025-07-17 16:13:29 - outlook_service - DEBUG - _get_emails_from_multiple_files:1324 - Successfully read emails_inbox.json with encoding: cp1252
2025-07-17 16:13:29 - outlook_service - DEBUG - _get_emails_from_multiple_files:1364 - Loaded 7 emails from Inbox folder
2025-07-17 16:13:29 - outlook_service - DEBUG - _get_emails_from_multiple_files:1324 - Successfully read emails_sent_items.json with encoding: utf-8
2025-07-17 16:13:29 - outlook_service - DEBUG - _get_emails_from_multiple_files:1364 - Loaded 1 emails from Sent Items folder
2025-07-17 16:13:29 - outlook_service - DEBUG - _get_emails_from_multiple_files:1378 - Consolidated 14 emails from 4 folders
2025-07-17 16:14:29 - outlook_service - INFO - __init__:136 - === Initializing OutlookService ===
2025-07-17 16:14:29 - outlook_service - DEBUG - __init__:137 - Service initialization started at 2025-07-17 16:14:29.484866
2025-07-17 16:14:29 - outlook_service - INFO - __init__:146 - OutlookService configured for user: user1
2025-07-17 16:14:29 - outlook_service - DEBUG - __init__:147 - Base path: C:\Users\user1\Desktop\normie\outlook\analyze\mail
2025-07-17 16:14:29 - outlook_service - DEBUG - __init__:148 - Emails file: C:\Users\user1\Desktop\normie\outlook\analyze\mail\emails.json
2025-07-17 16:14:29 - outlook_service - DEBUG - __init__:149 - Data folder: C:\Users\user1\Desktop\normie\outlook\analyze\mail\data
2025-07-17 16:14:29 - outlook_service - INFO - __init__:156 - COM interface availability: True
2025-07-17 16:14:29 - outlook_service - INFO - __init__:160 - Base path exists: C:\Users\user1\Desktop\normie\outlook\analyze\mail
2025-07-17 16:14:29 - outlook_service - INFO - __init__:168 - Emails file not found: C:\Users\user1\Desktop\normie\outlook\analyze\mail\emails.json
2025-07-17 16:14:29 - outlook_service - INFO - __init__:170 - OutlookService initialization completed successfully
2025-07-17 16:14:29 - outlook_service - DEBUG - get_emails_data:1273 - === Loading emails data ===
2025-07-17 16:14:29 - outlook_service - INFO - get_emails_data:1280 - Found 4 folder-specific email files
2025-07-17 16:14:29 - outlook_service - DEBUG - get_emails_data:1281 - Folder files: ['emails_deleted_items.json', 'emails_drafts.json', 'emails_inbox.json', 'emails_sent_items.json']
2025-07-17 16:14:29 - outlook_service - DEBUG - _get_emails_from_multiple_files:1324 - Successfully read emails_deleted_items.json with encoding: cp1252
2025-07-17 16:14:29 - outlook_service - DEBUG - _get_emails_from_multiple_files:1364 - Loaded 5 emails from Deleted Items folder
2025-07-17 16:14:29 - outlook_service - DEBUG - _get_emails_from_multiple_files:1324 - Successfully read emails_drafts.json with encoding: utf-8
2025-07-17 16:14:29 - outlook_service - DEBUG - _get_emails_from_multiple_files:1364 - Loaded 1 emails from Drafts folder
2025-07-17 16:14:29 - outlook_service - DEBUG - _get_emails_from_multiple_files:1324 - Successfully read emails_inbox.json with encoding: cp1252
2025-07-17 16:14:29 - outlook_service - DEBUG - _get_emails_from_multiple_files:1364 - Loaded 7 emails from Inbox folder
2025-07-17 16:14:29 - outlook_service - DEBUG - _get_emails_from_multiple_files:1324 - Successfully read emails_sent_items.json with encoding: utf-8
2025-07-17 16:14:29 - outlook_service - DEBUG - _get_emails_from_multiple_files:1364 - Loaded 1 emails from Sent Items folder
2025-07-17 16:14:29 - outlook_service - DEBUG - _get_emails_from_multiple_files:1378 - Consolidated 14 emails from 4 folders
2025-07-17 16:14:29 - outlook_service - DEBUG - get_emails_list:1499 - Returning 7 emails (page 1/1)
2025-07-17 16:14:29 - outlook_service - DEBUG - get_emails_data:1273 - === Loading emails data ===
2025-07-17 16:14:29 - outlook_service - INFO - get_emails_data:1280 - Found 4 folder-specific email files
2025-07-17 16:14:29 - outlook_service - DEBUG - get_emails_data:1281 - Folder files: ['emails_deleted_items.json', 'emails_drafts.json', 'emails_inbox.json', 'emails_sent_items.json']
2025-07-17 16:14:29 - outlook_service - DEBUG - _get_emails_from_multiple_files:1324 - Successfully read emails_deleted_items.json with encoding: cp1252
2025-07-17 16:14:29 - outlook_service - DEBUG - _get_emails_from_multiple_files:1364 - Loaded 5 emails from Deleted Items folder
2025-07-17 16:14:29 - outlook_service - DEBUG - _get_emails_from_multiple_files:1324 - Successfully read emails_drafts.json with encoding: utf-8
2025-07-17 16:14:29 - outlook_service - DEBUG - _get_emails_from_multiple_files:1364 - Loaded 1 emails from Drafts folder
2025-07-17 16:14:29 - outlook_service - DEBUG - _get_emails_from_multiple_files:1324 - Successfully read emails_inbox.json with encoding: cp1252
2025-07-17 16:14:29 - outlook_service - DEBUG - _get_emails_from_multiple_files:1364 - Loaded 7 emails from Inbox folder
2025-07-17 16:14:29 - outlook_service - DEBUG - _get_emails_from_multiple_files:1324 - Successfully read emails_sent_items.json with encoding: utf-8
2025-07-17 16:14:29 - outlook_service - DEBUG - _get_emails_from_multiple_files:1364 - Loaded 1 emails from Sent Items folder
2025-07-17 16:14:29 - outlook_service - DEBUG - _get_emails_from_multiple_files:1378 - Consolidated 14 emails from 4 folders
2025-07-17 16:15:29 - outlook_service - INFO - __init__:136 - === Initializing OutlookService ===
2025-07-17 16:15:29 - outlook_service - DEBUG - __init__:137 - Service initialization started at 2025-07-17 16:15:29.487532
2025-07-17 16:15:29 - outlook_service - INFO - __init__:146 - OutlookService configured for user: user1
2025-07-17 16:15:29 - outlook_service - DEBUG - __init__:147 - Base path: C:\Users\user1\Desktop\normie\outlook\analyze\mail
2025-07-17 16:15:29 - outlook_service - DEBUG - __init__:148 - Emails file: C:\Users\user1\Desktop\normie\outlook\analyze\mail\emails.json
2025-07-17 16:15:29 - outlook_service - DEBUG - __init__:149 - Data folder: C:\Users\user1\Desktop\normie\outlook\analyze\mail\data
2025-07-17 16:15:29 - outlook_service - INFO - __init__:156 - COM interface availability: True
2025-07-17 16:15:29 - outlook_service - INFO - __init__:160 - Base path exists: C:\Users\user1\Desktop\normie\outlook\analyze\mail
2025-07-17 16:15:29 - outlook_service - INFO - __init__:168 - Emails file not found: C:\Users\user1\Desktop\normie\outlook\analyze\mail\emails.json
2025-07-17 16:15:29 - outlook_service - INFO - __init__:170 - OutlookService initialization completed successfully
2025-07-17 16:15:29 - outlook_service - DEBUG - get_emails_data:1273 - === Loading emails data ===
2025-07-17 16:15:29 - outlook_service - INFO - get_emails_data:1280 - Found 4 folder-specific email files
2025-07-17 16:15:29 - outlook_service - DEBUG - get_emails_data:1281 - Folder files: ['emails_deleted_items.json', 'emails_drafts.json', 'emails_inbox.json', 'emails_sent_items.json']
2025-07-17 16:15:29 - outlook_service - DEBUG - _get_emails_from_multiple_files:1324 - Successfully read emails_deleted_items.json with encoding: cp1252
2025-07-17 16:15:29 - outlook_service - DEBUG - _get_emails_from_multiple_files:1364 - Loaded 5 emails from Deleted Items folder
2025-07-17 16:15:29 - outlook_service - DEBUG - _get_emails_from_multiple_files:1324 - Successfully read emails_drafts.json with encoding: utf-8
2025-07-17 16:15:29 - outlook_service - DEBUG - _get_emails_from_multiple_files:1364 - Loaded 1 emails from Drafts folder
2025-07-17 16:15:29 - outlook_service - DEBUG - _get_emails_from_multiple_files:1324 - Successfully read emails_inbox.json with encoding: cp1252
2025-07-17 16:15:29 - outlook_service - DEBUG - _get_emails_from_multiple_files:1364 - Loaded 7 emails from Inbox folder
2025-07-17 16:15:29 - outlook_service - DEBUG - _get_emails_from_multiple_files:1324 - Successfully read emails_sent_items.json with encoding: utf-8
2025-07-17 16:15:29 - outlook_service - DEBUG - _get_emails_from_multiple_files:1364 - Loaded 1 emails from Sent Items folder
2025-07-17 16:15:29 - outlook_service - DEBUG - _get_emails_from_multiple_files:1378 - Consolidated 14 emails from 4 folders
2025-07-17 16:15:29 - outlook_service - DEBUG - get_emails_list:1499 - Returning 7 emails (page 1/1)
2025-07-17 16:15:29 - outlook_service - DEBUG - get_emails_data:1273 - === Loading emails data ===
2025-07-17 16:15:29 - outlook_service - INFO - get_emails_data:1280 - Found 4 folder-specific email files
2025-07-17 16:15:29 - outlook_service - DEBUG - get_emails_data:1281 - Folder files: ['emails_deleted_items.json', 'emails_drafts.json', 'emails_inbox.json', 'emails_sent_items.json']
2025-07-17 16:15:29 - outlook_service - DEBUG - _get_emails_from_multiple_files:1324 - Successfully read emails_deleted_items.json with encoding: cp1252
2025-07-17 16:15:29 - outlook_service - DEBUG - _get_emails_from_multiple_files:1364 - Loaded 5 emails from Deleted Items folder
2025-07-17 16:15:29 - outlook_service - DEBUG - _get_emails_from_multiple_files:1324 - Successfully read emails_drafts.json with encoding: utf-8
2025-07-17 16:15:29 - outlook_service - DEBUG - _get_emails_from_multiple_files:1364 - Loaded 1 emails from Drafts folder
2025-07-17 16:15:29 - outlook_service - DEBUG - _get_emails_from_multiple_files:1324 - Successfully read emails_inbox.json with encoding: cp1252
2025-07-17 16:15:29 - outlook_service - DEBUG - _get_emails_from_multiple_files:1364 - Loaded 7 emails from Inbox folder
2025-07-17 16:15:29 - outlook_service - DEBUG - _get_emails_from_multiple_files:1324 - Successfully read emails_sent_items.json with encoding: utf-8
2025-07-17 16:15:29 - outlook_service - DEBUG - _get_emails_from_multiple_files:1364 - Loaded 1 emails from Sent Items folder
2025-07-17 16:15:29 - outlook_service - DEBUG - _get_emails_from_multiple_files:1378 - Consolidated 14 emails from 4 folders
2025-07-17 16:16:29 - outlook_service - INFO - __init__:136 - === Initializing OutlookService ===
2025-07-17 16:16:29 - outlook_service - DEBUG - __init__:137 - Service initialization started at 2025-07-17 16:16:29.494687
2025-07-17 16:16:29 - outlook_service - INFO - __init__:146 - OutlookService configured for user: user1
2025-07-17 16:16:29 - outlook_service - DEBUG - __init__:147 - Base path: C:\Users\user1\Desktop\normie\outlook\analyze\mail
2025-07-17 16:16:29 - outlook_service - DEBUG - __init__:148 - Emails file: C:\Users\user1\Desktop\normie\outlook\analyze\mail\emails.json
2025-07-17 16:16:29 - outlook_service - DEBUG - __init__:149 - Data folder: C:\Users\user1\Desktop\normie\outlook\analyze\mail\data
2025-07-17 16:16:29 - outlook_service - INFO - __init__:156 - COM interface availability: True
2025-07-17 16:16:29 - outlook_service - INFO - __init__:160 - Base path exists: C:\Users\user1\Desktop\normie\outlook\analyze\mail
2025-07-17 16:16:29 - outlook_service - INFO - __init__:168 - Emails file not found: C:\Users\user1\Desktop\normie\outlook\analyze\mail\emails.json
2025-07-17 16:16:29 - outlook_service - INFO - __init__:170 - OutlookService initialization completed successfully
2025-07-17 16:16:29 - outlook_service - DEBUG - get_emails_data:1273 - === Loading emails data ===
2025-07-17 16:16:29 - outlook_service - INFO - get_emails_data:1280 - Found 4 folder-specific email files
2025-07-17 16:16:29 - outlook_service - DEBUG - get_emails_data:1281 - Folder files: ['emails_deleted_items.json', 'emails_drafts.json', 'emails_inbox.json', 'emails_sent_items.json']
2025-07-17 16:16:29 - outlook_service - DEBUG - _get_emails_from_multiple_files:1324 - Successfully read emails_deleted_items.json with encoding: cp1252
2025-07-17 16:16:29 - outlook_service - DEBUG - _get_emails_from_multiple_files:1364 - Loaded 5 emails from Deleted Items folder
2025-07-17 16:16:29 - outlook_service - DEBUG - _get_emails_from_multiple_files:1324 - Successfully read emails_drafts.json with encoding: utf-8
2025-07-17 16:16:29 - outlook_service - DEBUG - _get_emails_from_multiple_files:1364 - Loaded 1 emails from Drafts folder
2025-07-17 16:16:29 - outlook_service - DEBUG - _get_emails_from_multiple_files:1324 - Successfully read emails_inbox.json with encoding: cp1252
2025-07-17 16:16:29 - outlook_service - DEBUG - _get_emails_from_multiple_files:1364 - Loaded 7 emails from Inbox folder
2025-07-17 16:16:29 - outlook_service - DEBUG - _get_emails_from_multiple_files:1324 - Successfully read emails_sent_items.json with encoding: utf-8
2025-07-17 16:16:29 - outlook_service - DEBUG - _get_emails_from_multiple_files:1364 - Loaded 1 emails from Sent Items folder
2025-07-17 16:16:29 - outlook_service - DEBUG - _get_emails_from_multiple_files:1378 - Consolidated 14 emails from 4 folders
2025-07-17 16:16:29 - outlook_service - DEBUG - get_emails_list:1499 - Returning 7 emails (page 1/1)
2025-07-17 16:16:29 - outlook_service - DEBUG - get_emails_data:1273 - === Loading emails data ===
2025-07-17 16:16:29 - outlook_service - INFO - get_emails_data:1280 - Found 4 folder-specific email files
2025-07-17 16:16:29 - outlook_service - DEBUG - get_emails_data:1281 - Folder files: ['emails_deleted_items.json', 'emails_drafts.json', 'emails_inbox.json', 'emails_sent_items.json']
2025-07-17 16:16:29 - outlook_service - DEBUG - _get_emails_from_multiple_files:1324 - Successfully read emails_deleted_items.json with encoding: cp1252
2025-07-17 16:16:29 - outlook_service - DEBUG - _get_emails_from_multiple_files:1364 - Loaded 5 emails from Deleted Items folder
2025-07-17 16:16:29 - outlook_service - DEBUG - _get_emails_from_multiple_files:1324 - Successfully read emails_drafts.json with encoding: utf-8
2025-07-17 16:16:29 - outlook_service - DEBUG - _get_emails_from_multiple_files:1364 - Loaded 1 emails from Drafts folder
2025-07-17 16:16:29 - outlook_service - DEBUG - _get_emails_from_multiple_files:1324 - Successfully read emails_inbox.json with encoding: cp1252
2025-07-17 16:16:29 - outlook_service - DEBUG - _get_emails_from_multiple_files:1364 - Loaded 7 emails from Inbox folder
2025-07-17 16:16:29 - outlook_service - DEBUG - _get_emails_from_multiple_files:1324 - Successfully read emails_sent_items.json with encoding: utf-8
2025-07-17 16:16:29 - outlook_service - DEBUG - _get_emails_from_multiple_files:1364 - Loaded 1 emails from Sent Items folder
2025-07-17 16:16:29 - outlook_service - DEBUG - _get_emails_from_multiple_files:1378 - Consolidated 14 emails from 4 folders
2025-07-17 16:17:29 - outlook_service - INFO - __init__:136 - === Initializing OutlookService ===
2025-07-17 16:17:29 - outlook_service - DEBUG - __init__:137 - Service initialization started at 2025-07-17 16:17:29.485996
2025-07-17 16:17:29 - outlook_service - INFO - __init__:146 - OutlookService configured for user: user1
2025-07-17 16:17:29 - outlook_service - DEBUG - __init__:147 - Base path: C:\Users\user1\Desktop\normie\outlook\analyze\mail
2025-07-17 16:17:29 - outlook_service - DEBUG - __init__:148 - Emails file: C:\Users\user1\Desktop\normie\outlook\analyze\mail\emails.json
2025-07-17 16:17:29 - outlook_service - DEBUG - __init__:149 - Data folder: C:\Users\user1\Desktop\normie\outlook\analyze\mail\data
2025-07-17 16:17:29 - outlook_service - INFO - __init__:156 - COM interface availability: True
2025-07-17 16:17:29 - outlook_service - INFO - __init__:160 - Base path exists: C:\Users\user1\Desktop\normie\outlook\analyze\mail
2025-07-17 16:17:29 - outlook_service - INFO - __init__:168 - Emails file not found: C:\Users\user1\Desktop\normie\outlook\analyze\mail\emails.json
2025-07-17 16:17:29 - outlook_service - INFO - __init__:170 - OutlookService initialization completed successfully
2025-07-17 16:17:29 - outlook_service - DEBUG - get_emails_data:1273 - === Loading emails data ===
2025-07-17 16:17:29 - outlook_service - INFO - get_emails_data:1280 - Found 4 folder-specific email files
2025-07-17 16:17:29 - outlook_service - DEBUG - get_emails_data:1281 - Folder files: ['emails_deleted_items.json', 'emails_drafts.json', 'emails_inbox.json', 'emails_sent_items.json']
2025-07-17 16:17:29 - outlook_service - DEBUG - _get_emails_from_multiple_files:1324 - Successfully read emails_deleted_items.json with encoding: cp1252
2025-07-17 16:17:29 - outlook_service - DEBUG - _get_emails_from_multiple_files:1364 - Loaded 5 emails from Deleted Items folder
2025-07-17 16:17:29 - outlook_service - DEBUG - _get_emails_from_multiple_files:1324 - Successfully read emails_drafts.json with encoding: utf-8
2025-07-17 16:17:29 - outlook_service - DEBUG - _get_emails_from_multiple_files:1364 - Loaded 1 emails from Drafts folder
2025-07-17 16:17:29 - outlook_service - DEBUG - _get_emails_from_multiple_files:1324 - Successfully read emails_inbox.json with encoding: cp1252
2025-07-17 16:17:29 - outlook_service - DEBUG - _get_emails_from_multiple_files:1364 - Loaded 7 emails from Inbox folder
2025-07-17 16:17:29 - outlook_service - DEBUG - _get_emails_from_multiple_files:1324 - Successfully read emails_sent_items.json with encoding: utf-8
2025-07-17 16:17:29 - outlook_service - DEBUG - _get_emails_from_multiple_files:1364 - Loaded 1 emails from Sent Items folder
2025-07-17 16:17:29 - outlook_service - DEBUG - _get_emails_from_multiple_files:1378 - Consolidated 14 emails from 4 folders
2025-07-17 16:17:29 - outlook_service - DEBUG - get_emails_list:1499 - Returning 7 emails (page 1/1)
2025-07-17 16:17:29 - outlook_service - DEBUG - get_emails_data:1273 - === Loading emails data ===
2025-07-17 16:17:29 - outlook_service - INFO - get_emails_data:1280 - Found 4 folder-specific email files
2025-07-17 16:17:29 - outlook_service - DEBUG - get_emails_data:1281 - Folder files: ['emails_deleted_items.json', 'emails_drafts.json', 'emails_inbox.json', 'emails_sent_items.json']
2025-07-17 16:17:29 - outlook_service - DEBUG - _get_emails_from_multiple_files:1324 - Successfully read emails_deleted_items.json with encoding: cp1252
2025-07-17 16:17:29 - outlook_service - DEBUG - _get_emails_from_multiple_files:1364 - Loaded 5 emails from Deleted Items folder
2025-07-17 16:17:29 - outlook_service - DEBUG - _get_emails_from_multiple_files:1324 - Successfully read emails_drafts.json with encoding: utf-8
2025-07-17 16:17:29 - outlook_service - DEBUG - _get_emails_from_multiple_files:1364 - Loaded 1 emails from Drafts folder
2025-07-17 16:17:29 - outlook_service - DEBUG - _get_emails_from_multiple_files:1324 - Successfully read emails_inbox.json with encoding: cp1252
2025-07-17 16:17:29 - outlook_service - DEBUG - _get_emails_from_multiple_files:1364 - Loaded 7 emails from Inbox folder
2025-07-17 16:17:29 - outlook_service - DEBUG - _get_emails_from_multiple_files:1324 - Successfully read emails_sent_items.json with encoding: utf-8
2025-07-17 16:17:29 - outlook_service - DEBUG - _get_emails_from_multiple_files:1364 - Loaded 1 emails from Sent Items folder
2025-07-17 16:17:29 - outlook_service - DEBUG - _get_emails_from_multiple_files:1378 - Consolidated 14 emails from 4 folders
2025-07-17 16:18:29 - outlook_service - INFO - __init__:136 - === Initializing OutlookService ===
2025-07-17 16:18:29 - outlook_service - DEBUG - __init__:137 - Service initialization started at 2025-07-17 16:18:29.485760
2025-07-17 16:18:29 - outlook_service - INFO - __init__:146 - OutlookService configured for user: user1
2025-07-17 16:18:29 - outlook_service - DEBUG - __init__:147 - Base path: C:\Users\user1\Desktop\normie\outlook\analyze\mail
2025-07-17 16:18:29 - outlook_service - DEBUG - __init__:148 - Emails file: C:\Users\user1\Desktop\normie\outlook\analyze\mail\emails.json
2025-07-17 16:18:29 - outlook_service - DEBUG - __init__:149 - Data folder: C:\Users\user1\Desktop\normie\outlook\analyze\mail\data
2025-07-17 16:18:29 - outlook_service - INFO - __init__:156 - COM interface availability: True
2025-07-17 16:18:29 - outlook_service - INFO - __init__:160 - Base path exists: C:\Users\user1\Desktop\normie\outlook\analyze\mail
2025-07-17 16:18:29 - outlook_service - INFO - __init__:168 - Emails file not found: C:\Users\user1\Desktop\normie\outlook\analyze\mail\emails.json
2025-07-17 16:18:29 - outlook_service - INFO - __init__:170 - OutlookService initialization completed successfully
2025-07-17 16:18:29 - outlook_service - DEBUG - get_emails_data:1273 - === Loading emails data ===
2025-07-17 16:18:29 - outlook_service - INFO - get_emails_data:1280 - Found 4 folder-specific email files
2025-07-17 16:18:29 - outlook_service - DEBUG - get_emails_data:1281 - Folder files: ['emails_deleted_items.json', 'emails_drafts.json', 'emails_inbox.json', 'emails_sent_items.json']
2025-07-17 16:18:29 - outlook_service - DEBUG - _get_emails_from_multiple_files:1324 - Successfully read emails_deleted_items.json with encoding: cp1252
2025-07-17 16:18:29 - outlook_service - DEBUG - _get_emails_from_multiple_files:1364 - Loaded 5 emails from Deleted Items folder
2025-07-17 16:18:29 - outlook_service - DEBUG - _get_emails_from_multiple_files:1324 - Successfully read emails_drafts.json with encoding: utf-8
2025-07-17 16:18:29 - outlook_service - DEBUG - _get_emails_from_multiple_files:1364 - Loaded 1 emails from Drafts folder
2025-07-17 16:18:29 - outlook_service - DEBUG - _get_emails_from_multiple_files:1324 - Successfully read emails_inbox.json with encoding: cp1252
2025-07-17 16:18:29 - outlook_service - DEBUG - _get_emails_from_multiple_files:1364 - Loaded 7 emails from Inbox folder
2025-07-17 16:18:29 - outlook_service - DEBUG - _get_emails_from_multiple_files:1324 - Successfully read emails_sent_items.json with encoding: utf-8
2025-07-17 16:18:29 - outlook_service - DEBUG - _get_emails_from_multiple_files:1364 - Loaded 1 emails from Sent Items folder
2025-07-17 16:18:29 - outlook_service - DEBUG - _get_emails_from_multiple_files:1378 - Consolidated 14 emails from 4 folders
2025-07-17 16:18:29 - outlook_service - DEBUG - get_emails_list:1499 - Returning 7 emails (page 1/1)
2025-07-17 16:18:29 - outlook_service - DEBUG - get_emails_data:1273 - === Loading emails data ===
2025-07-17 16:18:29 - outlook_service - INFO - get_emails_data:1280 - Found 4 folder-specific email files
2025-07-17 16:18:29 - outlook_service - DEBUG - get_emails_data:1281 - Folder files: ['emails_deleted_items.json', 'emails_drafts.json', 'emails_inbox.json', 'emails_sent_items.json']
2025-07-17 16:18:29 - outlook_service - DEBUG - _get_emails_from_multiple_files:1324 - Successfully read emails_deleted_items.json with encoding: cp1252
2025-07-17 16:18:29 - outlook_service - DEBUG - _get_emails_from_multiple_files:1364 - Loaded 5 emails from Deleted Items folder
2025-07-17 16:18:29 - outlook_service - DEBUG - _get_emails_from_multiple_files:1324 - Successfully read emails_drafts.json with encoding: utf-8
2025-07-17 16:18:29 - outlook_service - DEBUG - _get_emails_from_multiple_files:1364 - Loaded 1 emails from Drafts folder
2025-07-17 16:18:29 - outlook_service - DEBUG - _get_emails_from_multiple_files:1324 - Successfully read emails_inbox.json with encoding: cp1252
2025-07-17 16:18:29 - outlook_service - DEBUG - _get_emails_from_multiple_files:1364 - Loaded 7 emails from Inbox folder
2025-07-17 16:18:29 - outlook_service - DEBUG - _get_emails_from_multiple_files:1324 - Successfully read emails_sent_items.json with encoding: utf-8
2025-07-17 16:18:29 - outlook_service - DEBUG - _get_emails_from_multiple_files:1364 - Loaded 1 emails from Sent Items folder
2025-07-17 16:18:29 - outlook_service - DEBUG - _get_emails_from_multiple_files:1378 - Consolidated 14 emails from 4 folders
2025-07-17 16:19:29 - outlook_service - INFO - __init__:136 - === Initializing OutlookService ===
2025-07-17 16:19:29 - outlook_service - DEBUG - __init__:137 - Service initialization started at 2025-07-17 16:19:29.483529
2025-07-17 16:19:29 - outlook_service - INFO - __init__:146 - OutlookService configured for user: user1
2025-07-17 16:19:29 - outlook_service - DEBUG - __init__:147 - Base path: C:\Users\user1\Desktop\normie\outlook\analyze\mail
2025-07-17 16:19:29 - outlook_service - DEBUG - __init__:148 - Emails file: C:\Users\user1\Desktop\normie\outlook\analyze\mail\emails.json
2025-07-17 16:19:29 - outlook_service - DEBUG - __init__:149 - Data folder: C:\Users\user1\Desktop\normie\outlook\analyze\mail\data
2025-07-17 16:19:29 - outlook_service - INFO - __init__:156 - COM interface availability: True
2025-07-17 16:19:29 - outlook_service - INFO - __init__:160 - Base path exists: C:\Users\user1\Desktop\normie\outlook\analyze\mail
2025-07-17 16:19:29 - outlook_service - INFO - __init__:168 - Emails file not found: C:\Users\user1\Desktop\normie\outlook\analyze\mail\emails.json
2025-07-17 16:19:29 - outlook_service - INFO - __init__:170 - OutlookService initialization completed successfully
2025-07-17 16:19:29 - outlook_service - DEBUG - get_emails_data:1273 - === Loading emails data ===
2025-07-17 16:19:29 - outlook_service - INFO - get_emails_data:1280 - Found 4 folder-specific email files
2025-07-17 16:19:29 - outlook_service - DEBUG - get_emails_data:1281 - Folder files: ['emails_deleted_items.json', 'emails_drafts.json', 'emails_inbox.json', 'emails_sent_items.json']
2025-07-17 16:19:29 - outlook_service - DEBUG - _get_emails_from_multiple_files:1324 - Successfully read emails_deleted_items.json with encoding: cp1252
2025-07-17 16:19:29 - outlook_service - DEBUG - _get_emails_from_multiple_files:1364 - Loaded 5 emails from Deleted Items folder
2025-07-17 16:19:29 - outlook_service - DEBUG - _get_emails_from_multiple_files:1324 - Successfully read emails_drafts.json with encoding: utf-8
2025-07-17 16:19:29 - outlook_service - DEBUG - _get_emails_from_multiple_files:1364 - Loaded 1 emails from Drafts folder
2025-07-17 16:19:29 - outlook_service - DEBUG - _get_emails_from_multiple_files:1324 - Successfully read emails_inbox.json with encoding: cp1252
2025-07-17 16:19:29 - outlook_service - DEBUG - _get_emails_from_multiple_files:1364 - Loaded 7 emails from Inbox folder
2025-07-17 16:19:29 - outlook_service - DEBUG - _get_emails_from_multiple_files:1324 - Successfully read emails_sent_items.json with encoding: utf-8
2025-07-17 16:19:29 - outlook_service - DEBUG - _get_emails_from_multiple_files:1364 - Loaded 1 emails from Sent Items folder
2025-07-17 16:19:29 - outlook_service - DEBUG - _get_emails_from_multiple_files:1378 - Consolidated 14 emails from 4 folders
2025-07-17 16:19:29 - outlook_service - DEBUG - get_emails_list:1499 - Returning 7 emails (page 1/1)
2025-07-17 16:19:29 - outlook_service - DEBUG - get_emails_data:1273 - === Loading emails data ===
2025-07-17 16:19:29 - outlook_service - INFO - get_emails_data:1280 - Found 4 folder-specific email files
2025-07-17 16:19:29 - outlook_service - DEBUG - get_emails_data:1281 - Folder files: ['emails_deleted_items.json', 'emails_drafts.json', 'emails_inbox.json', 'emails_sent_items.json']
2025-07-17 16:19:29 - outlook_service - DEBUG - _get_emails_from_multiple_files:1324 - Successfully read emails_deleted_items.json with encoding: cp1252
2025-07-17 16:19:29 - outlook_service - DEBUG - _get_emails_from_multiple_files:1364 - Loaded 5 emails from Deleted Items folder
2025-07-17 16:19:29 - outlook_service - DEBUG - _get_emails_from_multiple_files:1324 - Successfully read emails_drafts.json with encoding: utf-8
2025-07-17 16:19:29 - outlook_service - DEBUG - _get_emails_from_multiple_files:1364 - Loaded 1 emails from Drafts folder
2025-07-17 16:19:29 - outlook_service - DEBUG - _get_emails_from_multiple_files:1324 - Successfully read emails_inbox.json with encoding: cp1252
2025-07-17 16:19:29 - outlook_service - DEBUG - _get_emails_from_multiple_files:1364 - Loaded 7 emails from Inbox folder
2025-07-17 16:19:29 - outlook_service - DEBUG - _get_emails_from_multiple_files:1324 - Successfully read emails_sent_items.json with encoding: utf-8
2025-07-17 16:19:29 - outlook_service - DEBUG - _get_emails_from_multiple_files:1364 - Loaded 1 emails from Sent Items folder
2025-07-17 16:19:29 - outlook_service - DEBUG - _get_emails_from_multiple_files:1378 - Consolidated 14 emails from 4 folders
2025-07-17 16:20:29 - outlook_service - INFO - __init__:136 - === Initializing OutlookService ===
2025-07-17 16:20:29 - outlook_service - DEBUG - __init__:137 - Service initialization started at 2025-07-17 16:20:29.485260
2025-07-17 16:20:29 - outlook_service - INFO - __init__:146 - OutlookService configured for user: user1
2025-07-17 16:20:29 - outlook_service - DEBUG - __init__:147 - Base path: C:\Users\user1\Desktop\normie\outlook\analyze\mail
2025-07-17 16:20:29 - outlook_service - DEBUG - __init__:148 - Emails file: C:\Users\user1\Desktop\normie\outlook\analyze\mail\emails.json
2025-07-17 16:20:29 - outlook_service - DEBUG - __init__:149 - Data folder: C:\Users\user1\Desktop\normie\outlook\analyze\mail\data
2025-07-17 16:20:29 - outlook_service - INFO - __init__:156 - COM interface availability: True
2025-07-17 16:20:29 - outlook_service - INFO - __init__:160 - Base path exists: C:\Users\user1\Desktop\normie\outlook\analyze\mail
2025-07-17 16:20:29 - outlook_service - INFO - __init__:168 - Emails file not found: C:\Users\user1\Desktop\normie\outlook\analyze\mail\emails.json
2025-07-17 16:20:29 - outlook_service - INFO - __init__:170 - OutlookService initialization completed successfully
2025-07-17 16:20:29 - outlook_service - DEBUG - get_emails_data:1273 - === Loading emails data ===
2025-07-17 16:20:29 - outlook_service - INFO - get_emails_data:1280 - Found 4 folder-specific email files
2025-07-17 16:20:29 - outlook_service - DEBUG - get_emails_data:1281 - Folder files: ['emails_deleted_items.json', 'emails_drafts.json', 'emails_inbox.json', 'emails_sent_items.json']
2025-07-17 16:20:29 - outlook_service - DEBUG - _get_emails_from_multiple_files:1324 - Successfully read emails_deleted_items.json with encoding: cp1252
2025-07-17 16:20:29 - outlook_service - DEBUG - _get_emails_from_multiple_files:1364 - Loaded 5 emails from Deleted Items folder
2025-07-17 16:20:29 - outlook_service - DEBUG - _get_emails_from_multiple_files:1324 - Successfully read emails_drafts.json with encoding: utf-8
2025-07-17 16:20:29 - outlook_service - DEBUG - _get_emails_from_multiple_files:1364 - Loaded 1 emails from Drafts folder
2025-07-17 16:20:29 - outlook_service - DEBUG - _get_emails_from_multiple_files:1324 - Successfully read emails_inbox.json with encoding: cp1252
2025-07-17 16:20:29 - outlook_service - DEBUG - _get_emails_from_multiple_files:1364 - Loaded 7 emails from Inbox folder
2025-07-17 16:20:29 - outlook_service - DEBUG - _get_emails_from_multiple_files:1324 - Successfully read emails_sent_items.json with encoding: utf-8
2025-07-17 16:20:29 - outlook_service - DEBUG - _get_emails_from_multiple_files:1364 - Loaded 1 emails from Sent Items folder
2025-07-17 16:20:29 - outlook_service - DEBUG - _get_emails_from_multiple_files:1378 - Consolidated 14 emails from 4 folders
2025-07-17 16:20:29 - outlook_service - DEBUG - get_emails_list:1499 - Returning 7 emails (page 1/1)
2025-07-17 16:20:29 - outlook_service - DEBUG - get_emails_data:1273 - === Loading emails data ===
2025-07-17 16:20:29 - outlook_service - INFO - get_emails_data:1280 - Found 4 folder-specific email files
2025-07-17 16:20:29 - outlook_service - DEBUG - get_emails_data:1281 - Folder files: ['emails_deleted_items.json', 'emails_drafts.json', 'emails_inbox.json', 'emails_sent_items.json']
2025-07-17 16:20:29 - outlook_service - DEBUG - _get_emails_from_multiple_files:1324 - Successfully read emails_deleted_items.json with encoding: cp1252
2025-07-17 16:20:29 - outlook_service - DEBUG - _get_emails_from_multiple_files:1364 - Loaded 5 emails from Deleted Items folder
2025-07-17 16:20:29 - outlook_service - DEBUG - _get_emails_from_multiple_files:1324 - Successfully read emails_drafts.json with encoding: utf-8
2025-07-17 16:20:29 - outlook_service - DEBUG - _get_emails_from_multiple_files:1364 - Loaded 1 emails from Drafts folder
2025-07-17 16:20:29 - outlook_service - DEBUG - _get_emails_from_multiple_files:1324 - Successfully read emails_inbox.json with encoding: cp1252
2025-07-17 16:20:29 - outlook_service - DEBUG - _get_emails_from_multiple_files:1364 - Loaded 7 emails from Inbox folder
2025-07-17 16:20:29 - outlook_service - DEBUG - _get_emails_from_multiple_files:1324 - Successfully read emails_sent_items.json with encoding: utf-8
2025-07-17 16:20:29 - outlook_service - DEBUG - _get_emails_from_multiple_files:1364 - Loaded 1 emails from Sent Items folder
2025-07-17 16:20:29 - outlook_service - DEBUG - _get_emails_from_multiple_files:1378 - Consolidated 14 emails from 4 folders
2025-07-17 16:21:29 - outlook_service - INFO - __init__:136 - === Initializing OutlookService ===
2025-07-17 16:21:29 - outlook_service - DEBUG - __init__:137 - Service initialization started at 2025-07-17 16:21:29.485858
2025-07-17 16:21:29 - outlook_service - INFO - __init__:146 - OutlookService configured for user: user1
2025-07-17 16:21:29 - outlook_service - DEBUG - __init__:147 - Base path: C:\Users\user1\Desktop\normie\outlook\analyze\mail
2025-07-17 16:21:29 - outlook_service - DEBUG - __init__:148 - Emails file: C:\Users\user1\Desktop\normie\outlook\analyze\mail\emails.json
2025-07-17 16:21:29 - outlook_service - DEBUG - __init__:149 - Data folder: C:\Users\user1\Desktop\normie\outlook\analyze\mail\data
2025-07-17 16:21:29 - outlook_service - INFO - __init__:156 - COM interface availability: True
2025-07-17 16:21:29 - outlook_service - INFO - __init__:160 - Base path exists: C:\Users\user1\Desktop\normie\outlook\analyze\mail
2025-07-17 16:21:29 - outlook_service - INFO - __init__:168 - Emails file not found: C:\Users\user1\Desktop\normie\outlook\analyze\mail\emails.json
2025-07-17 16:21:29 - outlook_service - INFO - __init__:170 - OutlookService initialization completed successfully
2025-07-17 16:21:29 - outlook_service - DEBUG - get_emails_data:1273 - === Loading emails data ===
2025-07-17 16:21:29 - outlook_service - INFO - get_emails_data:1280 - Found 4 folder-specific email files
2025-07-17 16:21:29 - outlook_service - DEBUG - get_emails_data:1281 - Folder files: ['emails_deleted_items.json', 'emails_drafts.json', 'emails_inbox.json', 'emails_sent_items.json']
2025-07-17 16:21:29 - outlook_service - DEBUG - _get_emails_from_multiple_files:1324 - Successfully read emails_deleted_items.json with encoding: cp1252
2025-07-17 16:21:29 - outlook_service - DEBUG - _get_emails_from_multiple_files:1364 - Loaded 5 emails from Deleted Items folder
2025-07-17 16:21:29 - outlook_service - DEBUG - _get_emails_from_multiple_files:1324 - Successfully read emails_drafts.json with encoding: utf-8
2025-07-17 16:21:29 - outlook_service - DEBUG - _get_emails_from_multiple_files:1364 - Loaded 1 emails from Drafts folder
2025-07-17 16:21:29 - outlook_service - DEBUG - _get_emails_from_multiple_files:1324 - Successfully read emails_inbox.json with encoding: cp1252
2025-07-17 16:21:29 - outlook_service - DEBUG - _get_emails_from_multiple_files:1364 - Loaded 7 emails from Inbox folder
2025-07-17 16:21:29 - outlook_service - DEBUG - _get_emails_from_multiple_files:1324 - Successfully read emails_sent_items.json with encoding: utf-8
2025-07-17 16:21:29 - outlook_service - DEBUG - _get_emails_from_multiple_files:1364 - Loaded 1 emails from Sent Items folder
2025-07-17 16:21:29 - outlook_service - DEBUG - _get_emails_from_multiple_files:1378 - Consolidated 14 emails from 4 folders
2025-07-17 16:21:29 - outlook_service - DEBUG - get_emails_list:1499 - Returning 7 emails (page 1/1)
2025-07-17 16:21:29 - outlook_service - DEBUG - get_emails_data:1273 - === Loading emails data ===
2025-07-17 16:21:29 - outlook_service - INFO - get_emails_data:1280 - Found 4 folder-specific email files
2025-07-17 16:21:29 - outlook_service - DEBUG - get_emails_data:1281 - Folder files: ['emails_deleted_items.json', 'emails_drafts.json', 'emails_inbox.json', 'emails_sent_items.json']
2025-07-17 16:21:29 - outlook_service - DEBUG - _get_emails_from_multiple_files:1324 - Successfully read emails_deleted_items.json with encoding: cp1252
2025-07-17 16:21:29 - outlook_service - DEBUG - _get_emails_from_multiple_files:1364 - Loaded 5 emails from Deleted Items folder
2025-07-17 16:21:29 - outlook_service - DEBUG - _get_emails_from_multiple_files:1324 - Successfully read emails_drafts.json with encoding: utf-8
2025-07-17 16:21:29 - outlook_service - DEBUG - _get_emails_from_multiple_files:1364 - Loaded 1 emails from Drafts folder
2025-07-17 16:21:29 - outlook_service - DEBUG - _get_emails_from_multiple_files:1324 - Successfully read emails_inbox.json with encoding: cp1252
2025-07-17 16:21:29 - outlook_service - DEBUG - _get_emails_from_multiple_files:1364 - Loaded 7 emails from Inbox folder
2025-07-17 16:21:29 - outlook_service - DEBUG - _get_emails_from_multiple_files:1324 - Successfully read emails_sent_items.json with encoding: utf-8
2025-07-17 16:21:29 - outlook_service - DEBUG - _get_emails_from_multiple_files:1364 - Loaded 1 emails from Sent Items folder
2025-07-17 16:21:29 - outlook_service - DEBUG - _get_emails_from_multiple_files:1378 - Consolidated 14 emails from 4 folders
2025-07-17 16:22:29 - outlook_service - INFO - __init__:136 - === Initializing OutlookService ===
2025-07-17 16:22:29 - outlook_service - DEBUG - __init__:137 - Service initialization started at 2025-07-17 16:22:29.486578
2025-07-17 16:22:29 - outlook_service - INFO - __init__:146 - OutlookService configured for user: user1
2025-07-17 16:22:29 - outlook_service - DEBUG - __init__:147 - Base path: C:\Users\user1\Desktop\normie\outlook\analyze\mail
2025-07-17 16:22:29 - outlook_service - DEBUG - __init__:148 - Emails file: C:\Users\user1\Desktop\normie\outlook\analyze\mail\emails.json
2025-07-17 16:22:29 - outlook_service - DEBUG - __init__:149 - Data folder: C:\Users\user1\Desktop\normie\outlook\analyze\mail\data
2025-07-17 16:22:29 - outlook_service - INFO - __init__:156 - COM interface availability: True
2025-07-17 16:22:29 - outlook_service - INFO - __init__:160 - Base path exists: C:\Users\user1\Desktop\normie\outlook\analyze\mail
2025-07-17 16:22:29 - outlook_service - INFO - __init__:168 - Emails file not found: C:\Users\user1\Desktop\normie\outlook\analyze\mail\emails.json
2025-07-17 16:22:29 - outlook_service - INFO - __init__:170 - OutlookService initialization completed successfully
2025-07-17 16:22:29 - outlook_service - DEBUG - get_emails_data:1273 - === Loading emails data ===
2025-07-17 16:22:29 - outlook_service - INFO - get_emails_data:1280 - Found 4 folder-specific email files
2025-07-17 16:22:29 - outlook_service - DEBUG - get_emails_data:1281 - Folder files: ['emails_deleted_items.json', 'emails_drafts.json', 'emails_inbox.json', 'emails_sent_items.json']
2025-07-17 16:22:29 - outlook_service - DEBUG - _get_emails_from_multiple_files:1324 - Successfully read emails_deleted_items.json with encoding: cp1252
2025-07-17 16:22:29 - outlook_service - DEBUG - _get_emails_from_multiple_files:1364 - Loaded 5 emails from Deleted Items folder
2025-07-17 16:22:29 - outlook_service - DEBUG - _get_emails_from_multiple_files:1324 - Successfully read emails_drafts.json with encoding: utf-8
2025-07-17 16:22:29 - outlook_service - DEBUG - _get_emails_from_multiple_files:1364 - Loaded 1 emails from Drafts folder
2025-07-17 16:22:29 - outlook_service - DEBUG - _get_emails_from_multiple_files:1324 - Successfully read emails_inbox.json with encoding: cp1252
2025-07-17 16:22:29 - outlook_service - DEBUG - _get_emails_from_multiple_files:1364 - Loaded 7 emails from Inbox folder
2025-07-17 16:22:29 - outlook_service - DEBUG - _get_emails_from_multiple_files:1324 - Successfully read emails_sent_items.json with encoding: utf-8
2025-07-17 16:22:29 - outlook_service - DEBUG - _get_emails_from_multiple_files:1364 - Loaded 1 emails from Sent Items folder
2025-07-17 16:22:29 - outlook_service - DEBUG - _get_emails_from_multiple_files:1378 - Consolidated 14 emails from 4 folders
2025-07-17 16:22:29 - outlook_service - DEBUG - get_emails_list:1499 - Returning 7 emails (page 1/1)
2025-07-17 16:22:29 - outlook_service - DEBUG - get_emails_data:1273 - === Loading emails data ===
2025-07-17 16:22:29 - outlook_service - INFO - get_emails_data:1280 - Found 4 folder-specific email files
2025-07-17 16:22:29 - outlook_service - DEBUG - get_emails_data:1281 - Folder files: ['emails_deleted_items.json', 'emails_drafts.json', 'emails_inbox.json', 'emails_sent_items.json']
2025-07-17 16:22:29 - outlook_service - DEBUG - _get_emails_from_multiple_files:1324 - Successfully read emails_deleted_items.json with encoding: cp1252
2025-07-17 16:22:29 - outlook_service - DEBUG - _get_emails_from_multiple_files:1364 - Loaded 5 emails from Deleted Items folder
2025-07-17 16:22:29 - outlook_service - DEBUG - _get_emails_from_multiple_files:1324 - Successfully read emails_drafts.json with encoding: utf-8
2025-07-17 16:22:29 - outlook_service - DEBUG - _get_emails_from_multiple_files:1364 - Loaded 1 emails from Drafts folder
2025-07-17 16:22:29 - outlook_service - DEBUG - _get_emails_from_multiple_files:1324 - Successfully read emails_inbox.json with encoding: cp1252
2025-07-17 16:22:29 - outlook_service - DEBUG - _get_emails_from_multiple_files:1364 - Loaded 7 emails from Inbox folder
2025-07-17 16:22:29 - outlook_service - DEBUG - _get_emails_from_multiple_files:1324 - Successfully read emails_sent_items.json with encoding: utf-8
2025-07-17 16:22:29 - outlook_service - DEBUG - _get_emails_from_multiple_files:1364 - Loaded 1 emails from Sent Items folder
2025-07-17 16:22:29 - outlook_service - DEBUG - _get_emails_from_multiple_files:1378 - Consolidated 14 emails from 4 folders
2025-07-17 16:23:29 - outlook_service - INFO - __init__:136 - === Initializing OutlookService ===
2025-07-17 16:23:29 - outlook_service - DEBUG - __init__:137 - Service initialization started at 2025-07-17 16:23:29.484250
2025-07-17 16:23:29 - outlook_service - INFO - __init__:146 - OutlookService configured for user: user1
2025-07-17 16:23:29 - outlook_service - DEBUG - __init__:147 - Base path: C:\Users\user1\Desktop\normie\outlook\analyze\mail
2025-07-17 16:23:29 - outlook_service - DEBUG - __init__:148 - Emails file: C:\Users\user1\Desktop\normie\outlook\analyze\mail\emails.json
2025-07-17 16:23:29 - outlook_service - DEBUG - __init__:149 - Data folder: C:\Users\user1\Desktop\normie\outlook\analyze\mail\data
2025-07-17 16:23:29 - outlook_service - INFO - __init__:156 - COM interface availability: True
2025-07-17 16:23:29 - outlook_service - INFO - __init__:160 - Base path exists: C:\Users\user1\Desktop\normie\outlook\analyze\mail
2025-07-17 16:23:29 - outlook_service - INFO - __init__:168 - Emails file not found: C:\Users\user1\Desktop\normie\outlook\analyze\mail\emails.json
2025-07-17 16:23:29 - outlook_service - INFO - __init__:170 - OutlookService initialization completed successfully
2025-07-17 16:23:29 - outlook_service - DEBUG - get_emails_data:1273 - === Loading emails data ===
2025-07-17 16:23:29 - outlook_service - INFO - get_emails_data:1280 - Found 4 folder-specific email files
2025-07-17 16:23:29 - outlook_service - DEBUG - get_emails_data:1281 - Folder files: ['emails_deleted_items.json', 'emails_drafts.json', 'emails_inbox.json', 'emails_sent_items.json']
2025-07-17 16:23:29 - outlook_service - DEBUG - _get_emails_from_multiple_files:1324 - Successfully read emails_deleted_items.json with encoding: cp1252
2025-07-17 16:23:29 - outlook_service - DEBUG - _get_emails_from_multiple_files:1364 - Loaded 5 emails from Deleted Items folder
2025-07-17 16:23:29 - outlook_service - DEBUG - _get_emails_from_multiple_files:1324 - Successfully read emails_drafts.json with encoding: utf-8
2025-07-17 16:23:29 - outlook_service - DEBUG - _get_emails_from_multiple_files:1364 - Loaded 1 emails from Drafts folder
2025-07-17 16:23:29 - outlook_service - DEBUG - _get_emails_from_multiple_files:1324 - Successfully read emails_inbox.json with encoding: cp1252
2025-07-17 16:23:29 - outlook_service - DEBUG - _get_emails_from_multiple_files:1364 - Loaded 7 emails from Inbox folder
2025-07-17 16:23:29 - outlook_service - DEBUG - _get_emails_from_multiple_files:1324 - Successfully read emails_sent_items.json with encoding: utf-8
2025-07-17 16:23:29 - outlook_service - DEBUG - _get_emails_from_multiple_files:1364 - Loaded 1 emails from Sent Items folder
2025-07-17 16:23:29 - outlook_service - DEBUG - _get_emails_from_multiple_files:1378 - Consolidated 14 emails from 4 folders
2025-07-17 16:23:29 - outlook_service - DEBUG - get_emails_list:1499 - Returning 7 emails (page 1/1)
2025-07-17 16:23:29 - outlook_service - DEBUG - get_emails_data:1273 - === Loading emails data ===
2025-07-17 16:23:29 - outlook_service - INFO - get_emails_data:1280 - Found 4 folder-specific email files
2025-07-17 16:23:29 - outlook_service - DEBUG - get_emails_data:1281 - Folder files: ['emails_deleted_items.json', 'emails_drafts.json', 'emails_inbox.json', 'emails_sent_items.json']
2025-07-17 16:23:29 - outlook_service - DEBUG - _get_emails_from_multiple_files:1324 - Successfully read emails_deleted_items.json with encoding: cp1252
2025-07-17 16:23:29 - outlook_service - DEBUG - _get_emails_from_multiple_files:1364 - Loaded 5 emails from Deleted Items folder
2025-07-17 16:23:29 - outlook_service - DEBUG - _get_emails_from_multiple_files:1324 - Successfully read emails_drafts.json with encoding: utf-8
2025-07-17 16:23:29 - outlook_service - DEBUG - _get_emails_from_multiple_files:1364 - Loaded 1 emails from Drafts folder
2025-07-17 16:23:29 - outlook_service - DEBUG - _get_emails_from_multiple_files:1324 - Successfully read emails_inbox.json with encoding: cp1252
2025-07-17 16:23:29 - outlook_service - DEBUG - _get_emails_from_multiple_files:1364 - Loaded 7 emails from Inbox folder
2025-07-17 16:23:29 - outlook_service - DEBUG - _get_emails_from_multiple_files:1324 - Successfully read emails_sent_items.json with encoding: utf-8
2025-07-17 16:23:29 - outlook_service - DEBUG - _get_emails_from_multiple_files:1364 - Loaded 1 emails from Sent Items folder
2025-07-17 16:23:29 - outlook_service - DEBUG - _get_emails_from_multiple_files:1378 - Consolidated 14 emails from 4 folders
2025-07-17 16:24:29 - outlook_service - INFO - __init__:136 - === Initializing OutlookService ===
2025-07-17 16:24:29 - outlook_service - DEBUG - __init__:137 - Service initialization started at 2025-07-17 16:24:29.482762
2025-07-17 16:24:29 - outlook_service - INFO - __init__:146 - OutlookService configured for user: user1
2025-07-17 16:24:29 - outlook_service - DEBUG - __init__:147 - Base path: C:\Users\user1\Desktop\normie\outlook\analyze\mail
2025-07-17 16:24:29 - outlook_service - DEBUG - __init__:148 - Emails file: C:\Users\user1\Desktop\normie\outlook\analyze\mail\emails.json
2025-07-17 16:24:29 - outlook_service - DEBUG - __init__:149 - Data folder: C:\Users\user1\Desktop\normie\outlook\analyze\mail\data
2025-07-17 16:24:29 - outlook_service - INFO - __init__:156 - COM interface availability: True
2025-07-17 16:24:29 - outlook_service - INFO - __init__:160 - Base path exists: C:\Users\user1\Desktop\normie\outlook\analyze\mail
2025-07-17 16:24:29 - outlook_service - INFO - __init__:168 - Emails file not found: C:\Users\user1\Desktop\normie\outlook\analyze\mail\emails.json
2025-07-17 16:24:29 - outlook_service - INFO - __init__:170 - OutlookService initialization completed successfully
2025-07-17 16:24:29 - outlook_service - DEBUG - get_emails_data:1273 - === Loading emails data ===
2025-07-17 16:24:29 - outlook_service - INFO - get_emails_data:1280 - Found 4 folder-specific email files
2025-07-17 16:24:29 - outlook_service - DEBUG - get_emails_data:1281 - Folder files: ['emails_deleted_items.json', 'emails_drafts.json', 'emails_inbox.json', 'emails_sent_items.json']
2025-07-17 16:24:29 - outlook_service - DEBUG - _get_emails_from_multiple_files:1324 - Successfully read emails_deleted_items.json with encoding: cp1252
2025-07-17 16:24:29 - outlook_service - DEBUG - _get_emails_from_multiple_files:1364 - Loaded 5 emails from Deleted Items folder
2025-07-17 16:24:29 - outlook_service - DEBUG - _get_emails_from_multiple_files:1324 - Successfully read emails_drafts.json with encoding: utf-8
2025-07-17 16:24:29 - outlook_service - DEBUG - _get_emails_from_multiple_files:1364 - Loaded 1 emails from Drafts folder
2025-07-17 16:24:29 - outlook_service - DEBUG - _get_emails_from_multiple_files:1324 - Successfully read emails_inbox.json with encoding: cp1252
2025-07-17 16:24:29 - outlook_service - DEBUG - _get_emails_from_multiple_files:1364 - Loaded 7 emails from Inbox folder
2025-07-17 16:24:29 - outlook_service - DEBUG - _get_emails_from_multiple_files:1324 - Successfully read emails_sent_items.json with encoding: utf-8
2025-07-17 16:24:29 - outlook_service - DEBUG - _get_emails_from_multiple_files:1364 - Loaded 1 emails from Sent Items folder
2025-07-17 16:24:29 - outlook_service - DEBUG - _get_emails_from_multiple_files:1378 - Consolidated 14 emails from 4 folders
2025-07-17 16:24:29 - outlook_service - DEBUG - get_emails_list:1499 - Returning 7 emails (page 1/1)
2025-07-17 16:24:29 - outlook_service - DEBUG - get_emails_data:1273 - === Loading emails data ===
2025-07-17 16:24:29 - outlook_service - INFO - get_emails_data:1280 - Found 4 folder-specific email files
2025-07-17 16:24:29 - outlook_service - DEBUG - get_emails_data:1281 - Folder files: ['emails_deleted_items.json', 'emails_drafts.json', 'emails_inbox.json', 'emails_sent_items.json']
2025-07-17 16:24:29 - outlook_service - DEBUG - _get_emails_from_multiple_files:1324 - Successfully read emails_deleted_items.json with encoding: cp1252
2025-07-17 16:24:29 - outlook_service - DEBUG - _get_emails_from_multiple_files:1364 - Loaded 5 emails from Deleted Items folder
2025-07-17 16:24:29 - outlook_service - DEBUG - _get_emails_from_multiple_files:1324 - Successfully read emails_drafts.json with encoding: utf-8
2025-07-17 16:24:29 - outlook_service - DEBUG - _get_emails_from_multiple_files:1364 - Loaded 1 emails from Drafts folder
2025-07-17 16:24:29 - outlook_service - DEBUG - _get_emails_from_multiple_files:1324 - Successfully read emails_inbox.json with encoding: cp1252
2025-07-17 16:24:29 - outlook_service - DEBUG - _get_emails_from_multiple_files:1364 - Loaded 7 emails from Inbox folder
2025-07-17 16:24:29 - outlook_service - DEBUG - _get_emails_from_multiple_files:1324 - Successfully read emails_sent_items.json with encoding: utf-8
2025-07-17 16:24:29 - outlook_service - DEBUG - _get_emails_from_multiple_files:1364 - Loaded 1 emails from Sent Items folder
2025-07-17 16:24:29 - outlook_service - DEBUG - _get_emails_from_multiple_files:1378 - Consolidated 14 emails from 4 folders
2025-07-17 16:25:29 - outlook_service - INFO - __init__:136 - === Initializing OutlookService ===
2025-07-17 16:25:29 - outlook_service - DEBUG - __init__:137 - Service initialization started at 2025-07-17 16:25:29.488194
2025-07-17 16:25:29 - outlook_service - INFO - __init__:146 - OutlookService configured for user: user1
2025-07-17 16:25:29 - outlook_service - DEBUG - __init__:147 - Base path: C:\Users\user1\Desktop\normie\outlook\analyze\mail
2025-07-17 16:25:29 - outlook_service - DEBUG - __init__:148 - Emails file: C:\Users\user1\Desktop\normie\outlook\analyze\mail\emails.json
2025-07-17 16:25:29 - outlook_service - DEBUG - __init__:149 - Data folder: C:\Users\user1\Desktop\normie\outlook\analyze\mail\data
2025-07-17 16:25:29 - outlook_service - INFO - __init__:156 - COM interface availability: True
2025-07-17 16:25:29 - outlook_service - INFO - __init__:160 - Base path exists: C:\Users\user1\Desktop\normie\outlook\analyze\mail
2025-07-17 16:25:29 - outlook_service - INFO - __init__:168 - Emails file not found: C:\Users\user1\Desktop\normie\outlook\analyze\mail\emails.json
2025-07-17 16:25:29 - outlook_service - INFO - __init__:170 - OutlookService initialization completed successfully
2025-07-17 16:25:29 - outlook_service - DEBUG - get_emails_data:1273 - === Loading emails data ===
2025-07-17 16:25:29 - outlook_service - INFO - get_emails_data:1280 - Found 4 folder-specific email files
2025-07-17 16:25:29 - outlook_service - DEBUG - get_emails_data:1281 - Folder files: ['emails_deleted_items.json', 'emails_drafts.json', 'emails_inbox.json', 'emails_sent_items.json']
2025-07-17 16:25:29 - outlook_service - DEBUG - _get_emails_from_multiple_files:1324 - Successfully read emails_deleted_items.json with encoding: cp1252
2025-07-17 16:25:29 - outlook_service - DEBUG - _get_emails_from_multiple_files:1364 - Loaded 5 emails from Deleted Items folder
2025-07-17 16:25:29 - outlook_service - DEBUG - _get_emails_from_multiple_files:1324 - Successfully read emails_drafts.json with encoding: utf-8
2025-07-17 16:25:29 - outlook_service - DEBUG - _get_emails_from_multiple_files:1364 - Loaded 1 emails from Drafts folder
2025-07-17 16:25:29 - outlook_service - DEBUG - _get_emails_from_multiple_files:1324 - Successfully read emails_inbox.json with encoding: cp1252
2025-07-17 16:25:29 - outlook_service - DEBUG - _get_emails_from_multiple_files:1364 - Loaded 7 emails from Inbox folder
2025-07-17 16:25:29 - outlook_service - DEBUG - _get_emails_from_multiple_files:1324 - Successfully read emails_sent_items.json with encoding: utf-8
2025-07-17 16:25:29 - outlook_service - DEBUG - _get_emails_from_multiple_files:1364 - Loaded 1 emails from Sent Items folder
2025-07-17 16:25:29 - outlook_service - DEBUG - _get_emails_from_multiple_files:1378 - Consolidated 14 emails from 4 folders
2025-07-17 16:25:29 - outlook_service - DEBUG - get_emails_list:1499 - Returning 7 emails (page 1/1)
2025-07-17 16:25:29 - outlook_service - DEBUG - get_emails_data:1273 - === Loading emails data ===
2025-07-17 16:25:29 - outlook_service - INFO - get_emails_data:1280 - Found 4 folder-specific email files
2025-07-17 16:25:29 - outlook_service - DEBUG - get_emails_data:1281 - Folder files: ['emails_deleted_items.json', 'emails_drafts.json', 'emails_inbox.json', 'emails_sent_items.json']
2025-07-17 16:25:29 - outlook_service - DEBUG - _get_emails_from_multiple_files:1324 - Successfully read emails_deleted_items.json with encoding: cp1252
2025-07-17 16:25:29 - outlook_service - DEBUG - _get_emails_from_multiple_files:1364 - Loaded 5 emails from Deleted Items folder
2025-07-17 16:25:29 - outlook_service - DEBUG - _get_emails_from_multiple_files:1324 - Successfully read emails_drafts.json with encoding: utf-8
2025-07-17 16:25:29 - outlook_service - DEBUG - _get_emails_from_multiple_files:1364 - Loaded 1 emails from Drafts folder
2025-07-17 16:25:29 - outlook_service - DEBUG - _get_emails_from_multiple_files:1324 - Successfully read emails_inbox.json with encoding: cp1252
2025-07-17 16:25:29 - outlook_service - DEBUG - _get_emails_from_multiple_files:1364 - Loaded 7 emails from Inbox folder
2025-07-17 16:25:29 - outlook_service - DEBUG - _get_emails_from_multiple_files:1324 - Successfully read emails_sent_items.json with encoding: utf-8
2025-07-17 16:25:29 - outlook_service - DEBUG - _get_emails_from_multiple_files:1364 - Loaded 1 emails from Sent Items folder
2025-07-17 16:25:29 - outlook_service - DEBUG - _get_emails_from_multiple_files:1378 - Consolidated 14 emails from 4 folders
2025-07-17 16:26:29 - outlook_service - INFO - __init__:136 - === Initializing OutlookService ===
2025-07-17 16:26:29 - outlook_service - DEBUG - __init__:137 - Service initialization started at 2025-07-17 16:26:29.487096
2025-07-17 16:26:29 - outlook_service - INFO - __init__:146 - OutlookService configured for user: user1
2025-07-17 16:26:29 - outlook_service - DEBUG - __init__:147 - Base path: C:\Users\user1\Desktop\normie\outlook\analyze\mail
2025-07-17 16:26:29 - outlook_service - DEBUG - __init__:148 - Emails file: C:\Users\user1\Desktop\normie\outlook\analyze\mail\emails.json
2025-07-17 16:26:29 - outlook_service - DEBUG - __init__:149 - Data folder: C:\Users\user1\Desktop\normie\outlook\analyze\mail\data
2025-07-17 16:26:29 - outlook_service - INFO - __init__:156 - COM interface availability: True
2025-07-17 16:26:29 - outlook_service - INFO - __init__:160 - Base path exists: C:\Users\user1\Desktop\normie\outlook\analyze\mail
2025-07-17 16:26:29 - outlook_service - INFO - __init__:168 - Emails file not found: C:\Users\user1\Desktop\normie\outlook\analyze\mail\emails.json
2025-07-17 16:26:29 - outlook_service - INFO - __init__:170 - OutlookService initialization completed successfully
2025-07-17 16:26:29 - outlook_service - DEBUG - get_emails_data:1273 - === Loading emails data ===
2025-07-17 16:26:29 - outlook_service - INFO - get_emails_data:1280 - Found 4 folder-specific email files
2025-07-17 16:26:29 - outlook_service - DEBUG - get_emails_data:1281 - Folder files: ['emails_deleted_items.json', 'emails_drafts.json', 'emails_inbox.json', 'emails_sent_items.json']
2025-07-17 16:26:29 - outlook_service - DEBUG - _get_emails_from_multiple_files:1324 - Successfully read emails_deleted_items.json with encoding: cp1252
2025-07-17 16:26:29 - outlook_service - DEBUG - _get_emails_from_multiple_files:1364 - Loaded 5 emails from Deleted Items folder
2025-07-17 16:26:29 - outlook_service - DEBUG - _get_emails_from_multiple_files:1324 - Successfully read emails_drafts.json with encoding: utf-8
2025-07-17 16:26:29 - outlook_service - DEBUG - _get_emails_from_multiple_files:1364 - Loaded 1 emails from Drafts folder
2025-07-17 16:26:29 - outlook_service - DEBUG - _get_emails_from_multiple_files:1324 - Successfully read emails_inbox.json with encoding: cp1252
2025-07-17 16:26:29 - outlook_service - DEBUG - _get_emails_from_multiple_files:1364 - Loaded 7 emails from Inbox folder
2025-07-17 16:26:29 - outlook_service - DEBUG - _get_emails_from_multiple_files:1324 - Successfully read emails_sent_items.json with encoding: utf-8
2025-07-17 16:26:29 - outlook_service - DEBUG - _get_emails_from_multiple_files:1364 - Loaded 1 emails from Sent Items folder
2025-07-17 16:26:29 - outlook_service - DEBUG - _get_emails_from_multiple_files:1378 - Consolidated 14 emails from 4 folders
2025-07-17 16:26:29 - outlook_service - DEBUG - get_emails_list:1499 - Returning 7 emails (page 1/1)
2025-07-17 16:26:29 - outlook_service - DEBUG - get_emails_data:1273 - === Loading emails data ===
2025-07-17 16:26:29 - outlook_service - INFO - get_emails_data:1280 - Found 4 folder-specific email files
2025-07-17 16:26:29 - outlook_service - DEBUG - get_emails_data:1281 - Folder files: ['emails_deleted_items.json', 'emails_drafts.json', 'emails_inbox.json', 'emails_sent_items.json']
2025-07-17 16:26:29 - outlook_service - DEBUG - _get_emails_from_multiple_files:1324 - Successfully read emails_deleted_items.json with encoding: cp1252
2025-07-17 16:26:29 - outlook_service - DEBUG - _get_emails_from_multiple_files:1364 - Loaded 5 emails from Deleted Items folder
2025-07-17 16:26:29 - outlook_service - DEBUG - _get_emails_from_multiple_files:1324 - Successfully read emails_drafts.json with encoding: utf-8
2025-07-17 16:26:29 - outlook_service - DEBUG - _get_emails_from_multiple_files:1364 - Loaded 1 emails from Drafts folder
2025-07-17 16:26:29 - outlook_service - DEBUG - _get_emails_from_multiple_files:1324 - Successfully read emails_inbox.json with encoding: cp1252
2025-07-17 16:26:29 - outlook_service - DEBUG - _get_emails_from_multiple_files:1364 - Loaded 7 emails from Inbox folder
2025-07-17 16:26:29 - outlook_service - DEBUG - _get_emails_from_multiple_files:1324 - Successfully read emails_sent_items.json with encoding: utf-8
2025-07-17 16:26:29 - outlook_service - DEBUG - _get_emails_from_multiple_files:1364 - Loaded 1 emails from Sent Items folder
2025-07-17 16:26:29 - outlook_service - DEBUG - _get_emails_from_multiple_files:1378 - Consolidated 14 emails from 4 folders
2025-07-17 16:27:29 - outlook_service - INFO - __init__:136 - === Initializing OutlookService ===
2025-07-17 16:27:29 - outlook_service - DEBUG - __init__:137 - Service initialization started at 2025-07-17 16:27:29.484214
2025-07-17 16:27:29 - outlook_service - INFO - __init__:146 - OutlookService configured for user: user1
2025-07-17 16:27:29 - outlook_service - DEBUG - __init__:147 - Base path: C:\Users\user1\Desktop\normie\outlook\analyze\mail
2025-07-17 16:27:29 - outlook_service - DEBUG - __init__:148 - Emails file: C:\Users\user1\Desktop\normie\outlook\analyze\mail\emails.json
2025-07-17 16:27:29 - outlook_service - DEBUG - __init__:149 - Data folder: C:\Users\user1\Desktop\normie\outlook\analyze\mail\data
2025-07-17 16:27:29 - outlook_service - INFO - __init__:156 - COM interface availability: True
2025-07-17 16:27:29 - outlook_service - INFO - __init__:160 - Base path exists: C:\Users\user1\Desktop\normie\outlook\analyze\mail
2025-07-17 16:27:29 - outlook_service - INFO - __init__:168 - Emails file not found: C:\Users\user1\Desktop\normie\outlook\analyze\mail\emails.json
2025-07-17 16:27:29 - outlook_service - INFO - __init__:170 - OutlookService initialization completed successfully
2025-07-17 16:27:29 - outlook_service - DEBUG - get_emails_data:1273 - === Loading emails data ===
2025-07-17 16:27:29 - outlook_service - INFO - get_emails_data:1280 - Found 4 folder-specific email files
2025-07-17 16:27:29 - outlook_service - DEBUG - get_emails_data:1281 - Folder files: ['emails_deleted_items.json', 'emails_drafts.json', 'emails_inbox.json', 'emails_sent_items.json']
2025-07-17 16:27:29 - outlook_service - DEBUG - _get_emails_from_multiple_files:1324 - Successfully read emails_deleted_items.json with encoding: cp1252
2025-07-17 16:27:29 - outlook_service - DEBUG - _get_emails_from_multiple_files:1364 - Loaded 5 emails from Deleted Items folder
2025-07-17 16:27:29 - outlook_service - DEBUG - _get_emails_from_multiple_files:1324 - Successfully read emails_drafts.json with encoding: utf-8
2025-07-17 16:27:29 - outlook_service - DEBUG - _get_emails_from_multiple_files:1364 - Loaded 1 emails from Drafts folder
2025-07-17 16:27:29 - outlook_service - DEBUG - _get_emails_from_multiple_files:1324 - Successfully read emails_inbox.json with encoding: cp1252
2025-07-17 16:27:29 - outlook_service - DEBUG - _get_emails_from_multiple_files:1364 - Loaded 7 emails from Inbox folder
2025-07-17 16:27:29 - outlook_service - DEBUG - _get_emails_from_multiple_files:1324 - Successfully read emails_sent_items.json with encoding: utf-8
2025-07-17 16:27:29 - outlook_service - DEBUG - _get_emails_from_multiple_files:1364 - Loaded 1 emails from Sent Items folder
2025-07-17 16:27:29 - outlook_service - DEBUG - _get_emails_from_multiple_files:1378 - Consolidated 14 emails from 4 folders
2025-07-17 16:27:29 - outlook_service - DEBUG - get_emails_list:1499 - Returning 7 emails (page 1/1)
2025-07-17 16:27:29 - outlook_service - DEBUG - get_emails_data:1273 - === Loading emails data ===
2025-07-17 16:27:29 - outlook_service - INFO - get_emails_data:1280 - Found 4 folder-specific email files
2025-07-17 16:27:29 - outlook_service - DEBUG - get_emails_data:1281 - Folder files: ['emails_deleted_items.json', 'emails_drafts.json', 'emails_inbox.json', 'emails_sent_items.json']
2025-07-17 16:27:29 - outlook_service - DEBUG - _get_emails_from_multiple_files:1324 - Successfully read emails_deleted_items.json with encoding: cp1252
2025-07-17 16:27:29 - outlook_service - DEBUG - _get_emails_from_multiple_files:1364 - Loaded 5 emails from Deleted Items folder
2025-07-17 16:27:29 - outlook_service - DEBUG - _get_emails_from_multiple_files:1324 - Successfully read emails_drafts.json with encoding: utf-8
2025-07-17 16:27:29 - outlook_service - DEBUG - _get_emails_from_multiple_files:1364 - Loaded 1 emails from Drafts folder
2025-07-17 16:27:29 - outlook_service - DEBUG - _get_emails_from_multiple_files:1324 - Successfully read emails_inbox.json with encoding: cp1252
2025-07-17 16:27:29 - outlook_service - DEBUG - _get_emails_from_multiple_files:1364 - Loaded 7 emails from Inbox folder
2025-07-17 16:27:29 - outlook_service - DEBUG - _get_emails_from_multiple_files:1324 - Successfully read emails_sent_items.json with encoding: utf-8
2025-07-17 16:27:29 - outlook_service - DEBUG - _get_emails_from_multiple_files:1364 - Loaded 1 emails from Sent Items folder
2025-07-17 16:27:29 - outlook_service - DEBUG - _get_emails_from_multiple_files:1378 - Consolidated 14 emails from 4 folders
2025-07-17 16:28:00 - outlook_service - INFO - __init__:136 - === Initializing OutlookService ===
2025-07-17 16:28:00 - outlook_service - DEBUG - __init__:137 - Service initialization started at 2025-07-17 16:28:00.520122
2025-07-17 16:28:00 - outlook_service - INFO - __init__:146 - OutlookService configured for user: user1
2025-07-17 16:28:00 - outlook_service - DEBUG - __init__:147 - Base path: C:\Users\user1\Desktop\normie\outlook\analyze\mail
2025-07-17 16:28:00 - outlook_service - DEBUG - __init__:148 - Emails file: C:\Users\user1\Desktop\normie\outlook\analyze\mail\emails.json
2025-07-17 16:28:00 - outlook_service - DEBUG - __init__:149 - Data folder: C:\Users\user1\Desktop\normie\outlook\analyze\mail\data
2025-07-17 16:28:00 - outlook_service - INFO - __init__:156 - COM interface availability: True
2025-07-17 16:28:00 - outlook_service - INFO - __init__:160 - Base path exists: C:\Users\user1\Desktop\normie\outlook\analyze\mail
2025-07-17 16:28:00 - outlook_service - INFO - __init__:168 - Emails file not found: C:\Users\user1\Desktop\normie\outlook\analyze\mail\emails.json
2025-07-17 16:28:00 - outlook_service - INFO - __init__:170 - OutlookService initialization completed successfully
2025-07-17 16:28:00 - outlook_service - DEBUG - get_emails_data:1273 - === Loading emails data ===
2025-07-17 16:28:00 - outlook_service - INFO - get_emails_data:1280 - Found 4 folder-specific email files
2025-07-17 16:28:00 - outlook_service - DEBUG - get_emails_data:1281 - Folder files: ['emails_deleted_items.json', 'emails_drafts.json', 'emails_inbox.json', 'emails_sent_items.json']
2025-07-17 16:28:00 - outlook_service - DEBUG - _get_emails_from_multiple_files:1324 - Successfully read emails_deleted_items.json with encoding: cp1252
2025-07-17 16:28:00 - outlook_service - DEBUG - _get_emails_from_multiple_files:1364 - Loaded 5 emails from Deleted Items folder
2025-07-17 16:28:00 - outlook_service - DEBUG - _get_emails_from_multiple_files:1324 - Successfully read emails_drafts.json with encoding: utf-8
2025-07-17 16:28:00 - outlook_service - DEBUG - _get_emails_from_multiple_files:1364 - Loaded 1 emails from Drafts folder
2025-07-17 16:28:00 - outlook_service - DEBUG - _get_emails_from_multiple_files:1324 - Successfully read emails_inbox.json with encoding: cp1252
2025-07-17 16:28:00 - outlook_service - DEBUG - _get_emails_from_multiple_files:1364 - Loaded 7 emails from Inbox folder
2025-07-17 16:28:00 - outlook_service - DEBUG - _get_emails_from_multiple_files:1324 - Successfully read emails_sent_items.json with encoding: utf-8
2025-07-17 16:28:00 - outlook_service - DEBUG - _get_emails_from_multiple_files:1364 - Loaded 1 emails from Sent Items folder
2025-07-17 16:28:00 - outlook_service - DEBUG - _get_emails_from_multiple_files:1378 - Consolidated 14 emails from 4 folders
2025-07-17 16:28:00 - outlook_service - DEBUG - get_emails_list:1499 - Returning 7 emails (page 1/1)
2025-07-17 16:28:00 - outlook_service - DEBUG - get_emails_data:1273 - === Loading emails data ===
2025-07-17 16:28:00 - outlook_service - INFO - get_emails_data:1280 - Found 4 folder-specific email files
2025-07-17 16:28:00 - outlook_service - DEBUG - get_emails_data:1281 - Folder files: ['emails_deleted_items.json', 'emails_drafts.json', 'emails_inbox.json', 'emails_sent_items.json']
2025-07-17 16:28:00 - outlook_service - DEBUG - _get_emails_from_multiple_files:1324 - Successfully read emails_deleted_items.json with encoding: cp1252
2025-07-17 16:28:00 - outlook_service - DEBUG - _get_emails_from_multiple_files:1364 - Loaded 5 emails from Deleted Items folder
2025-07-17 16:28:00 - outlook_service - DEBUG - _get_emails_from_multiple_files:1324 - Successfully read emails_drafts.json with encoding: utf-8
2025-07-17 16:28:00 - outlook_service - DEBUG - _get_emails_from_multiple_files:1364 - Loaded 1 emails from Drafts folder
2025-07-17 16:28:00 - outlook_service - DEBUG - _get_emails_from_multiple_files:1324 - Successfully read emails_inbox.json with encoding: cp1252
2025-07-17 16:28:00 - outlook_service - DEBUG - _get_emails_from_multiple_files:1364 - Loaded 7 emails from Inbox folder
2025-07-17 16:28:00 - outlook_service - DEBUG - _get_emails_from_multiple_files:1324 - Successfully read emails_sent_items.json with encoding: utf-8
2025-07-17 16:28:00 - outlook_service - DEBUG - _get_emails_from_multiple_files:1364 - Loaded 1 emails from Sent Items folder
2025-07-17 16:28:00 - outlook_service - DEBUG - _get_emails_from_multiple_files:1378 - Consolidated 14 emails from 4 folders
2025-07-17 16:28:12 - outlook_service - INFO - __init__:136 - === Initializing OutlookService ===
2025-07-17 16:28:12 - outlook_service - DEBUG - __init__:137 - Service initialization started at 2025-07-17 16:28:12.001953
2025-07-17 16:28:12 - outlook_service - INFO - __init__:146 - OutlookService configured for user: user1
2025-07-17 16:28:12 - outlook_service - DEBUG - __init__:147 - Base path: C:\Users\user1\Desktop\normie\outlook\analyze\mail
2025-07-17 16:28:12 - outlook_service - DEBUG - __init__:148 - Emails file: C:\Users\user1\Desktop\normie\outlook\analyze\mail\emails.json
2025-07-17 16:28:12 - outlook_service - DEBUG - __init__:149 - Data folder: C:\Users\user1\Desktop\normie\outlook\analyze\mail\data
2025-07-17 16:28:12 - outlook_service - INFO - __init__:156 - COM interface availability: True
2025-07-17 16:28:12 - outlook_service - INFO - __init__:160 - Base path exists: C:\Users\user1\Desktop\normie\outlook\analyze\mail
2025-07-17 16:28:12 - outlook_service - INFO - __init__:168 - Emails file not found: C:\Users\user1\Desktop\normie\outlook\analyze\mail\emails.json
2025-07-17 16:28:12 - outlook_service - INFO - __init__:170 - OutlookService initialization completed successfully
2025-07-17 16:28:12 - outlook_service - DEBUG - get_emails_data:1273 - === Loading emails data ===
2025-07-17 16:28:12 - outlook_service - INFO - get_emails_data:1280 - Found 4 folder-specific email files
2025-07-17 16:28:12 - outlook_service - DEBUG - get_emails_data:1281 - Folder files: ['emails_deleted_items.json', 'emails_drafts.json', 'emails_inbox.json', 'emails_sent_items.json']
2025-07-17 16:28:12 - outlook_service - DEBUG - _get_emails_from_multiple_files:1324 - Successfully read emails_deleted_items.json with encoding: cp1252
2025-07-17 16:28:12 - outlook_service - DEBUG - _get_emails_from_multiple_files:1364 - Loaded 5 emails from Deleted Items folder
2025-07-17 16:28:12 - outlook_service - DEBUG - _get_emails_from_multiple_files:1324 - Successfully read emails_drafts.json with encoding: utf-8
2025-07-17 16:28:12 - outlook_service - DEBUG - _get_emails_from_multiple_files:1364 - Loaded 1 emails from Drafts folder
2025-07-17 16:28:12 - outlook_service - DEBUG - _get_emails_from_multiple_files:1324 - Successfully read emails_inbox.json with encoding: cp1252
2025-07-17 16:28:12 - outlook_service - DEBUG - _get_emails_from_multiple_files:1364 - Loaded 7 emails from Inbox folder
2025-07-17 16:28:12 - outlook_service - DEBUG - _get_emails_from_multiple_files:1324 - Successfully read emails_sent_items.json with encoding: utf-8
2025-07-17 16:28:12 - outlook_service - DEBUG - _get_emails_from_multiple_files:1364 - Loaded 1 emails from Sent Items folder
2025-07-17 16:28:12 - outlook_service - DEBUG - _get_emails_from_multiple_files:1378 - Consolidated 14 emails from 4 folders
2025-07-17 16:28:12 - outlook_service - DEBUG - get_emails_list:1499 - Returning 7 emails (page 1/1)
2025-07-17 16:28:12 - outlook_service - DEBUG - get_emails_data:1273 - === Loading emails data ===
2025-07-17 16:28:12 - outlook_service - INFO - get_emails_data:1280 - Found 4 folder-specific email files
2025-07-17 16:28:12 - outlook_service - DEBUG - get_emails_data:1281 - Folder files: ['emails_deleted_items.json', 'emails_drafts.json', 'emails_inbox.json', 'emails_sent_items.json']
2025-07-17 16:28:12 - outlook_service - DEBUG - _get_emails_from_multiple_files:1324 - Successfully read emails_deleted_items.json with encoding: cp1252
2025-07-17 16:28:12 - outlook_service - DEBUG - _get_emails_from_multiple_files:1364 - Loaded 5 emails from Deleted Items folder
2025-07-17 16:28:12 - outlook_service - DEBUG - _get_emails_from_multiple_files:1324 - Successfully read emails_drafts.json with encoding: utf-8
2025-07-17 16:28:12 - outlook_service - DEBUG - _get_emails_from_multiple_files:1364 - Loaded 1 emails from Drafts folder
2025-07-17 16:28:12 - outlook_service - DEBUG - _get_emails_from_multiple_files:1324 - Successfully read emails_inbox.json with encoding: cp1252
2025-07-17 16:28:12 - outlook_service - DEBUG - _get_emails_from_multiple_files:1364 - Loaded 7 emails from Inbox folder
2025-07-17 16:28:12 - outlook_service - DEBUG - _get_emails_from_multiple_files:1324 - Successfully read emails_sent_items.json with encoding: utf-8
2025-07-17 16:28:12 - outlook_service - DEBUG - _get_emails_from_multiple_files:1364 - Loaded 1 emails from Sent Items folder
2025-07-17 16:28:12 - outlook_service - DEBUG - _get_emails_from_multiple_files:1378 - Consolidated 14 emails from 4 folders
2025-07-17 16:28:12 - outlook_service - INFO - __init__:136 - === Initializing OutlookService ===
2025-07-17 16:28:12 - outlook_service - DEBUG - __init__:137 - Service initialization started at 2025-07-17 16:28:12.189079
2025-07-17 16:28:12 - outlook_service - INFO - __init__:146 - OutlookService configured for user: user1
2025-07-17 16:28:12 - outlook_service - DEBUG - __init__:147 - Base path: C:\Users\user1\Desktop\normie\outlook\analyze\mail
2025-07-17 16:28:12 - outlook_service - DEBUG - __init__:148 - Emails file: C:\Users\user1\Desktop\normie\outlook\analyze\mail\emails.json
2025-07-17 16:28:12 - outlook_service - DEBUG - __init__:149 - Data folder: C:\Users\user1\Desktop\normie\outlook\analyze\mail\data
2025-07-17 16:28:12 - outlook_service - INFO - __init__:156 - COM interface availability: True
2025-07-17 16:28:12 - outlook_service - INFO - __init__:160 - Base path exists: C:\Users\user1\Desktop\normie\outlook\analyze\mail
2025-07-17 16:28:12 - outlook_service - INFO - __init__:168 - Emails file not found: C:\Users\user1\Desktop\normie\outlook\analyze\mail\emails.json
2025-07-17 16:28:12 - outlook_service - INFO - __init__:170 - OutlookService initialization completed successfully
2025-07-17 16:28:12 - outlook_service - DEBUG - get_emails_data:1273 - === Loading emails data ===
2025-07-17 16:28:12 - outlook_service - INFO - get_emails_data:1280 - Found 4 folder-specific email files
2025-07-17 16:28:12 - outlook_service - DEBUG - get_emails_data:1281 - Folder files: ['emails_deleted_items.json', 'emails_drafts.json', 'emails_inbox.json', 'emails_sent_items.json']
2025-07-17 16:28:12 - outlook_service - DEBUG - _get_emails_from_multiple_files:1324 - Successfully read emails_deleted_items.json with encoding: cp1252
2025-07-17 16:28:12 - outlook_service - DEBUG - _get_emails_from_multiple_files:1364 - Loaded 5 emails from Deleted Items folder
2025-07-17 16:28:12 - outlook_service - DEBUG - _get_emails_from_multiple_files:1324 - Successfully read emails_drafts.json with encoding: utf-8
2025-07-17 16:28:12 - outlook_service - DEBUG - _get_emails_from_multiple_files:1364 - Loaded 1 emails from Drafts folder
2025-07-17 16:28:12 - outlook_service - DEBUG - _get_emails_from_multiple_files:1324 - Successfully read emails_inbox.json with encoding: cp1252
2025-07-17 16:28:12 - outlook_service - DEBUG - _get_emails_from_multiple_files:1364 - Loaded 7 emails from Inbox folder
2025-07-17 16:28:12 - outlook_service - DEBUG - _get_emails_from_multiple_files:1324 - Successfully read emails_sent_items.json with encoding: utf-8
2025-07-17 16:28:12 - outlook_service - DEBUG - _get_emails_from_multiple_files:1364 - Loaded 1 emails from Sent Items folder
2025-07-17 16:28:12 - outlook_service - DEBUG - _get_emails_from_multiple_files:1378 - Consolidated 14 emails from 4 folders
2025-07-17 16:28:12 - outlook_service - DEBUG - get_emails_list:1499 - Returning 7 emails (page 1/1)
2025-07-17 16:28:12 - outlook_service - DEBUG - get_emails_data:1273 - === Loading emails data ===
2025-07-17 16:28:12 - outlook_service - INFO - get_emails_data:1280 - Found 4 folder-specific email files
2025-07-17 16:28:12 - outlook_service - DEBUG - get_emails_data:1281 - Folder files: ['emails_deleted_items.json', 'emails_drafts.json', 'emails_inbox.json', 'emails_sent_items.json']
2025-07-17 16:28:12 - outlook_service - DEBUG - _get_emails_from_multiple_files:1324 - Successfully read emails_deleted_items.json with encoding: cp1252
2025-07-17 16:28:12 - outlook_service - DEBUG - _get_emails_from_multiple_files:1364 - Loaded 5 emails from Deleted Items folder
2025-07-17 16:28:12 - outlook_service - DEBUG - _get_emails_from_multiple_files:1324 - Successfully read emails_drafts.json with encoding: utf-8
2025-07-17 16:28:12 - outlook_service - DEBUG - _get_emails_from_multiple_files:1364 - Loaded 1 emails from Drafts folder
2025-07-17 16:28:12 - outlook_service - DEBUG - _get_emails_from_multiple_files:1324 - Successfully read emails_inbox.json with encoding: cp1252
2025-07-17 16:28:12 - outlook_service - DEBUG - _get_emails_from_multiple_files:1364 - Loaded 7 emails from Inbox folder
2025-07-17 16:28:12 - outlook_service - DEBUG - _get_emails_from_multiple_files:1324 - Successfully read emails_sent_items.json with encoding: utf-8
2025-07-17 16:28:12 - outlook_service - DEBUG - _get_emails_from_multiple_files:1364 - Loaded 1 emails from Sent Items folder
2025-07-17 16:28:12 - outlook_service - DEBUG - _get_emails_from_multiple_files:1378 - Consolidated 14 emails from 4 folders
2025-07-17 16:28:12 - outlook_service - DEBUG - _initialize_com:178 - === COM Interface Initialization ===
2025-07-17 16:28:12 - outlook_service - INFO - _initialize_com:190 - Starting COM interface initialization...
2025-07-17 16:28:12 - outlook_service - DEBUG - _initialize_com:191 - Calling pythoncom.CoInitialize()
2025-07-17 16:28:12 - outlook_service - DEBUG - _initialize_com:194 - Dispatching Outlook.Application
2025-07-17 16:28:12 - outlook_service - DEBUG - _initialize_com:197 - Getting MAPI namespace
2025-07-17 16:28:12 - outlook_service - INFO - _initialize_com:201 - COM interface initialized successfully
2025-07-17 16:28:12 - outlook_service - INFO - _initialize_com:206 - Connected to Outlook version: 16.0.0.18925
2025-07-17 16:28:12 - outlook_service - DEBUG - _cleanup_com:227 - COM interface cleaned up
2025-07-17 16:28:14 - outlook_service - INFO - __init__:136 - === Initializing OutlookService ===
2025-07-17 16:28:14 - outlook_service - DEBUG - __init__:137 - Service initialization started at 2025-07-17 16:28:14.859779
2025-07-17 16:28:14 - outlook_service - INFO - __init__:146 - OutlookService configured for user: user1
2025-07-17 16:28:14 - outlook_service - DEBUG - __init__:147 - Base path: C:\Users\user1\Desktop\normie\outlook\analyze\mail
2025-07-17 16:28:14 - outlook_service - DEBUG - __init__:148 - Emails file: C:\Users\user1\Desktop\normie\outlook\analyze\mail\emails.json
2025-07-17 16:28:14 - outlook_service - DEBUG - __init__:149 - Data folder: C:\Users\user1\Desktop\normie\outlook\analyze\mail\data
2025-07-17 16:28:14 - outlook_service - INFO - __init__:156 - COM interface availability: True
2025-07-17 16:28:14 - outlook_service - INFO - __init__:160 - Base path exists: C:\Users\user1\Desktop\normie\outlook\analyze\mail
2025-07-17 16:28:14 - outlook_service - INFO - __init__:168 - Emails file not found: C:\Users\user1\Desktop\normie\outlook\analyze\mail\emails.json
2025-07-17 16:28:14 - outlook_service - INFO - __init__:170 - OutlookService initialization completed successfully
2025-07-17 16:28:14 - outlook_service - DEBUG - get_emails_data:1273 - === Loading emails data ===
2025-07-17 16:28:14 - outlook_service - INFO - get_emails_data:1280 - Found 4 folder-specific email files
2025-07-17 16:28:14 - outlook_service - DEBUG - get_emails_data:1281 - Folder files: ['emails_deleted_items.json', 'emails_drafts.json', 'emails_inbox.json', 'emails_sent_items.json']
2025-07-17 16:28:14 - outlook_service - DEBUG - _get_emails_from_multiple_files:1324 - Successfully read emails_deleted_items.json with encoding: cp1252
2025-07-17 16:28:14 - outlook_service - DEBUG - _get_emails_from_multiple_files:1364 - Loaded 5 emails from Deleted Items folder
2025-07-17 16:28:14 - outlook_service - DEBUG - _get_emails_from_multiple_files:1324 - Successfully read emails_drafts.json with encoding: utf-8
2025-07-17 16:28:14 - outlook_service - DEBUG - _get_emails_from_multiple_files:1364 - Loaded 1 emails from Drafts folder
2025-07-17 16:28:14 - outlook_service - DEBUG - _get_emails_from_multiple_files:1324 - Successfully read emails_inbox.json with encoding: cp1252
2025-07-17 16:28:14 - outlook_service - DEBUG - _get_emails_from_multiple_files:1364 - Loaded 7 emails from Inbox folder
2025-07-17 16:28:14 - outlook_service - DEBUG - _get_emails_from_multiple_files:1324 - Successfully read emails_sent_items.json with encoding: utf-8
2025-07-17 16:28:14 - outlook_service - DEBUG - _get_emails_from_multiple_files:1364 - Loaded 1 emails from Sent Items folder
2025-07-17 16:28:14 - outlook_service - DEBUG - _get_emails_from_multiple_files:1378 - Consolidated 14 emails from 4 folders
2025-07-17 16:28:14 - outlook_service - DEBUG - get_emails_list:1499 - Returning 7 emails (page 1/1)
2025-07-17 16:28:14 - outlook_service - DEBUG - get_emails_data:1273 - === Loading emails data ===
2025-07-17 16:28:14 - outlook_service - INFO - get_emails_data:1280 - Found 4 folder-specific email files
2025-07-17 16:28:14 - outlook_service - DEBUG - get_emails_data:1281 - Folder files: ['emails_deleted_items.json', 'emails_drafts.json', 'emails_inbox.json', 'emails_sent_items.json']
2025-07-17 16:28:14 - outlook_service - DEBUG - _get_emails_from_multiple_files:1324 - Successfully read emails_deleted_items.json with encoding: cp1252
2025-07-17 16:28:14 - outlook_service - DEBUG - _get_emails_from_multiple_files:1364 - Loaded 5 emails from Deleted Items folder
2025-07-17 16:28:14 - outlook_service - DEBUG - _get_emails_from_multiple_files:1324 - Successfully read emails_drafts.json with encoding: utf-8
2025-07-17 16:28:14 - outlook_service - DEBUG - _get_emails_from_multiple_files:1364 - Loaded 1 emails from Drafts folder
2025-07-17 16:28:14 - outlook_service - DEBUG - _get_emails_from_multiple_files:1324 - Successfully read emails_inbox.json with encoding: cp1252
2025-07-17 16:28:14 - outlook_service - DEBUG - _get_emails_from_multiple_files:1364 - Loaded 7 emails from Inbox folder
2025-07-17 16:28:14 - outlook_service - DEBUG - _get_emails_from_multiple_files:1324 - Successfully read emails_sent_items.json with encoding: utf-8
2025-07-17 16:28:14 - outlook_service - DEBUG - _get_emails_from_multiple_files:1364 - Loaded 1 emails from Sent Items folder
2025-07-17 16:28:14 - outlook_service - DEBUG - _get_emails_from_multiple_files:1378 - Consolidated 14 emails from 4 folders
2025-07-17 16:28:14 - outlook_service - DEBUG - _initialize_com:178 - === COM Interface Initialization ===
2025-07-17 16:28:14 - outlook_service - INFO - _initialize_com:190 - Starting COM interface initialization...
2025-07-17 16:28:14 - outlook_service - DEBUG - _initialize_com:191 - Calling pythoncom.CoInitialize()
2025-07-17 16:28:14 - outlook_service - DEBUG - _initialize_com:194 - Dispatching Outlook.Application
2025-07-17 16:28:14 - outlook_service - DEBUG - _initialize_com:197 - Getting MAPI namespace
2025-07-17 16:28:14 - outlook_service - INFO - _initialize_com:201 - COM interface initialized successfully
2025-07-17 16:28:14 - outlook_service - INFO - _initialize_com:206 - Connected to Outlook version: 16.0.0.18925
2025-07-17 16:28:14 - outlook_service - DEBUG - _cleanup_com:227 - COM interface cleaned up
2025-07-17 16:28:18 - outlook_service - INFO - __init__:136 - === Initializing OutlookService ===
2025-07-17 16:28:18 - outlook_service - DEBUG - __init__:137 - Service initialization started at 2025-07-17 16:28:18.212154
2025-07-17 16:28:18 - outlook_service - INFO - __init__:146 - OutlookService configured for user: user1
2025-07-17 16:28:18 - outlook_service - DEBUG - __init__:147 - Base path: C:\Users\user1\Desktop\normie\outlook\analyze\mail
2025-07-17 16:28:18 - outlook_service - DEBUG - __init__:148 - Emails file: C:\Users\user1\Desktop\normie\outlook\analyze\mail\emails.json
2025-07-17 16:28:18 - outlook_service - DEBUG - __init__:149 - Data folder: C:\Users\user1\Desktop\normie\outlook\analyze\mail\data
2025-07-17 16:28:18 - outlook_service - INFO - __init__:156 - COM interface availability: True
2025-07-17 16:28:18 - outlook_service - INFO - __init__:160 - Base path exists: C:\Users\user1\Desktop\normie\outlook\analyze\mail
2025-07-17 16:28:18 - outlook_service - INFO - __init__:168 - Emails file not found: C:\Users\user1\Desktop\normie\outlook\analyze\mail\emails.json
2025-07-17 16:28:18 - outlook_service - INFO - __init__:170 - OutlookService initialization completed successfully
2025-07-17 16:28:18 - outlook_service - DEBUG - get_emails_data:1273 - === Loading emails data ===
2025-07-17 16:28:18 - outlook_service - INFO - get_emails_data:1280 - Found 4 folder-specific email files
2025-07-17 16:28:18 - outlook_service - DEBUG - get_emails_data:1281 - Folder files: ['emails_deleted_items.json', 'emails_drafts.json', 'emails_inbox.json', 'emails_sent_items.json']
2025-07-17 16:28:18 - outlook_service - DEBUG - _get_emails_from_multiple_files:1324 - Successfully read emails_deleted_items.json with encoding: cp1252
2025-07-17 16:28:18 - outlook_service - DEBUG - _get_emails_from_multiple_files:1364 - Loaded 5 emails from Deleted Items folder
2025-07-17 16:28:18 - outlook_service - DEBUG - _get_emails_from_multiple_files:1324 - Successfully read emails_drafts.json with encoding: utf-8
2025-07-17 16:28:18 - outlook_service - DEBUG - _get_emails_from_multiple_files:1364 - Loaded 1 emails from Drafts folder
2025-07-17 16:28:18 - outlook_service - DEBUG - _get_emails_from_multiple_files:1324 - Successfully read emails_inbox.json with encoding: cp1252
2025-07-17 16:28:18 - outlook_service - DEBUG - _get_emails_from_multiple_files:1364 - Loaded 7 emails from Inbox folder
2025-07-17 16:28:18 - outlook_service - DEBUG - _get_emails_from_multiple_files:1324 - Successfully read emails_sent_items.json with encoding: utf-8
2025-07-17 16:28:18 - outlook_service - DEBUG - _get_emails_from_multiple_files:1364 - Loaded 1 emails from Sent Items folder
2025-07-17 16:28:18 - outlook_service - DEBUG - _get_emails_from_multiple_files:1378 - Consolidated 14 emails from 4 folders
2025-07-17 16:28:18 - outlook_service - INFO - __init__:136 - === Initializing OutlookService ===
2025-07-17 16:28:18 - outlook_service - DEBUG - __init__:137 - Service initialization started at 2025-07-17 16:28:18.595203
2025-07-17 16:28:18 - outlook_service - INFO - __init__:146 - OutlookService configured for user: user1
2025-07-17 16:28:18 - outlook_service - DEBUG - __init__:147 - Base path: C:\Users\user1\Desktop\normie\outlook\analyze\mail
2025-07-17 16:28:18 - outlook_service - DEBUG - __init__:148 - Emails file: C:\Users\user1\Desktop\normie\outlook\analyze\mail\emails.json
2025-07-17 16:28:18 - outlook_service - DEBUG - __init__:149 - Data folder: C:\Users\user1\Desktop\normie\outlook\analyze\mail\data
2025-07-17 16:28:18 - outlook_service - INFO - __init__:156 - COM interface availability: True
2025-07-17 16:28:18 - outlook_service - INFO - __init__:160 - Base path exists: C:\Users\user1\Desktop\normie\outlook\analyze\mail
2025-07-17 16:28:18 - outlook_service - INFO - __init__:168 - Emails file not found: C:\Users\user1\Desktop\normie\outlook\analyze\mail\emails.json
2025-07-17 16:28:18 - outlook_service - INFO - __init__:170 - OutlookService initialization completed successfully
2025-07-17 16:28:18 - outlook_service - INFO - mark_email_read:796 - === Attempting to mark email as read: 00000000B800AE0BE923A449A7AE2D11CB7614360700C3B68E10F77511CEB4CD00AA00BBB6E600000000000C0000D9539C2261A6BB45B9DAB62C7081B3C10100070000000000 ===
2025-07-17 16:28:18 - outlook_service - DEBUG - get_emails_data:1273 - === Loading emails data ===
2025-07-17 16:28:18 - outlook_service - INFO - get_emails_data:1280 - Found 4 folder-specific email files
2025-07-17 16:28:18 - outlook_service - DEBUG - get_emails_data:1281 - Folder files: ['emails_deleted_items.json', 'emails_drafts.json', 'emails_inbox.json', 'emails_sent_items.json']
2025-07-17 16:28:18 - outlook_service - DEBUG - _get_emails_from_multiple_files:1324 - Successfully read emails_deleted_items.json with encoding: cp1252
2025-07-17 16:28:18 - outlook_service - DEBUG - _get_emails_from_multiple_files:1364 - Loaded 5 emails from Deleted Items folder
2025-07-17 16:28:18 - outlook_service - DEBUG - _get_emails_from_multiple_files:1324 - Successfully read emails_drafts.json with encoding: utf-8
2025-07-17 16:28:18 - outlook_service - DEBUG - _get_emails_from_multiple_files:1364 - Loaded 1 emails from Drafts folder
2025-07-17 16:28:18 - outlook_service - DEBUG - _get_emails_from_multiple_files:1324 - Successfully read emails_inbox.json with encoding: cp1252
2025-07-17 16:28:18 - outlook_service - DEBUG - _get_emails_from_multiple_files:1364 - Loaded 7 emails from Inbox folder
2025-07-17 16:28:18 - outlook_service - DEBUG - _get_emails_from_multiple_files:1324 - Successfully read emails_sent_items.json with encoding: utf-8
2025-07-17 16:28:18 - outlook_service - DEBUG - _get_emails_from_multiple_files:1364 - Loaded 1 emails from Sent Items folder
2025-07-17 16:28:18 - outlook_service - DEBUG - _get_emails_from_multiple_files:1378 - Consolidated 14 emails from 4 folders
2025-07-17 16:28:18 - outlook_service - INFO - mark_email_read:802 - Email to mark as read: 'Security alert...' from no-reply@accounts.google.com
2025-07-17 16:28:18 - outlook_service - DEBUG - mark_email_read:804 - Current email status: unread
2025-07-17 16:28:18 - outlook_service - DEBUG - mark_email_read:806 - Searching for email item in Outlook
2025-07-17 16:28:18 - outlook_service - DEBUG - _initialize_com:178 - === COM Interface Initialization ===
2025-07-17 16:28:18 - outlook_service - INFO - _initialize_com:190 - Starting COM interface initialization...
2025-07-17 16:28:18 - outlook_service - DEBUG - _initialize_com:191 - Calling pythoncom.CoInitialize()
2025-07-17 16:28:18 - outlook_service - DEBUG - _initialize_com:194 - Dispatching Outlook.Application
2025-07-17 16:28:18 - outlook_service - DEBUG - _initialize_com:197 - Getting MAPI namespace
2025-07-17 16:28:18 - outlook_service - INFO - _initialize_com:201 - COM interface initialized successfully
2025-07-17 16:28:18 - outlook_service - INFO - _initialize_com:206 - Connected to Outlook version: 16.0.0.18925
2025-07-17 16:28:18 - outlook_service - DEBUG - get_emails_data:1273 - === Loading emails data ===
2025-07-17 16:28:18 - outlook_service - INFO - get_emails_data:1280 - Found 4 folder-specific email files
2025-07-17 16:28:18 - outlook_service - DEBUG - get_emails_data:1281 - Folder files: ['emails_deleted_items.json', 'emails_drafts.json', 'emails_inbox.json', 'emails_sent_items.json']
2025-07-17 16:28:18 - outlook_service - DEBUG - _get_emails_from_multiple_files:1324 - Successfully read emails_deleted_items.json with encoding: cp1252
2025-07-17 16:28:18 - outlook_service - DEBUG - _get_emails_from_multiple_files:1364 - Loaded 5 emails from Deleted Items folder
2025-07-17 16:28:18 - outlook_service - DEBUG - _get_emails_from_multiple_files:1324 - Successfully read emails_drafts.json with encoding: utf-8
2025-07-17 16:28:18 - outlook_service - DEBUG - _get_emails_from_multiple_files:1364 - Loaded 1 emails from Drafts folder
2025-07-17 16:28:18 - outlook_service - DEBUG - _get_emails_from_multiple_files:1324 - Successfully read emails_inbox.json with encoding: cp1252
2025-07-17 16:28:18 - outlook_service - DEBUG - _get_emails_from_multiple_files:1364 - Loaded 7 emails from Inbox folder
2025-07-17 16:28:18 - outlook_service - DEBUG - _get_emails_from_multiple_files:1324 - Successfully read emails_sent_items.json with encoding: utf-8
2025-07-17 16:28:18 - outlook_service - DEBUG - _get_emails_from_multiple_files:1364 - Loaded 1 emails from Sent Items folder
2025-07-17 16:28:18 - outlook_service - DEBUG - _get_emails_from_multiple_files:1378 - Consolidated 14 emails from 4 folders
2025-07-17 16:28:18 - outlook_service - DEBUG - _find_email_by_id:299 - Searching for email using native identifiers:
2025-07-17 16:28:18 - outlook_service - DEBUG - _find_email_by_id:300 -   EntryID: 00000000B800AE0BE923A449A7AE2D11CB7614360700C3B68E...
2025-07-17 16:28:18 - outlook_service - DEBUG - _find_email_by_id:301 -   MessageID: <sxtxzCRipLpb0k66cqNrpA@notifications.google.com>...
2025-07-17 16:28:18 - outlook_service - DEBUG - _find_email_by_id:302 -   ConversationID: 6931AB7732075C22ED0D...
2025-07-17 16:28:18 - outlook_service - DEBUG - _find_email_by_id:307 - Attempting direct EntryID lookup...
2025-07-17 16:28:18 - outlook_service - INFO - _find_email_by_id:310 - Found email using EntryID: Security alert...
2025-07-17 16:28:18 - outlook_service - DEBUG - mark_email_read:814 - Setting UnRead property to False
2025-07-17 16:28:18 - outlook_service - DEBUG - mark_email_read:816 - Saving email changes
2025-07-17 16:28:18 - outlook_service - INFO - mark_email_read:819 - ✅ Email marked as read in Outlook successfully: 00000000B800AE0BE923A449A7AE2D11CB7614360700C3B68E10F77511CEB4CD00AA00BBB6E600000000000C0000D9539C2261A6BB45B9DAB62C7081B3C10100070000000000
2025-07-17 16:28:18 - outlook_service - DEBUG - mark_email_read:822 - Updating JSON files to reflect read status change
2025-07-17 16:28:18 - outlook_service - DEBUG - _update_multifile_read_status:512 - Updated email 00000000B800AE0BE923A449A7AE2D11CB7614360700C3B68E10F77511CEB4CD00AA00BBB6E600000000000C0000D9539C2261A6BB45B9DAB62C7081B3C10100070000000000 to read in emails_inbox.json
2025-07-17 16:28:18 - outlook_service - INFO - _update_multifile_read_status:524 - 📝 Updated emails_inbox.json - marked email as read
2025-07-17 16:28:18 - outlook_service - INFO - _update_multifile_read_status:532 - ✅ Successfully updated read status in 1 JSON file(s)
2025-07-17 16:28:18 - outlook_service - INFO - mark_email_read:826 - 🔄 JSON files synchronized - email status updated in data files
2025-07-17 16:28:18 - outlook_service - DEBUG - _cleanup_com:227 - COM interface cleaned up
2025-07-17 16:28:26 - outlook_service - INFO - __init__:136 - === Initializing OutlookService ===
2025-07-17 16:28:26 - outlook_service - DEBUG - __init__:137 - Service initialization started at 2025-07-17 16:28:26.602977
2025-07-17 16:28:26 - outlook_service - INFO - __init__:146 - OutlookService configured for user: user1
2025-07-17 16:28:26 - outlook_service - DEBUG - __init__:147 - Base path: C:\Users\user1\Desktop\normie\outlook\analyze\mail
2025-07-17 16:28:26 - outlook_service - DEBUG - __init__:148 - Emails file: C:\Users\user1\Desktop\normie\outlook\analyze\mail\emails.json
2025-07-17 16:28:26 - outlook_service - DEBUG - __init__:149 - Data folder: C:\Users\user1\Desktop\normie\outlook\analyze\mail\data
2025-07-17 16:28:26 - outlook_service - INFO - __init__:156 - COM interface availability: True
2025-07-17 16:28:26 - outlook_service - INFO - __init__:160 - Base path exists: C:\Users\user1\Desktop\normie\outlook\analyze\mail
2025-07-17 16:28:26 - outlook_service - INFO - __init__:168 - Emails file not found: C:\Users\user1\Desktop\normie\outlook\analyze\mail\emails.json
2025-07-17 16:28:26 - outlook_service - INFO - __init__:170 - OutlookService initialization completed successfully
2025-07-17 16:28:26 - outlook_service - DEBUG - get_emails_data:1273 - === Loading emails data ===
2025-07-17 16:28:26 - outlook_service - INFO - get_emails_data:1280 - Found 4 folder-specific email files
2025-07-17 16:28:26 - outlook_service - DEBUG - get_emails_data:1281 - Folder files: ['emails_deleted_items.json', 'emails_drafts.json', 'emails_inbox.json', 'emails_sent_items.json']
2025-07-17 16:28:26 - outlook_service - DEBUG - _get_emails_from_multiple_files:1324 - Successfully read emails_deleted_items.json with encoding: cp1252
2025-07-17 16:28:26 - outlook_service - DEBUG - _get_emails_from_multiple_files:1364 - Loaded 5 emails from Deleted Items folder
2025-07-17 16:28:26 - outlook_service - DEBUG - _get_emails_from_multiple_files:1324 - Successfully read emails_drafts.json with encoding: utf-8
2025-07-17 16:28:26 - outlook_service - DEBUG - _get_emails_from_multiple_files:1364 - Loaded 1 emails from Drafts folder
2025-07-17 16:28:26 - outlook_service - DEBUG - _get_emails_from_multiple_files:1324 - Successfully read emails_inbox.json with encoding: utf-8
2025-07-17 16:28:26 - outlook_service - DEBUG - _get_emails_from_multiple_files:1364 - Loaded 7 emails from Inbox folder
2025-07-17 16:28:26 - outlook_service - DEBUG - _get_emails_from_multiple_files:1324 - Successfully read emails_sent_items.json with encoding: utf-8
2025-07-17 16:28:26 - outlook_service - DEBUG - _get_emails_from_multiple_files:1364 - Loaded 1 emails from Sent Items folder
2025-07-17 16:28:26 - outlook_service - DEBUG - _get_emails_from_multiple_files:1378 - Consolidated 14 emails from 4 folders
2025-07-17 16:28:26 - outlook_service - INFO - __init__:136 - === Initializing OutlookService ===
2025-07-17 16:28:26 - outlook_service - DEBUG - __init__:137 - Service initialization started at 2025-07-17 16:28:26.702665
2025-07-17 16:28:26 - outlook_service - INFO - __init__:146 - OutlookService configured for user: user1
2025-07-17 16:28:26 - outlook_service - DEBUG - __init__:147 - Base path: C:\Users\user1\Desktop\normie\outlook\analyze\mail
2025-07-17 16:28:26 - outlook_service - DEBUG - __init__:148 - Emails file: C:\Users\user1\Desktop\normie\outlook\analyze\mail\emails.json
2025-07-17 16:28:26 - outlook_service - DEBUG - __init__:149 - Data folder: C:\Users\user1\Desktop\normie\outlook\analyze\mail\data
2025-07-17 16:28:26 - outlook_service - INFO - __init__:156 - COM interface availability: True
2025-07-17 16:28:26 - outlook_service - INFO - __init__:160 - Base path exists: C:\Users\user1\Desktop\normie\outlook\analyze\mail
2025-07-17 16:28:26 - outlook_service - INFO - __init__:168 - Emails file not found: C:\Users\user1\Desktop\normie\outlook\analyze\mail\emails.json
2025-07-17 16:28:26 - outlook_service - INFO - __init__:170 - OutlookService initialization completed successfully
2025-07-17 16:28:26 - outlook_service - INFO - mark_email_read:796 - === Attempting to mark email as read: 00000000B800AE0BE923A449A7AE2D11CB7614360700C3B68E10F77511CEB4CD00AA00BBB6E600000000000C0000D9539C2261A6BB45B9DAB62C7081B3C10100070000000000 ===
2025-07-17 16:28:26 - outlook_service - DEBUG - get_emails_data:1273 - === Loading emails data ===
2025-07-17 16:28:26 - outlook_service - INFO - get_emails_data:1280 - Found 4 folder-specific email files
2025-07-17 16:28:26 - outlook_service - DEBUG - get_emails_data:1281 - Folder files: ['emails_deleted_items.json', 'emails_drafts.json', 'emails_inbox.json', 'emails_sent_items.json']
2025-07-17 16:28:26 - outlook_service - DEBUG - _get_emails_from_multiple_files:1324 - Successfully read emails_deleted_items.json with encoding: cp1252
2025-07-17 16:28:26 - outlook_service - DEBUG - _get_emails_from_multiple_files:1364 - Loaded 5 emails from Deleted Items folder
2025-07-17 16:28:26 - outlook_service - DEBUG - _get_emails_from_multiple_files:1324 - Successfully read emails_drafts.json with encoding: utf-8
2025-07-17 16:28:26 - outlook_service - DEBUG - _get_emails_from_multiple_files:1364 - Loaded 1 emails from Drafts folder
2025-07-17 16:28:26 - outlook_service - DEBUG - _get_emails_from_multiple_files:1324 - Successfully read emails_inbox.json with encoding: utf-8
2025-07-17 16:28:26 - outlook_service - DEBUG - _get_emails_from_multiple_files:1364 - Loaded 7 emails from Inbox folder
2025-07-17 16:28:26 - outlook_service - DEBUG - _get_emails_from_multiple_files:1324 - Successfully read emails_sent_items.json with encoding: utf-8
2025-07-17 16:28:26 - outlook_service - DEBUG - _get_emails_from_multiple_files:1364 - Loaded 1 emails from Sent Items folder
2025-07-17 16:28:26 - outlook_service - DEBUG - _get_emails_from_multiple_files:1378 - Consolidated 14 emails from 4 folders
2025-07-17 16:28:26 - outlook_service - INFO - mark_email_read:802 - Email to mark as read: 'Security alert...' from no-reply@accounts.google.com
2025-07-17 16:28:26 - outlook_service - DEBUG - mark_email_read:804 - Current email status: read
2025-07-17 16:28:26 - outlook_service - DEBUG - mark_email_read:806 - Searching for email item in Outlook
2025-07-17 16:28:26 - outlook_service - DEBUG - _initialize_com:178 - === COM Interface Initialization ===
2025-07-17 16:28:26 - outlook_service - INFO - _initialize_com:190 - Starting COM interface initialization...
2025-07-17 16:28:26 - outlook_service - DEBUG - _initialize_com:191 - Calling pythoncom.CoInitialize()
2025-07-17 16:28:26 - outlook_service - DEBUG - _initialize_com:194 - Dispatching Outlook.Application
2025-07-17 16:28:26 - outlook_service - DEBUG - _initialize_com:197 - Getting MAPI namespace
2025-07-17 16:28:26 - outlook_service - INFO - _initialize_com:201 - COM interface initialized successfully
2025-07-17 16:28:26 - outlook_service - INFO - _initialize_com:206 - Connected to Outlook version: 16.0.0.18925
2025-07-17 16:28:26 - outlook_service - DEBUG - get_emails_data:1273 - === Loading emails data ===
2025-07-17 16:28:26 - outlook_service - INFO - get_emails_data:1280 - Found 4 folder-specific email files
2025-07-17 16:28:26 - outlook_service - DEBUG - get_emails_data:1281 - Folder files: ['emails_deleted_items.json', 'emails_drafts.json', 'emails_inbox.json', 'emails_sent_items.json']
2025-07-17 16:28:26 - outlook_service - DEBUG - _get_emails_from_multiple_files:1324 - Successfully read emails_deleted_items.json with encoding: cp1252
2025-07-17 16:28:26 - outlook_service - DEBUG - _get_emails_from_multiple_files:1364 - Loaded 5 emails from Deleted Items folder
2025-07-17 16:28:26 - outlook_service - DEBUG - _get_emails_from_multiple_files:1324 - Successfully read emails_drafts.json with encoding: utf-8
2025-07-17 16:28:26 - outlook_service - DEBUG - _get_emails_from_multiple_files:1364 - Loaded 1 emails from Drafts folder
2025-07-17 16:28:26 - outlook_service - DEBUG - _get_emails_from_multiple_files:1324 - Successfully read emails_inbox.json with encoding: utf-8
2025-07-17 16:28:26 - outlook_service - DEBUG - _get_emails_from_multiple_files:1364 - Loaded 7 emails from Inbox folder
2025-07-17 16:28:26 - outlook_service - DEBUG - _get_emails_from_multiple_files:1324 - Successfully read emails_sent_items.json with encoding: utf-8
2025-07-17 16:28:26 - outlook_service - DEBUG - _get_emails_from_multiple_files:1364 - Loaded 1 emails from Sent Items folder
2025-07-17 16:28:26 - outlook_service - DEBUG - _get_emails_from_multiple_files:1378 - Consolidated 14 emails from 4 folders
2025-07-17 16:28:26 - outlook_service - DEBUG - _find_email_by_id:299 - Searching for email using native identifiers:
2025-07-17 16:28:26 - outlook_service - DEBUG - _find_email_by_id:300 -   EntryID: 00000000B800AE0BE923A449A7AE2D11CB7614360700C3B68E...
2025-07-17 16:28:26 - outlook_service - DEBUG - _find_email_by_id:301 -   MessageID: <sxtxzCRipLpb0k66cqNrpA@notifications.google.com>...
2025-07-17 16:28:26 - outlook_service - DEBUG - _find_email_by_id:302 -   ConversationID: 6931AB7732075C22ED0D...
2025-07-17 16:28:26 - outlook_service - DEBUG - _find_email_by_id:307 - Attempting direct EntryID lookup...
2025-07-17 16:28:26 - outlook_service - INFO - _find_email_by_id:310 - Found email using EntryID: Security alert...
2025-07-17 16:28:26 - outlook_service - DEBUG - mark_email_read:814 - Setting UnRead property to False
2025-07-17 16:28:26 - outlook_service - DEBUG - mark_email_read:816 - Saving email changes
2025-07-17 16:28:26 - outlook_service - INFO - mark_email_read:819 - ✅ Email marked as read in Outlook successfully: 00000000B800AE0BE923A449A7AE2D11CB7614360700C3B68E10F77511CEB4CD00AA00BBB6E600000000000C0000D9539C2261A6BB45B9DAB62C7081B3C10100070000000000
2025-07-17 16:28:26 - outlook_service - DEBUG - mark_email_read:822 - Updating JSON files to reflect read status change
2025-07-17 16:28:26 - outlook_service - DEBUG - _update_multifile_read_status:512 - Updated email 00000000B800AE0BE923A449A7AE2D11CB7614360700C3B68E10F77511CEB4CD00AA00BBB6E600000000000C0000D9539C2261A6BB45B9DAB62C7081B3C10100070000000000 to read in emails_inbox.json
2025-07-17 16:28:26 - outlook_service - INFO - _update_multifile_read_status:524 - 📝 Updated emails_inbox.json - marked email as read
2025-07-17 16:28:26 - outlook_service - INFO - _update_multifile_read_status:532 - ✅ Successfully updated read status in 1 JSON file(s)
2025-07-17 16:28:26 - outlook_service - INFO - mark_email_read:826 - 🔄 JSON files synchronized - email status updated in data files
2025-07-17 16:28:26 - outlook_service - DEBUG - _cleanup_com:227 - COM interface cleaned up
2025-07-17 16:28:35 - outlook_service - INFO - __init__:136 - === Initializing OutlookService ===
2025-07-17 16:28:35 - outlook_service - DEBUG - __init__:137 - Service initialization started at 2025-07-17 16:28:35.184068
2025-07-17 16:28:35 - outlook_service - INFO - __init__:146 - OutlookService configured for user: user1
2025-07-17 16:28:35 - outlook_service - DEBUG - __init__:147 - Base path: C:\Users\user1\Desktop\normie\outlook\analyze\mail
2025-07-17 16:28:35 - outlook_service - DEBUG - __init__:148 - Emails file: C:\Users\user1\Desktop\normie\outlook\analyze\mail\emails.json
2025-07-17 16:28:35 - outlook_service - DEBUG - __init__:149 - Data folder: C:\Users\user1\Desktop\normie\outlook\analyze\mail\data
2025-07-17 16:28:35 - outlook_service - INFO - __init__:156 - COM interface availability: True
2025-07-17 16:28:35 - outlook_service - INFO - __init__:160 - Base path exists: C:\Users\user1\Desktop\normie\outlook\analyze\mail
2025-07-17 16:28:35 - outlook_service - INFO - __init__:168 - Emails file not found: C:\Users\user1\Desktop\normie\outlook\analyze\mail\emails.json
2025-07-17 16:28:35 - outlook_service - INFO - __init__:170 - OutlookService initialization completed successfully
2025-07-17 16:28:35 - outlook_service - DEBUG - get_emails_data:1273 - === Loading emails data ===
2025-07-17 16:28:35 - outlook_service - INFO - get_emails_data:1280 - Found 4 folder-specific email files
2025-07-17 16:28:35 - outlook_service - DEBUG - get_emails_data:1281 - Folder files: ['emails_deleted_items.json', 'emails_drafts.json', 'emails_inbox.json', 'emails_sent_items.json']
2025-07-17 16:28:35 - outlook_service - DEBUG - _get_emails_from_multiple_files:1324 - Successfully read emails_deleted_items.json with encoding: cp1252
2025-07-17 16:28:35 - outlook_service - DEBUG - _get_emails_from_multiple_files:1364 - Loaded 5 emails from Deleted Items folder
2025-07-17 16:28:35 - outlook_service - DEBUG - _get_emails_from_multiple_files:1324 - Successfully read emails_drafts.json with encoding: utf-8
2025-07-17 16:28:35 - outlook_service - DEBUG - _get_emails_from_multiple_files:1364 - Loaded 1 emails from Drafts folder
2025-07-17 16:28:35 - outlook_service - DEBUG - _get_emails_from_multiple_files:1324 - Successfully read emails_inbox.json with encoding: utf-8
2025-07-17 16:28:35 - outlook_service - DEBUG - _get_emails_from_multiple_files:1364 - Loaded 7 emails from Inbox folder
2025-07-17 16:28:35 - outlook_service - DEBUG - _get_emails_from_multiple_files:1324 - Successfully read emails_sent_items.json with encoding: utf-8
2025-07-17 16:28:35 - outlook_service - DEBUG - _get_emails_from_multiple_files:1364 - Loaded 1 emails from Sent Items folder
2025-07-17 16:28:35 - outlook_service - DEBUG - _get_emails_from_multiple_files:1378 - Consolidated 14 emails from 4 folders
2025-07-17 16:28:35 - outlook_service - DEBUG - get_emails_list:1499 - Returning 7 emails (page 1/1)
2025-07-17 16:28:35 - outlook_service - DEBUG - get_emails_data:1273 - === Loading emails data ===
2025-07-17 16:28:35 - outlook_service - INFO - get_emails_data:1280 - Found 4 folder-specific email files
2025-07-17 16:28:35 - outlook_service - DEBUG - get_emails_data:1281 - Folder files: ['emails_deleted_items.json', 'emails_drafts.json', 'emails_inbox.json', 'emails_sent_items.json']
2025-07-17 16:28:35 - outlook_service - DEBUG - _get_emails_from_multiple_files:1324 - Successfully read emails_deleted_items.json with encoding: cp1252
2025-07-17 16:28:35 - outlook_service - DEBUG - _get_emails_from_multiple_files:1364 - Loaded 5 emails from Deleted Items folder
2025-07-17 16:28:35 - outlook_service - DEBUG - _get_emails_from_multiple_files:1324 - Successfully read emails_drafts.json with encoding: utf-8
2025-07-17 16:28:35 - outlook_service - DEBUG - _get_emails_from_multiple_files:1364 - Loaded 1 emails from Drafts folder
2025-07-17 16:28:35 - outlook_service - DEBUG - _get_emails_from_multiple_files:1324 - Successfully read emails_inbox.json with encoding: utf-8
2025-07-17 16:28:35 - outlook_service - DEBUG - _get_emails_from_multiple_files:1364 - Loaded 7 emails from Inbox folder
2025-07-17 16:28:35 - outlook_service - DEBUG - _get_emails_from_multiple_files:1324 - Successfully read emails_sent_items.json with encoding: utf-8
2025-07-17 16:28:35 - outlook_service - DEBUG - _get_emails_from_multiple_files:1364 - Loaded 1 emails from Sent Items folder
2025-07-17 16:28:35 - outlook_service - DEBUG - _get_emails_from_multiple_files:1378 - Consolidated 14 emails from 4 folders
2025-07-17 16:28:40 - outlook_service - INFO - __init__:136 - === Initializing OutlookService ===
2025-07-17 16:28:40 - outlook_service - DEBUG - __init__:137 - Service initialization started at 2025-07-17 16:28:40.067125
2025-07-17 16:28:40 - outlook_service - INFO - __init__:146 - OutlookService configured for user: user1
2025-07-17 16:28:40 - outlook_service - DEBUG - __init__:147 - Base path: C:\Users\user1\Desktop\normie\outlook\analyze\mail
2025-07-17 16:28:40 - outlook_service - DEBUG - __init__:148 - Emails file: C:\Users\user1\Desktop\normie\outlook\analyze\mail\emails.json
2025-07-17 16:28:40 - outlook_service - DEBUG - __init__:149 - Data folder: C:\Users\user1\Desktop\normie\outlook\analyze\mail\data
2025-07-17 16:28:40 - outlook_service - INFO - __init__:156 - COM interface availability: True
2025-07-17 16:28:40 - outlook_service - INFO - __init__:160 - Base path exists: C:\Users\user1\Desktop\normie\outlook\analyze\mail
2025-07-17 16:28:40 - outlook_service - INFO - __init__:168 - Emails file not found: C:\Users\user1\Desktop\normie\outlook\analyze\mail\emails.json
2025-07-17 16:28:40 - outlook_service - INFO - __init__:170 - OutlookService initialization completed successfully
2025-07-17 16:28:40 - outlook_service - DEBUG - get_emails_data:1273 - === Loading emails data ===
2025-07-17 16:28:40 - outlook_service - INFO - get_emails_data:1280 - Found 4 folder-specific email files
2025-07-17 16:28:40 - outlook_service - DEBUG - get_emails_data:1281 - Folder files: ['emails_deleted_items.json', 'emails_drafts.json', 'emails_inbox.json', 'emails_sent_items.json']
2025-07-17 16:28:40 - outlook_service - DEBUG - _get_emails_from_multiple_files:1324 - Successfully read emails_deleted_items.json with encoding: cp1252
2025-07-17 16:28:40 - outlook_service - DEBUG - _get_emails_from_multiple_files:1364 - Loaded 5 emails from Deleted Items folder
2025-07-17 16:28:40 - outlook_service - DEBUG - _get_emails_from_multiple_files:1324 - Successfully read emails_drafts.json with encoding: utf-8
2025-07-17 16:28:40 - outlook_service - DEBUG - _get_emails_from_multiple_files:1364 - Loaded 1 emails from Drafts folder
2025-07-17 16:28:40 - outlook_service - DEBUG - _get_emails_from_multiple_files:1324 - Successfully read emails_inbox.json with encoding: utf-8
2025-07-17 16:28:40 - outlook_service - DEBUG - _get_emails_from_multiple_files:1364 - Loaded 7 emails from Inbox folder
2025-07-17 16:28:40 - outlook_service - DEBUG - _get_emails_from_multiple_files:1324 - Successfully read emails_sent_items.json with encoding: utf-8
2025-07-17 16:28:40 - outlook_service - DEBUG - _get_emails_from_multiple_files:1364 - Loaded 1 emails from Sent Items folder
2025-07-17 16:28:40 - outlook_service - DEBUG - _get_emails_from_multiple_files:1378 - Consolidated 14 emails from 4 folders
2025-07-17 16:28:40 - outlook_service - INFO - __init__:136 - === Initializing OutlookService ===
2025-07-17 16:28:40 - outlook_service - DEBUG - __init__:137 - Service initialization started at 2025-07-17 16:28:40.152459
2025-07-17 16:28:40 - outlook_service - INFO - __init__:146 - OutlookService configured for user: user1
2025-07-17 16:28:40 - outlook_service - DEBUG - __init__:147 - Base path: C:\Users\user1\Desktop\normie\outlook\analyze\mail
2025-07-17 16:28:40 - outlook_service - DEBUG - __init__:148 - Emails file: C:\Users\user1\Desktop\normie\outlook\analyze\mail\emails.json
2025-07-17 16:28:40 - outlook_service - DEBUG - __init__:149 - Data folder: C:\Users\user1\Desktop\normie\outlook\analyze\mail\data
2025-07-17 16:28:40 - outlook_service - INFO - __init__:156 - COM interface availability: True
2025-07-17 16:28:40 - outlook_service - INFO - __init__:160 - Base path exists: C:\Users\user1\Desktop\normie\outlook\analyze\mail
2025-07-17 16:28:40 - outlook_service - INFO - __init__:168 - Emails file not found: C:\Users\user1\Desktop\normie\outlook\analyze\mail\emails.json
2025-07-17 16:28:40 - outlook_service - INFO - __init__:170 - OutlookService initialization completed successfully
2025-07-17 16:28:40 - outlook_service - INFO - mark_email_read:796 - === Attempting to mark email as read: 00000000B800AE0BE923A449A7AE2D11CB7614360700C3B68E10F77511CEB4CD00AA00BBB6E600000000000C0000D9539C2261A6BB45B9DAB62C7081B3C101000C0000000000 ===
2025-07-17 16:28:40 - outlook_service - DEBUG - get_emails_data:1273 - === Loading emails data ===
2025-07-17 16:28:40 - outlook_service - INFO - get_emails_data:1280 - Found 4 folder-specific email files
2025-07-17 16:28:40 - outlook_service - DEBUG - get_emails_data:1281 - Folder files: ['emails_deleted_items.json', 'emails_drafts.json', 'emails_inbox.json', 'emails_sent_items.json']
2025-07-17 16:28:40 - outlook_service - DEBUG - _get_emails_from_multiple_files:1324 - Successfully read emails_deleted_items.json with encoding: cp1252
2025-07-17 16:28:40 - outlook_service - DEBUG - _get_emails_from_multiple_files:1364 - Loaded 5 emails from Deleted Items folder
2025-07-17 16:28:40 - outlook_service - DEBUG - _get_emails_from_multiple_files:1324 - Successfully read emails_drafts.json with encoding: utf-8
2025-07-17 16:28:40 - outlook_service - DEBUG - _get_emails_from_multiple_files:1364 - Loaded 1 emails from Drafts folder
2025-07-17 16:28:40 - outlook_service - DEBUG - _get_emails_from_multiple_files:1324 - Successfully read emails_inbox.json with encoding: utf-8
2025-07-17 16:28:40 - outlook_service - DEBUG - _get_emails_from_multiple_files:1364 - Loaded 7 emails from Inbox folder
2025-07-17 16:28:40 - outlook_service - DEBUG - _get_emails_from_multiple_files:1324 - Successfully read emails_sent_items.json with encoding: utf-8
2025-07-17 16:28:40 - outlook_service - DEBUG - _get_emails_from_multiple_files:1364 - Loaded 1 emails from Sent Items folder
2025-07-17 16:28:40 - outlook_service - DEBUG - _get_emails_from_multiple_files:1378 - Consolidated 14 emails from 4 folders
2025-07-17 16:28:40 - outlook_service - INFO - mark_email_read:802 - Email to mark as read: 'Security alert...' from no-reply@accounts.google.com
2025-07-17 16:28:40 - outlook_service - DEBUG - mark_email_read:804 - Current email status: unread
2025-07-17 16:28:40 - outlook_service - DEBUG - mark_email_read:806 - Searching for email item in Outlook
2025-07-17 16:28:40 - outlook_service - DEBUG - _initialize_com:178 - === COM Interface Initialization ===
2025-07-17 16:28:40 - outlook_service - INFO - _initialize_com:190 - Starting COM interface initialization...
2025-07-17 16:28:40 - outlook_service - DEBUG - _initialize_com:191 - Calling pythoncom.CoInitialize()
2025-07-17 16:28:40 - outlook_service - DEBUG - _initialize_com:194 - Dispatching Outlook.Application
2025-07-17 16:28:40 - outlook_service - DEBUG - _initialize_com:197 - Getting MAPI namespace
2025-07-17 16:28:40 - outlook_service - INFO - _initialize_com:201 - COM interface initialized successfully
2025-07-17 16:28:40 - outlook_service - INFO - _initialize_com:206 - Connected to Outlook version: 16.0.0.18925
2025-07-17 16:28:40 - outlook_service - DEBUG - get_emails_data:1273 - === Loading emails data ===
2025-07-17 16:28:40 - outlook_service - INFO - get_emails_data:1280 - Found 4 folder-specific email files
2025-07-17 16:28:40 - outlook_service - DEBUG - get_emails_data:1281 - Folder files: ['emails_deleted_items.json', 'emails_drafts.json', 'emails_inbox.json', 'emails_sent_items.json']
2025-07-17 16:28:40 - outlook_service - DEBUG - _get_emails_from_multiple_files:1324 - Successfully read emails_deleted_items.json with encoding: cp1252
2025-07-17 16:28:40 - outlook_service - DEBUG - _get_emails_from_multiple_files:1364 - Loaded 5 emails from Deleted Items folder
2025-07-17 16:28:40 - outlook_service - DEBUG - _get_emails_from_multiple_files:1324 - Successfully read emails_drafts.json with encoding: utf-8
2025-07-17 16:28:40 - outlook_service - DEBUG - _get_emails_from_multiple_files:1364 - Loaded 1 emails from Drafts folder
2025-07-17 16:28:40 - outlook_service - DEBUG - _get_emails_from_multiple_files:1324 - Successfully read emails_inbox.json with encoding: utf-8
2025-07-17 16:28:40 - outlook_service - DEBUG - _get_emails_from_multiple_files:1364 - Loaded 7 emails from Inbox folder
2025-07-17 16:28:40 - outlook_service - DEBUG - _get_emails_from_multiple_files:1324 - Successfully read emails_sent_items.json with encoding: utf-8
2025-07-17 16:28:40 - outlook_service - DEBUG - _get_emails_from_multiple_files:1364 - Loaded 1 emails from Sent Items folder
2025-07-17 16:28:40 - outlook_service - DEBUG - _get_emails_from_multiple_files:1378 - Consolidated 14 emails from 4 folders
2025-07-17 16:28:40 - outlook_service - DEBUG - _find_email_by_id:299 - Searching for email using native identifiers:
2025-07-17 16:28:40 - outlook_service - DEBUG - _find_email_by_id:300 -   EntryID: 00000000B800AE0BE923A449A7AE2D11CB7614360700C3B68E...
2025-07-17 16:28:40 - outlook_service - DEBUG - _find_email_by_id:301 -   MessageID: <2lQs2izuK4x8kE58qHrsiA@notifications.google.com>...
2025-07-17 16:28:40 - outlook_service - DEBUG - _find_email_by_id:302 -   ConversationID: 71AC3EF7D75E9AACDDC8...
2025-07-17 16:28:40 - outlook_service - DEBUG - _find_email_by_id:307 - Attempting direct EntryID lookup...
2025-07-17 16:28:40 - outlook_service - INFO - _find_email_by_id:310 - Found email using EntryID: Security alert...
2025-07-17 16:28:40 - outlook_service - DEBUG - mark_email_read:814 - Setting UnRead property to False
2025-07-17 16:28:40 - outlook_service - DEBUG - mark_email_read:816 - Saving email changes
2025-07-17 16:28:40 - outlook_service - INFO - mark_email_read:819 - ✅ Email marked as read in Outlook successfully: 00000000B800AE0BE923A449A7AE2D11CB7614360700C3B68E10F77511CEB4CD00AA00BBB6E600000000000C0000D9539C2261A6BB45B9DAB62C7081B3C101000C0000000000
2025-07-17 16:28:40 - outlook_service - DEBUG - mark_email_read:822 - Updating JSON files to reflect read status change
2025-07-17 16:28:40 - outlook_service - DEBUG - _update_multifile_read_status:512 - Updated email 00000000B800AE0BE923A449A7AE2D11CB7614360700C3B68E10F77511CEB4CD00AA00BBB6E600000000000C0000D9539C2261A6BB45B9DAB62C7081B3C101000C0000000000 to read in emails_inbox.json
2025-07-17 16:28:40 - outlook_service - INFO - _update_multifile_read_status:524 - 📝 Updated emails_inbox.json - marked email as read
2025-07-17 16:28:40 - outlook_service - INFO - _update_multifile_read_status:532 - ✅ Successfully updated read status in 1 JSON file(s)
2025-07-17 16:28:40 - outlook_service - INFO - mark_email_read:826 - 🔄 JSON files synchronized - email status updated in data files
2025-07-17 16:28:40 - outlook_service - DEBUG - _cleanup_com:227 - COM interface cleaned up
2025-07-17 16:28:52 - outlook_service - INFO - __init__:136 - === Initializing OutlookService ===
2025-07-17 16:28:52 - outlook_service - DEBUG - __init__:137 - Service initialization started at 2025-07-17 16:28:52.434771
2025-07-17 16:28:52 - outlook_service - INFO - __init__:146 - OutlookService configured for user: user1
2025-07-17 16:28:52 - outlook_service - DEBUG - __init__:147 - Base path: C:\Users\user1\Desktop\normie\outlook\analyze\mail
2025-07-17 16:28:52 - outlook_service - DEBUG - __init__:148 - Emails file: C:\Users\user1\Desktop\normie\outlook\analyze\mail\emails.json
2025-07-17 16:28:52 - outlook_service - DEBUG - __init__:149 - Data folder: C:\Users\user1\Desktop\normie\outlook\analyze\mail\data
2025-07-17 16:28:52 - outlook_service - INFO - __init__:156 - COM interface availability: True
2025-07-17 16:28:52 - outlook_service - INFO - __init__:160 - Base path exists: C:\Users\user1\Desktop\normie\outlook\analyze\mail
2025-07-17 16:28:52 - outlook_service - INFO - __init__:168 - Emails file not found: C:\Users\user1\Desktop\normie\outlook\analyze\mail\emails.json
2025-07-17 16:28:52 - outlook_service - INFO - __init__:170 - OutlookService initialization completed successfully
2025-07-17 16:28:52 - outlook_service - DEBUG - get_emails_data:1273 - === Loading emails data ===
2025-07-17 16:28:52 - outlook_service - INFO - get_emails_data:1280 - Found 4 folder-specific email files
2025-07-17 16:28:52 - outlook_service - DEBUG - get_emails_data:1281 - Folder files: ['emails_deleted_items.json', 'emails_drafts.json', 'emails_inbox.json', 'emails_sent_items.json']
2025-07-17 16:28:52 - outlook_service - DEBUG - _get_emails_from_multiple_files:1324 - Successfully read emails_deleted_items.json with encoding: cp1252
2025-07-17 16:28:52 - outlook_service - DEBUG - _get_emails_from_multiple_files:1364 - Loaded 5 emails from Deleted Items folder
2025-07-17 16:28:52 - outlook_service - DEBUG - _get_emails_from_multiple_files:1324 - Successfully read emails_drafts.json with encoding: utf-8
2025-07-17 16:28:52 - outlook_service - DEBUG - _get_emails_from_multiple_files:1364 - Loaded 1 emails from Drafts folder
2025-07-17 16:28:52 - outlook_service - DEBUG - _get_emails_from_multiple_files:1324 - Successfully read emails_inbox.json with encoding: utf-8
2025-07-17 16:28:52 - outlook_service - DEBUG - _get_emails_from_multiple_files:1364 - Loaded 7 emails from Inbox folder
2025-07-17 16:28:52 - outlook_service - DEBUG - _get_emails_from_multiple_files:1324 - Successfully read emails_sent_items.json with encoding: utf-8
2025-07-17 16:28:52 - outlook_service - DEBUG - _get_emails_from_multiple_files:1364 - Loaded 1 emails from Sent Items folder
2025-07-17 16:28:52 - outlook_service - DEBUG - _get_emails_from_multiple_files:1378 - Consolidated 14 emails from 4 folders
2025-07-17 16:28:52 - outlook_service - DEBUG - get_emails_list:1499 - Returning 7 emails (page 1/1)
2025-07-17 16:28:52 - outlook_service - DEBUG - get_emails_data:1273 - === Loading emails data ===
2025-07-17 16:28:52 - outlook_service - INFO - get_emails_data:1280 - Found 4 folder-specific email files
2025-07-17 16:28:52 - outlook_service - DEBUG - get_emails_data:1281 - Folder files: ['emails_deleted_items.json', 'emails_drafts.json', 'emails_inbox.json', 'emails_sent_items.json']
2025-07-17 16:28:52 - outlook_service - DEBUG - _get_emails_from_multiple_files:1324 - Successfully read emails_deleted_items.json with encoding: cp1252
2025-07-17 16:28:52 - outlook_service - DEBUG - _get_emails_from_multiple_files:1364 - Loaded 5 emails from Deleted Items folder
2025-07-17 16:28:52 - outlook_service - DEBUG - _get_emails_from_multiple_files:1324 - Successfully read emails_drafts.json with encoding: utf-8
2025-07-17 16:28:52 - outlook_service - DEBUG - _get_emails_from_multiple_files:1364 - Loaded 1 emails from Drafts folder
2025-07-17 16:28:52 - outlook_service - DEBUG - _get_emails_from_multiple_files:1324 - Successfully read emails_inbox.json with encoding: utf-8
2025-07-17 16:28:52 - outlook_service - DEBUG - _get_emails_from_multiple_files:1364 - Loaded 7 emails from Inbox folder
2025-07-17 16:28:52 - outlook_service - DEBUG - _get_emails_from_multiple_files:1324 - Successfully read emails_sent_items.json with encoding: utf-8
2025-07-17 16:28:52 - outlook_service - DEBUG - _get_emails_from_multiple_files:1364 - Loaded 1 emails from Sent Items folder
2025-07-17 16:28:52 - outlook_service - DEBUG - _get_emails_from_multiple_files:1378 - Consolidated 14 emails from 4 folders
2025-07-17 16:28:55 - outlook_service - INFO - __init__:136 - === Initializing OutlookService ===
2025-07-17 16:28:55 - outlook_service - DEBUG - __init__:137 - Service initialization started at 2025-07-17 16:28:55.183212
2025-07-17 16:28:55 - outlook_service - INFO - __init__:146 - OutlookService configured for user: user1
2025-07-17 16:28:55 - outlook_service - DEBUG - __init__:147 - Base path: C:\Users\user1\Desktop\normie\outlook\analyze\mail
2025-07-17 16:28:55 - outlook_service - DEBUG - __init__:148 - Emails file: C:\Users\user1\Desktop\normie\outlook\analyze\mail\emails.json
2025-07-17 16:28:55 - outlook_service - DEBUG - __init__:149 - Data folder: C:\Users\user1\Desktop\normie\outlook\analyze\mail\data
2025-07-17 16:28:55 - outlook_service - INFO - __init__:156 - COM interface availability: True
2025-07-17 16:28:55 - outlook_service - INFO - __init__:160 - Base path exists: C:\Users\user1\Desktop\normie\outlook\analyze\mail
2025-07-17 16:28:55 - outlook_service - INFO - __init__:168 - Emails file not found: C:\Users\user1\Desktop\normie\outlook\analyze\mail\emails.json
2025-07-17 16:28:55 - outlook_service - INFO - __init__:170 - OutlookService initialization completed successfully
2025-07-17 16:28:55 - outlook_service - DEBUG - get_emails_data:1273 - === Loading emails data ===
2025-07-17 16:28:55 - outlook_service - INFO - get_emails_data:1280 - Found 4 folder-specific email files
2025-07-17 16:28:55 - outlook_service - DEBUG - get_emails_data:1281 - Folder files: ['emails_deleted_items.json', 'emails_drafts.json', 'emails_inbox.json', 'emails_sent_items.json']
2025-07-17 16:28:55 - outlook_service - DEBUG - _get_emails_from_multiple_files:1324 - Successfully read emails_deleted_items.json with encoding: cp1252
2025-07-17 16:28:55 - outlook_service - DEBUG - _get_emails_from_multiple_files:1364 - Loaded 5 emails from Deleted Items folder
2025-07-17 16:28:55 - outlook_service - DEBUG - _get_emails_from_multiple_files:1324 - Successfully read emails_drafts.json with encoding: utf-8
2025-07-17 16:28:55 - outlook_service - DEBUG - _get_emails_from_multiple_files:1364 - Loaded 1 emails from Drafts folder
2025-07-17 16:28:55 - outlook_service - DEBUG - _get_emails_from_multiple_files:1324 - Successfully read emails_inbox.json with encoding: utf-8
2025-07-17 16:28:55 - outlook_service - DEBUG - _get_emails_from_multiple_files:1364 - Loaded 7 emails from Inbox folder
2025-07-17 16:28:55 - outlook_service - DEBUG - _get_emails_from_multiple_files:1324 - Successfully read emails_sent_items.json with encoding: utf-8
2025-07-17 16:28:55 - outlook_service - DEBUG - _get_emails_from_multiple_files:1364 - Loaded 1 emails from Sent Items folder
2025-07-17 16:28:55 - outlook_service - DEBUG - _get_emails_from_multiple_files:1378 - Consolidated 14 emails from 4 folders
2025-07-17 16:28:55 - outlook_service - DEBUG - get_emails_list:1499 - Returning 7 emails (page 1/1)
2025-07-17 16:28:55 - outlook_service - DEBUG - get_emails_data:1273 - === Loading emails data ===
2025-07-17 16:28:55 - outlook_service - INFO - get_emails_data:1280 - Found 4 folder-specific email files
2025-07-17 16:28:55 - outlook_service - DEBUG - get_emails_data:1281 - Folder files: ['emails_deleted_items.json', 'emails_drafts.json', 'emails_inbox.json', 'emails_sent_items.json']
2025-07-17 16:28:55 - outlook_service - DEBUG - _get_emails_from_multiple_files:1324 - Successfully read emails_deleted_items.json with encoding: cp1252
2025-07-17 16:28:55 - outlook_service - DEBUG - _get_emails_from_multiple_files:1364 - Loaded 5 emails from Deleted Items folder
2025-07-17 16:28:55 - outlook_service - DEBUG - _get_emails_from_multiple_files:1324 - Successfully read emails_drafts.json with encoding: utf-8
2025-07-17 16:28:55 - outlook_service - DEBUG - _get_emails_from_multiple_files:1364 - Loaded 1 emails from Drafts folder
2025-07-17 16:28:55 - outlook_service - DEBUG - _get_emails_from_multiple_files:1324 - Successfully read emails_inbox.json with encoding: utf-8
2025-07-17 16:28:55 - outlook_service - DEBUG - _get_emails_from_multiple_files:1364 - Loaded 7 emails from Inbox folder
2025-07-17 16:28:55 - outlook_service - DEBUG - _get_emails_from_multiple_files:1324 - Successfully read emails_sent_items.json with encoding: utf-8
2025-07-17 16:28:55 - outlook_service - DEBUG - _get_emails_from_multiple_files:1364 - Loaded 1 emails from Sent Items folder
2025-07-17 16:28:55 - outlook_service - DEBUG - _get_emails_from_multiple_files:1378 - Consolidated 14 emails from 4 folders
2025-07-17 16:29:15 - outlook_service - INFO - __init__:136 - === Initializing OutlookService ===
2025-07-17 16:29:15 - outlook_service - DEBUG - __init__:137 - Service initialization started at 2025-07-17 16:29:15.480714
2025-07-17 16:29:15 - outlook_service - INFO - __init__:146 - OutlookService configured for user: user1
2025-07-17 16:29:15 - outlook_service - DEBUG - __init__:147 - Base path: C:\Users\user1\Desktop\normie\outlook\analyze\mail
2025-07-17 16:29:15 - outlook_service - DEBUG - __init__:148 - Emails file: C:\Users\user1\Desktop\normie\outlook\analyze\mail\emails.json
2025-07-17 16:29:15 - outlook_service - DEBUG - __init__:149 - Data folder: C:\Users\user1\Desktop\normie\outlook\analyze\mail\data
2025-07-17 16:29:15 - outlook_service - INFO - __init__:156 - COM interface availability: True
2025-07-17 16:29:15 - outlook_service - INFO - __init__:160 - Base path exists: C:\Users\user1\Desktop\normie\outlook\analyze\mail
2025-07-17 16:29:15 - outlook_service - INFO - __init__:168 - Emails file not found: C:\Users\user1\Desktop\normie\outlook\analyze\mail\emails.json
2025-07-17 16:29:15 - outlook_service - INFO - __init__:170 - OutlookService initialization completed successfully
2025-07-17 16:29:15 - outlook_service - DEBUG - get_emails_data:1273 - === Loading emails data ===
2025-07-17 16:29:15 - outlook_service - INFO - get_emails_data:1280 - Found 4 folder-specific email files
2025-07-17 16:29:15 - outlook_service - DEBUG - get_emails_data:1281 - Folder files: ['emails_deleted_items.json', 'emails_drafts.json', 'emails_inbox.json', 'emails_sent_items.json']
2025-07-17 16:29:15 - outlook_service - DEBUG - _get_emails_from_multiple_files:1324 - Successfully read emails_deleted_items.json with encoding: cp1252
2025-07-17 16:29:15 - outlook_service - DEBUG - _get_emails_from_multiple_files:1364 - Loaded 5 emails from Deleted Items folder
2025-07-17 16:29:15 - outlook_service - DEBUG - _get_emails_from_multiple_files:1324 - Successfully read emails_drafts.json with encoding: utf-8
2025-07-17 16:29:15 - outlook_service - DEBUG - _get_emails_from_multiple_files:1364 - Loaded 1 emails from Drafts folder
2025-07-17 16:29:15 - outlook_service - DEBUG - _get_emails_from_multiple_files:1324 - Successfully read emails_inbox.json with encoding: utf-8
2025-07-17 16:29:15 - outlook_service - DEBUG - _get_emails_from_multiple_files:1364 - Loaded 7 emails from Inbox folder
2025-07-17 16:29:15 - outlook_service - DEBUG - _get_emails_from_multiple_files:1324 - Successfully read emails_sent_items.json with encoding: utf-8
2025-07-17 16:29:15 - outlook_service - DEBUG - _get_emails_from_multiple_files:1364 - Loaded 1 emails from Sent Items folder
2025-07-17 16:29:15 - outlook_service - DEBUG - _get_emails_from_multiple_files:1378 - Consolidated 14 emails from 4 folders
2025-07-17 16:29:15 - outlook_service - DEBUG - get_emails_list:1499 - Returning 7 emails (page 1/1)
2025-07-17 16:29:15 - outlook_service - DEBUG - get_emails_data:1273 - === Loading emails data ===
2025-07-17 16:29:15 - outlook_service - INFO - get_emails_data:1280 - Found 4 folder-specific email files
2025-07-17 16:29:15 - outlook_service - DEBUG - get_emails_data:1281 - Folder files: ['emails_deleted_items.json', 'emails_drafts.json', 'emails_inbox.json', 'emails_sent_items.json']
2025-07-17 16:29:15 - outlook_service - DEBUG - _get_emails_from_multiple_files:1324 - Successfully read emails_deleted_items.json with encoding: cp1252
2025-07-17 16:29:15 - outlook_service - DEBUG - _get_emails_from_multiple_files:1364 - Loaded 5 emails from Deleted Items folder
2025-07-17 16:29:15 - outlook_service - DEBUG - _get_emails_from_multiple_files:1324 - Successfully read emails_drafts.json with encoding: utf-8
2025-07-17 16:29:15 - outlook_service - DEBUG - _get_emails_from_multiple_files:1364 - Loaded 1 emails from Drafts folder
2025-07-17 16:29:15 - outlook_service - DEBUG - _get_emails_from_multiple_files:1324 - Successfully read emails_inbox.json with encoding: utf-8
2025-07-17 16:29:15 - outlook_service - DEBUG - _get_emails_from_multiple_files:1364 - Loaded 7 emails from Inbox folder
2025-07-17 16:29:15 - outlook_service - DEBUG - _get_emails_from_multiple_files:1324 - Successfully read emails_sent_items.json with encoding: utf-8
2025-07-17 16:29:15 - outlook_service - DEBUG - _get_emails_from_multiple_files:1364 - Loaded 1 emails from Sent Items folder
2025-07-17 16:29:15 - outlook_service - DEBUG - _get_emails_from_multiple_files:1378 - Consolidated 14 emails from 4 folders
2025-07-17 16:29:35 - outlook_service - INFO - __init__:136 - === Initializing OutlookService ===
2025-07-17 16:29:35 - outlook_service - DEBUG - __init__:137 - Service initialization started at 2025-07-17 16:29:35.474559
2025-07-17 16:29:35 - outlook_service - INFO - __init__:146 - OutlookService configured for user: user1
2025-07-17 16:29:35 - outlook_service - DEBUG - __init__:147 - Base path: C:\Users\user1\Desktop\normie\outlook\analyze\mail
2025-07-17 16:29:35 - outlook_service - DEBUG - __init__:148 - Emails file: C:\Users\user1\Desktop\normie\outlook\analyze\mail\emails.json
2025-07-17 16:29:35 - outlook_service - DEBUG - __init__:149 - Data folder: C:\Users\user1\Desktop\normie\outlook\analyze\mail\data
2025-07-17 16:29:35 - outlook_service - INFO - __init__:156 - COM interface availability: True
2025-07-17 16:29:35 - outlook_service - INFO - __init__:160 - Base path exists: C:\Users\user1\Desktop\normie\outlook\analyze\mail
2025-07-17 16:29:35 - outlook_service - INFO - __init__:168 - Emails file not found: C:\Users\user1\Desktop\normie\outlook\analyze\mail\emails.json
2025-07-17 16:29:35 - outlook_service - INFO - __init__:170 - OutlookService initialization completed successfully
2025-07-17 16:29:35 - outlook_service - DEBUG - get_emails_data:1273 - === Loading emails data ===
2025-07-17 16:29:35 - outlook_service - INFO - get_emails_data:1280 - Found 4 folder-specific email files
2025-07-17 16:29:35 - outlook_service - DEBUG - get_emails_data:1281 - Folder files: ['emails_deleted_items.json', 'emails_drafts.json', 'emails_inbox.json', 'emails_sent_items.json']
2025-07-17 16:29:35 - outlook_service - DEBUG - _get_emails_from_multiple_files:1324 - Successfully read emails_deleted_items.json with encoding: cp1252
2025-07-17 16:29:35 - outlook_service - DEBUG - _get_emails_from_multiple_files:1364 - Loaded 5 emails from Deleted Items folder
2025-07-17 16:29:35 - outlook_service - DEBUG - _get_emails_from_multiple_files:1324 - Successfully read emails_drafts.json with encoding: utf-8
2025-07-17 16:29:35 - outlook_service - DEBUG - _get_emails_from_multiple_files:1364 - Loaded 1 emails from Drafts folder
2025-07-17 16:29:35 - outlook_service - DEBUG - _get_emails_from_multiple_files:1324 - Successfully read emails_inbox.json with encoding: utf-8
2025-07-17 16:29:35 - outlook_service - DEBUG - _get_emails_from_multiple_files:1364 - Loaded 7 emails from Inbox folder
2025-07-17 16:29:35 - outlook_service - DEBUG - _get_emails_from_multiple_files:1324 - Successfully read emails_sent_items.json with encoding: utf-8
2025-07-17 16:29:35 - outlook_service - DEBUG - _get_emails_from_multiple_files:1364 - Loaded 1 emails from Sent Items folder
2025-07-17 16:29:35 - outlook_service - DEBUG - _get_emails_from_multiple_files:1378 - Consolidated 14 emails from 4 folders
2025-07-17 16:29:35 - outlook_service - DEBUG - get_emails_list:1499 - Returning 7 emails (page 1/1)
2025-07-17 16:29:35 - outlook_service - DEBUG - get_emails_data:1273 - === Loading emails data ===
2025-07-17 16:29:35 - outlook_service - INFO - get_emails_data:1280 - Found 4 folder-specific email files
2025-07-17 16:29:35 - outlook_service - DEBUG - get_emails_data:1281 - Folder files: ['emails_deleted_items.json', 'emails_drafts.json', 'emails_inbox.json', 'emails_sent_items.json']
2025-07-17 16:29:35 - outlook_service - DEBUG - _get_emails_from_multiple_files:1324 - Successfully read emails_deleted_items.json with encoding: cp1252
2025-07-17 16:29:35 - outlook_service - DEBUG - _get_emails_from_multiple_files:1364 - Loaded 5 emails from Deleted Items folder
2025-07-17 16:29:35 - outlook_service - DEBUG - _get_emails_from_multiple_files:1324 - Successfully read emails_drafts.json with encoding: utf-8
2025-07-17 16:29:35 - outlook_service - DEBUG - _get_emails_from_multiple_files:1364 - Loaded 1 emails from Drafts folder
2025-07-17 16:29:35 - outlook_service - DEBUG - _get_emails_from_multiple_files:1324 - Successfully read emails_inbox.json with encoding: utf-8
2025-07-17 16:29:35 - outlook_service - DEBUG - _get_emails_from_multiple_files:1364 - Loaded 7 emails from Inbox folder
2025-07-17 16:29:35 - outlook_service - DEBUG - _get_emails_from_multiple_files:1324 - Successfully read emails_sent_items.json with encoding: utf-8
2025-07-17 16:29:35 - outlook_service - DEBUG - _get_emails_from_multiple_files:1364 - Loaded 1 emails from Sent Items folder
2025-07-17 16:29:35 - outlook_service - DEBUG - _get_emails_from_multiple_files:1378 - Consolidated 14 emails from 4 folders
