[2025-07-23 16:11:27]  INFO [supplementThreadPoolTaskExecutor-1] com.flatirons.pinpoint.server.thread.MigrateSupplements:61 - migrate supplements started
[2025-07-23 16:11:28]  INFO [supplementThreadPoolTaskExecutor-1] com.flatirons.pinpoint.server.thread.MigrateSupplements:94 - migrate supplements  completed
[2025-07-23 16:11:33]  INFO [pool-2-thread-2] com.flatirons.pinpoint.server.StartupPropertiesPrinter:28 - Printing Active Properties
[2025-07-23 16:11:33]  INFO [pool-2-thread-2] com.flatirons.pinpoint.server.StartupPropertiesPrinter:55 - Printing Active Properties Completed
[2025-07-23 16:11:33]  INFO [pool-2-thread-2] com.flatirons.pinpoint.server.listener.InitializationListener:94 - Remote Pinpoint properties may not be available in configuration file or already loaded in database
[2025-07-23 16:11:33] ERROR [pool-2-thread-2] com.flatirons.pinpoint.server.service.impl.CryptoServiceImpl:105 - Remote server details not configured.
[2025-07-23 16:11:36]  WARN [Thread-57] com.flatirons.pinpoint.server.listener.CreateResourcesRunnable:59 - Have not managed to post ACM resources after 0 times. Cause: 403
<html><body><h1>Whitelabel Error Page</h1><p>This application has no explicit mapping for /error, so you are seeing this as a fallback.</p><div id='created'>Wed Jul 23 16:11:36 CEST 2025</div><div>There was an unexpected error (type=Forbidden, status=403).</div></body></html>
[2025-07-23 16:12:00]  INFO [ThreadPoolTaskScheduler-8] com.flatirons.pinpoint.server.scheduled.ArchivePublicationJob:61 - Archive Job Scheduler executing...
[2025-07-23 16:12:00]  INFO [ThreadPoolTaskScheduler-4] com.flatirons.pinpoint.server.scheduled.ArchivePublicationJob:86 - DM and PP Archive status Sync...
[2025-07-23 16:12:05]  INFO [http-nio-8085-exec-10] com.flatirons.pinpoint.server.service.impl.ClientContentServiceImpl:104 - Client logo not available as configured absolute path. Hence, checking in configDir path.
com.flatirons.pinpoint.server.common.exceptions.PinpointRuntimeException: Failed to encode file to base 64 string.
	at com.flatirons.pinpoint.server.common.utils.CommonUtils.getBase64ImageContent(CommonUtils.java:2470)
	at com.flatirons.pinpoint.server.service.impl.ClientContentServiceImpl.getEncodedLogoImage(ClientContentServiceImpl.java:101)
	at com.flatirons.pinpoint.server.service.impl.ClientContentServiceImpl.getEncodedClientLogo(ClientContentServiceImpl.java:80)
	at com.flatirons.pinpoint.server.service.impl.ClientContentServiceImpl$$FastClassBySpringCGLIB$$bb98f11b.invoke(<generated>)
	at org.springframework.cglib.proxy.MethodProxy.invoke(MethodProxy.java:218)
	at org.springframework.aop.framework.CglibAopProxy$CglibMethodInvocation.invokeJoinpoint(CglibAopProxy.java:792)
	at org.springframework.aop.framework.ReflectiveMethodInvocation.proceed(ReflectiveMethodInvocation.java:163)
	at org.springframework.aop.framework.CglibAopProxy$CglibMethodInvocation.proceed(CglibAopProxy.java:762)
	at org.springframework.transaction.interceptor.TransactionInterceptor$1.proceedWithInvocation(TransactionInterceptor.java:123)
	at org.springframework.transaction.interceptor.TransactionAspectSupport.invokeWithinTransaction(TransactionAspectSupport.java:388)
	at org.springframework.transaction.interceptor.TransactionInterceptor.invoke(TransactionInterceptor.java:119)
	at org.springframework.aop.framework.ReflectiveMethodInvocation.proceed(ReflectiveMethodInvocation.java:186)
	at org.springframework.aop.framework.CglibAopProxy$CglibMethodInvocation.proceed(CglibAopProxy.java:762)
	at org.springframework.aop.interceptor.ExposeInvocationInterceptor.invoke(ExposeInvocationInterceptor.java:97)
	at org.springframework.aop.framework.ReflectiveMethodInvocation.proceed(ReflectiveMethodInvocation.java:186)
	at org.springframework.aop.framework.CglibAopProxy$CglibMethodInvocation.proceed(CglibAopProxy.java:762)
	at org.springframework.aop.framework.CglibAopProxy$DynamicAdvisedInterceptor.intercept(CglibAopProxy.java:707)
	at com.flatirons.pinpoint.server.service.impl.ClientContentServiceImpl$$EnhancerBySpringCGLIB$$4bd44680.getEncodedClientLogo(<generated>)
	at com.flatirons.pinpoint.server.rest.resource.FileResource.getLogo(FileResource.java:82)
	at java.base/jdk.internal.reflect.NativeMethodAccessorImpl.invoke0(Native Method)
	at java.base/jdk.internal.reflect.NativeMethodAccessorImpl.invoke(Unknown Source)
	at java.base/jdk.internal.reflect.DelegatingMethodAccessorImpl.invoke(Unknown Source)
	at java.base/java.lang.reflect.Method.invoke(Unknown Source)
	at org.glassfish.jersey.server.model.internal.ResourceMethodInvocationHandlerFactory.lambda$static$0(ResourceMethodInvocationHandlerFactory.java:52)
	at org.glassfish.jersey.server.model.internal.AbstractJavaResourceMethodDispatcher$1.run(AbstractJavaResourceMethodDispatcher.java:124)
	at org.glassfish.jersey.server.model.internal.AbstractJavaResourceMethodDispatcher.invoke(AbstractJavaResourceMethodDispatcher.java:167)
	at org.glassfish.jersey.server.model.internal.JavaResourceMethodDispatcherProvider$ResponseOutInvoker.doDispatch(JavaResourceMethodDispatcherProvider.java:176)
	at org.glassfish.jersey.server.model.internal.AbstractJavaResourceMethodDispatcher.dispatch(AbstractJavaResourceMethodDispatcher.java:79)
	at org.glassfish.jersey.server.model.ResourceMethodInvoker.invoke(ResourceMethodInvoker.java:475)
	at org.glassfish.jersey.server.model.ResourceMethodInvoker.apply(ResourceMethodInvoker.java:397)
	at org.glassfish.jersey.server.model.ResourceMethodInvoker.apply(ResourceMethodInvoker.java:81)
	at org.glassfish.jersey.server.ServerRuntime$1.run(ServerRuntime.java:255)
	at org.glassfish.jersey.internal.Errors$1.call(Errors.java:248)
	at org.glassfish.jersey.internal.Errors$1.call(Errors.java:244)
	at org.glassfish.jersey.internal.Errors.process(Errors.java:292)
	at org.glassfish.jersey.internal.Errors.process(Errors.java:274)
	at org.glassfish.jersey.internal.Errors.process(Errors.java:244)
	at org.glassfish.jersey.process.internal.RequestScope.runInScope(RequestScope.java:265)
	at org.glassfish.jersey.server.ServerRuntime.process(ServerRuntime.java:234)
	at org.glassfish.jersey.server.ApplicationHandler.handle(ApplicationHandler.java:684)
	at org.glassfish.jersey.servlet.WebComponent.serviceImpl(WebComponent.java:394)
	at org.glassfish.jersey.servlet.WebComponent.service(WebComponent.java:346)
	at org.glassfish.jersey.servlet.ServletContainer.service(ServletContainer.java:366)
	at org.glassfish.jersey.servlet.ServletContainer.service(ServletContainer.java:319)
	at org.glassfish.jersey.servlet.ServletContainer.service(ServletContainer.java:205)
	at org.apache.catalina.core.ApplicationFilterChain.internalDoFilter(ApplicationFilterChain.java:199)
	at org.apache.catalina.core.ApplicationFilterChain.doFilter(ApplicationFilterChain.java:144)
	at org.apache.tomcat.websocket.server.WsFilter.doFilter(WsFilter.java:51)
	at org.apache.catalina.core.ApplicationFilterChain.internalDoFilter(ApplicationFilterChain.java:168)
	at org.apache.catalina.core.ApplicationFilterChain.doFilter(ApplicationFilterChain.java:144)
	at org.springframework.web.filter.RequestContextFilter.doFilterInternal(RequestContextFilter.java:100)
	at org.springframework.web.filter.OncePerRequestFilter.doFilter(OncePerRequestFilter.java:117)
	at org.apache.catalina.core.ApplicationFilterChain.internalDoFilter(ApplicationFilterChain.java:168)
	at org.apache.catalina.core.ApplicationFilterChain.doFilter(ApplicationFilterChain.java:144)
	at org.springframework.web.filter.FormContentFilter.doFilterInternal(FormContentFilter.java:93)
	at org.springframework.web.filter.OncePerRequestFilter.doFilter(OncePerRequestFilter.java:117)
	at org.apache.catalina.core.ApplicationFilterChain.internalDoFilter(ApplicationFilterChain.java:168)
	at org.apache.catalina.core.ApplicationFilterChain.doFilter(ApplicationFilterChain.java:144)
	at org.springframework.boot.actuate.metrics.web.servlet.WebMvcMetricsFilter.doFilterInternal(WebMvcMetricsFilter.java:96)
	at org.springframework.web.filter.OncePerRequestFilter.doFilter(OncePerRequestFilter.java:117)
	at org.apache.catalina.core.ApplicationFilterChain.internalDoFilter(ApplicationFilterChain.java:168)
	at org.apache.catalina.core.ApplicationFilterChain.doFilter(ApplicationFilterChain.java:144)
	at org.springframework.boot.web.servlet.support.ErrorPageFilter.doFilter(ErrorPageFilter.java:126)
	at org.springframework.boot.web.servlet.support.ErrorPageFilter.access$000(ErrorPageFilter.java:64)
	at org.springframework.boot.web.servlet.support.ErrorPageFilter$1.doFilterInternal(ErrorPageFilter.java:101)
	at org.springframework.web.filter.OncePerRequestFilter.doFilter(OncePerRequestFilter.java:117)
	at org.springframework.boot.web.servlet.support.ErrorPageFilter.doFilter(ErrorPageFilter.java:119)
	at org.apache.catalina.core.ApplicationFilterChain.internalDoFilter(ApplicationFilterChain.java:168)
	at org.apache.catalina.core.ApplicationFilterChain.doFilter(ApplicationFilterChain.java:144)
	at org.springframework.web.filter.CharacterEncodingFilter.doFilterInternal(CharacterEncodingFilter.java:201)
	at org.springframework.web.filter.OncePerRequestFilter.doFilter(OncePerRequestFilter.java:117)
	at org.apache.catalina.core.ApplicationFilterChain.internalDoFilter(ApplicationFilterChain.java:168)
	at org.apache.catalina.core.ApplicationFilterChain.doFilter(ApplicationFilterChain.java:144)
	at org.apache.catalina.core.StandardWrapperValve.invoke(StandardWrapperValve.java:168)
	at org.apache.catalina.core.StandardContextValve.invoke(StandardContextValve.java:90)
	at org.apache.catalina.authenticator.AuthenticatorBase.invoke(AuthenticatorBase.java:482)
	at org.apache.catalina.core.StandardHostValve.invoke(StandardHostValve.java:130)
	at org.apache.catalina.valves.ErrorReportValve.invoke(ErrorReportValve.java:93)
	at org.apache.catalina.core.StandardEngineValve.invoke(StandardEngineValve.java:74)
	at org.apache.catalina.connector.CoyoteAdapter.service(CoyoteAdapter.java:346)
	at org.apache.coyote.http11.Http11Processor.service(Http11Processor.java:396)
	at org.apache.coyote.AbstractProcessorLight.process(AbstractProcessorLight.java:63)
	at org.apache.coyote.AbstractProtocol$ConnectionHandler.process(AbstractProtocol.java:937)
	at org.apache.tomcat.util.net.NioEndpoint$SocketProcessor.doRun(NioEndpoint.java:1793)
	at org.apache.tomcat.util.net.SocketProcessorBase.run(SocketProcessorBase.java:52)
	at org.apache.tomcat.util.threads.ThreadPoolExecutor.runWorker(ThreadPoolExecutor.java:1190)
	at org.apache.tomcat.util.threads.ThreadPoolExecutor$Worker.run(ThreadPoolExecutor.java:659)
	at org.apache.tomcat.util.threads.TaskThread$WrappingRunnable.run(TaskThread.java:63)
	at java.base/java.lang.Thread.run(Unknown Source)
[2025-07-23 16:12:27]  WARN [Thread-57] com.flatirons.pinpoint.server.listener.CreateResourcesRunnable:59 - Have not managed to post ACM resources after 10 times. Cause: 403
<html><body><h1>Whitelabel Error Page</h1><p>This application has no explicit mapping for /error, so you are seeing this as a fallback.</p><div id='created'>Wed Jul 23 16:12:27 CEST 2025</div><div>There was an unexpected error (type=Forbidden, status=403).</div></body></html>
[2025-07-23 16:12:30]  INFO [ThreadPoolTaskScheduler-3] com.flatirons.pinpoint.server.service.impl.ImportPinpointPackageServiceImpl:180 - No neutral packages to import from Data Directory - C:\Users\u8064927\Downloads\OMAT_8.5.0.9_Light_20250601_x64\pinpoint-autoimport
[2025-07-23 16:12:32] ERROR [http-nio-8085-exec-7] com.flatirons.pinpoint.server.common.utils.CommonUtils:1675 - There is something wrong for formatting revision date.
org.threeten.bp.format.DateTimeParseException: Text 'May-21-2025 12:27 AM' could not be parsed at index 0
	at org.threeten.bp.format.DateTimeFormatter.parseToBuilder(DateTimeFormatter.java:1587)
	at org.threeten.bp.format.DateTimeFormatter.parse(DateTimeFormatter.java:1491)
	at org.threeten.bp.ZonedDateTime.parse(ZonedDateTime.java:562)
	at org.threeten.bp.ZonedDateTime.parse(ZonedDateTime.java:547)
	at com.flatirons.commons.utilities.TimeUtilities.fromISOtime(TimeUtilities.java:27)
	at com.flatirons.pinpoint.server.common.utils.CommonUtils.convertLocaleDate(CommonUtils.java:1671)
	at com.flatirons.pinpoint.server.entity.LibraryPublication.getFormattedRevisionDate(LibraryPublication.java:176)
	at com.flatirons.pinpoint.server.service.impl.LibraryPublicationServiceImpl.getPublicationsMap(LibraryPublicationServiceImpl.java:652)
	at com.flatirons.pinpoint.server.service.impl.LibraryPublicationServiceImpl.getVisiblePublicationsMapByLibraryId(LibraryPublicationServiceImpl.java:640)
	at com.flatirons.pinpoint.server.service.impl.LibraryPublicationServiceImpl$$FastClassBySpringCGLIB$$69457a10.invoke(<generated>)
	at org.springframework.cglib.proxy.MethodProxy.invoke(MethodProxy.java:218)
	at org.springframework.aop.framework.CglibAopProxy$CglibMethodInvocation.invokeJoinpoint(CglibAopProxy.java:792)
	at org.springframework.aop.framework.ReflectiveMethodInvocation.proceed(ReflectiveMethodInvocation.java:163)
	at org.springframework.aop.framework.CglibAopProxy$CglibMethodInvocation.proceed(CglibAopProxy.java:762)
	at org.springframework.transaction.interceptor.TransactionInterceptor$1.proceedWithInvocation(TransactionInterceptor.java:123)
	at org.springframework.transaction.interceptor.TransactionAspectSupport.invokeWithinTransaction(TransactionAspectSupport.java:388)
	at org.springframework.transaction.interceptor.TransactionInterceptor.invoke(TransactionInterceptor.java:119)
	at org.springframework.aop.framework.ReflectiveMethodInvocation.proceed(ReflectiveMethodInvocation.java:186)
	at org.springframework.aop.framework.CglibAopProxy$CglibMethodInvocation.proceed(CglibAopProxy.java:762)
	at org.springframework.aop.interceptor.ExposeInvocationInterceptor.invoke(ExposeInvocationInterceptor.java:97)
	at org.springframework.aop.framework.ReflectiveMethodInvocation.proceed(ReflectiveMethodInvocation.java:186)
	at org.springframework.aop.framework.CglibAopProxy$CglibMethodInvocation.proceed(CglibAopProxy.java:762)
	at org.springframework.aop.framework.CglibAopProxy$DynamicAdvisedInterceptor.intercept(CglibAopProxy.java:707)
	at com.flatirons.pinpoint.server.service.impl.LibraryPublicationServiceImpl$$EnhancerBySpringCGLIB$$a4c8a27f.getVisiblePublicationsMapByLibraryId(<generated>)
	at java.base/jdk.internal.reflect.NativeMethodAccessorImpl.invoke0(Native Method)
	at java.base/jdk.internal.reflect.NativeMethodAccessorImpl.invoke(Unknown Source)
	at java.base/jdk.internal.reflect.DelegatingMethodAccessorImpl.invoke(Unknown Source)
	at java.base/java.lang.reflect.Method.invoke(Unknown Source)
	at org.springframework.aop.support.AopUtils.invokeJoinpointUsingReflection(AopUtils.java:344)
	at org.springframework.aop.framework.JdkDynamicAopProxy.invoke(JdkDynamicAopProxy.java:234)
	at com.sun.proxy.$Proxy481.getVisiblePublicationsMapByLibraryId(Unknown Source)
	at com.flatirons.pinpoint.server.service.impl.LibraryServiceImpl.getNextLevelLibrariesWithChildren(LibraryServiceImpl.java:292)
	at com.flatirons.pinpoint.server.service.impl.LibraryServiceImpl.getNextLevelLibrariesWithChildrenJSON(LibraryServiceImpl.java:124)
	at com.flatirons.pinpoint.server.service.impl.LibraryServiceImpl$$FastClassBySpringCGLIB$$792e876e.invoke(<generated>)
	at org.springframework.cglib.proxy.MethodProxy.invoke(MethodProxy.java:218)
	at org.springframework.aop.framework.CglibAopProxy$CglibMethodInvocation.invokeJoinpoint(CglibAopProxy.java:792)
	at org.springframework.aop.framework.ReflectiveMethodInvocation.proceed(ReflectiveMethodInvocation.java:163)
	at org.springframework.aop.framework.CglibAopProxy$CglibMethodInvocation.proceed(CglibAopProxy.java:762)
	at org.springframework.transaction.interceptor.TransactionInterceptor$1.proceedWithInvocation(TransactionInterceptor.java:123)
	at org.springframework.transaction.interceptor.TransactionAspectSupport.invokeWithinTransaction(TransactionAspectSupport.java:388)
	at org.springframework.transaction.interceptor.TransactionInterceptor.invoke(TransactionInterceptor.java:119)
	at org.springframework.aop.framework.ReflectiveMethodInvocation.proceed(ReflectiveMethodInvocation.java:186)
	at org.springframework.aop.framework.CglibAopProxy$CglibMethodInvocation.proceed(CglibAopProxy.java:762)
	at org.springframework.aop.interceptor.ExposeInvocationInterceptor.invoke(ExposeInvocationInterceptor.java:97)
	at org.springframework.aop.framework.ReflectiveMethodInvocation.proceed(ReflectiveMethodInvocation.java:186)
	at org.springframework.aop.framework.CglibAopProxy$CglibMethodInvocation.proceed(CglibAopProxy.java:762)
	at org.springframework.aop.framework.CglibAopProxy$DynamicAdvisedInterceptor.intercept(CglibAopProxy.java:707)
	at com.flatirons.pinpoint.server.service.impl.LibraryServiceImpl$$EnhancerBySpringCGLIB$$a7301559.getNextLevelLibrariesWithChildrenJSON(<generated>)
	at com.flatirons.pinpoint.server.rest.resource.LibraryResource.libraries(LibraryResource.java:90)
	at java.base/jdk.internal.reflect.NativeMethodAccessorImpl.invoke0(Native Method)
	at java.base/jdk.internal.reflect.NativeMethodAccessorImpl.invoke(Unknown Source)
	at java.base/jdk.internal.reflect.DelegatingMethodAccessorImpl.invoke(Unknown Source)
	at java.base/java.lang.reflect.Method.invoke(Unknown Source)
	at org.glassfish.jersey.server.model.internal.ResourceMethodInvocationHandlerFactory.lambda$static$0(ResourceMethodInvocationHandlerFactory.java:52)
	at org.glassfish.jersey.server.model.internal.AbstractJavaResourceMethodDispatcher$1.run(AbstractJavaResourceMethodDispatcher.java:124)
	at org.glassfish.jersey.server.model.internal.AbstractJavaResourceMethodDispatcher.invoke(AbstractJavaResourceMethodDispatcher.java:167)
	at org.glassfish.jersey.server.model.internal.JavaResourceMethodDispatcherProvider$ResponseOutInvoker.doDispatch(JavaResourceMethodDispatcherProvider.java:176)
	at org.glassfish.jersey.server.model.internal.AbstractJavaResourceMethodDispatcher.dispatch(AbstractJavaResourceMethodDispatcher.java:79)
	at org.glassfish.jersey.server.model.ResourceMethodInvoker.invoke(ResourceMethodInvoker.java:475)
	at org.glassfish.jersey.server.model.ResourceMethodInvoker.apply(ResourceMethodInvoker.java:397)
	at org.glassfish.jersey.server.model.ResourceMethodInvoker.apply(ResourceMethodInvoker.java:81)
	at org.glassfish.jersey.server.ServerRuntime$1.run(ServerRuntime.java:255)
	at org.glassfish.jersey.internal.Errors$1.call(Errors.java:248)
	at org.glassfish.jersey.internal.Errors$1.call(Errors.java:244)
	at org.glassfish.jersey.internal.Errors.process(Errors.java:292)
	at org.glassfish.jersey.internal.Errors.process(Errors.java:274)
	at org.glassfish.jersey.internal.Errors.process(Errors.java:244)
	at org.glassfish.jersey.process.internal.RequestScope.runInScope(RequestScope.java:265)
	at org.glassfish.jersey.server.ServerRuntime.process(ServerRuntime.java:234)
	at org.glassfish.jersey.server.ApplicationHandler.handle(ApplicationHandler.java:684)
	at org.glassfish.jersey.servlet.WebComponent.serviceImpl(WebComponent.java:394)
	at org.glassfish.jersey.servlet.WebComponent.service(WebComponent.java:346)
	at org.glassfish.jersey.servlet.ServletContainer.service(ServletContainer.java:366)
	at org.glassfish.jersey.servlet.ServletContainer.service(ServletContainer.java:319)
	at org.glassfish.jersey.servlet.ServletContainer.service(ServletContainer.java:205)
	at org.apache.catalina.core.ApplicationFilterChain.internalDoFilter(ApplicationFilterChain.java:199)
	at org.apache.catalina.core.ApplicationFilterChain.doFilter(ApplicationFilterChain.java:144)
	at org.apache.tomcat.websocket.server.WsFilter.doFilter(WsFilter.java:51)
	at org.apache.catalina.core.ApplicationFilterChain.internalDoFilter(ApplicationFilterChain.java:168)
	at org.apache.catalina.core.ApplicationFilterChain.doFilter(ApplicationFilterChain.java:144)
	at org.springframework.web.filter.RequestContextFilter.doFilterInternal(RequestContextFilter.java:100)
	at org.springframework.web.filter.OncePerRequestFilter.doFilter(OncePerRequestFilter.java:117)
	at org.apache.catalina.core.ApplicationFilterChain.internalDoFilter(ApplicationFilterChain.java:168)
	at org.apache.catalina.core.ApplicationFilterChain.doFilter(ApplicationFilterChain.java:144)
	at org.springframework.web.filter.FormContentFilter.doFilterInternal(FormContentFilter.java:93)
	at org.springframework.web.filter.OncePerRequestFilter.doFilter(OncePerRequestFilter.java:117)
	at org.apache.catalina.core.ApplicationFilterChain.internalDoFilter(ApplicationFilterChain.java:168)
	at org.apache.catalina.core.ApplicationFilterChain.doFilter(ApplicationFilterChain.java:144)
	at org.springframework.boot.actuate.metrics.web.servlet.WebMvcMetricsFilter.doFilterInternal(WebMvcMetricsFilter.java:96)
	at org.springframework.web.filter.OncePerRequestFilter.doFilter(OncePerRequestFilter.java:117)
	at org.apache.catalina.core.ApplicationFilterChain.internalDoFilter(ApplicationFilterChain.java:168)
	at org.apache.catalina.core.ApplicationFilterChain.doFilter(ApplicationFilterChain.java:144)
	at org.springframework.boot.web.servlet.support.ErrorPageFilter.doFilter(ErrorPageFilter.java:126)
	at org.springframework.boot.web.servlet.support.ErrorPageFilter.access$000(ErrorPageFilter.java:64)
	at org.springframework.boot.web.servlet.support.ErrorPageFilter$1.doFilterInternal(ErrorPageFilter.java:101)
	at org.springframework.web.filter.OncePerRequestFilter.doFilter(OncePerRequestFilter.java:117)
	at org.springframework.boot.web.servlet.support.ErrorPageFilter.doFilter(ErrorPageFilter.java:119)
	at org.apache.catalina.core.ApplicationFilterChain.internalDoFilter(ApplicationFilterChain.java:168)
	at org.apache.catalina.core.ApplicationFilterChain.doFilter(ApplicationFilterChain.java:144)
	at org.springframework.web.filter.CharacterEncodingFilter.doFilterInternal(CharacterEncodingFilter.java:201)
	at org.springframework.web.filter.OncePerRequestFilter.doFilter(OncePerRequestFilter.java:117)
	at org.apache.catalina.core.ApplicationFilterChain.internalDoFilter(ApplicationFilterChain.java:168)
	at org.apache.catalina.core.ApplicationFilterChain.doFilter(ApplicationFilterChain.java:144)
	at org.apache.catalina.core.StandardWrapperValve.invoke(StandardWrapperValve.java:168)
	at org.apache.catalina.core.StandardContextValve.invoke(StandardContextValve.java:90)
	at org.apache.catalina.authenticator.AuthenticatorBase.invoke(AuthenticatorBase.java:482)
	at org.apache.catalina.core.StandardHostValve.invoke(StandardHostValve.java:130)
	at org.apache.catalina.valves.ErrorReportValve.invoke(ErrorReportValve.java:93)
	at org.apache.catalina.core.StandardEngineValve.invoke(StandardEngineValve.java:74)
	at org.apache.catalina.connector.CoyoteAdapter.service(CoyoteAdapter.java:346)
	at org.apache.coyote.http11.Http11Processor.service(Http11Processor.java:396)
	at org.apache.coyote.AbstractProcessorLight.process(AbstractProcessorLight.java:63)
	at org.apache.coyote.AbstractProtocol$ConnectionHandler.process(AbstractProtocol.java:937)
	at org.apache.tomcat.util.net.NioEndpoint$SocketProcessor.doRun(NioEndpoint.java:1793)
	at org.apache.tomcat.util.net.SocketProcessorBase.run(SocketProcessorBase.java:52)
	at org.apache.tomcat.util.threads.ThreadPoolExecutor.runWorker(ThreadPoolExecutor.java:1190)
	at org.apache.tomcat.util.threads.ThreadPoolExecutor$Worker.run(ThreadPoolExecutor.java:659)
	at org.apache.tomcat.util.threads.TaskThread$WrappingRunnable.run(TaskThread.java:63)
	at java.base/java.lang.Thread.run(Unknown Source)
[2025-07-23 16:12:32]  WARN [http-nio-8085-exec-7] com.flatirons.pinpoint.server.common.utils.CommonUtils:1689 - DateFormat Exception for String value '2025-06-01T00:00:00-07:00[America/Los_Angeles]'.
[2025-07-23 16:12:53]  INFO [http-nio-8085-exec-5] com.flatirons.pinpoint.server.search.service.impl.FullTextSearchSubmitServiceImpl:520 - KeyWord query:(pps_document_html:(ardrox*) OR ((pps_publication_title:(ardrox*) OR pps_publication_desc:(ardrox*)) AND pps_publication_type:pdf))
[2025-07-23 16:12:53]  INFO [http-nio-8085-exec-5] com.flatirons.pinpoint.server.search.service.impl.FullTextSearchSubmitServiceImpl:360 - Whole query string:(pps_document_html:(ardrox*) OR ((pps_publication_title:(ardrox*) OR pps_publication_desc:(ardrox*)) AND pps_publication_type:pdf))
[2025-07-23 16:12:53]  INFO [http-nio-8085-exec-5] com.flatirons.pinpoint.server.search.service.impl.FullTextSearchSubmitServiceImpl:1228 - Solr return fields String:pps_library_id,pps_publication_id,pps_publication_title,pps_publication_desc,pps_document_code,pps_document_title,pps_document_pointer,score,pps_product_ids,pps_publication_type,pps_revision_num,pps_document_supplement_pdf_type,pps_sheet_id,pps_sheet_title,pps_type,id,hits:sum(0,termfreq(pps_document_html,'ardrox'))
[2025-07-23 16:12:53]  INFO [http-nio-8085-exec-5] com.flatirons.pinpoint.server.search.service.impl.FullTextSearchSubmitServiceImpl:1239 - Solr sort column: sum(0,termfreq(pps_document_html,'ardrox'))
[2025-07-23 16:12:53]  INFO [http-nio-8085-exec-5] com.flatirons.pinpoint.server.search.service.impl.FullTextSearchSubmitServiceImpl:194 - Request handler:/select
[2025-07-23 16:12:53]  INFO [http-nio-8085-exec-5] com.flatirons.pinpoint.server.service.impl.SolrServiceImpl:79 - Start executing query for solr client.
[2025-07-23 16:12:53]  INFO [http-nio-8085-exec-5] com.flatirons.pinpoint.server.common.utils.SolrUtils:173 - Creating [pinpoint_server] Cached Connection: http://localhost:8085/solr/pinpoint_server
[2025-07-23 16:12:56]  INFO [http-nio-8085-exec-5] com.flatirons.pinpoint.server.service.impl.SolrServiceImpl:84 - Finish executing query for solr client.
[2025-07-23 16:12:56] ERROR [http-nio-8085-exec-5] com.flatirons.pinpoint.server.common.utils.CommonUtils:1675 - There is something wrong for formatting revision date.
org.threeten.bp.format.DateTimeParseException: Text 'May-21-2025 12:27 AM' could not be parsed at index 0
	at org.threeten.bp.format.DateTimeFormatter.parseToBuilder(DateTimeFormatter.java:1587)
	at org.threeten.bp.format.DateTimeFormatter.parse(DateTimeFormatter.java:1491)
	at org.threeten.bp.ZonedDateTime.parse(ZonedDateTime.java:562)
	at org.threeten.bp.ZonedDateTime.parse(ZonedDateTime.java:547)
	at com.flatirons.commons.utilities.TimeUtilities.fromISOtime(TimeUtilities.java:27)
	at com.flatirons.pinpoint.server.common.utils.CommonUtils.convertLocaleDate(CommonUtils.java:1671)
	at com.flatirons.pinpoint.server.entity.LibraryPublication.getFormattedRevisionDate(LibraryPublication.java:176)
	at com.flatirons.pinpoint.server.common.utils.CommonUtils.convertPublication(CommonUtils.java:1897)
	at com.flatirons.pinpoint.server.search.service.impl.FullTextSearchSubmitServiceImpl.buildDataForPublication(FullTextSearchSubmitServiceImpl.java:1144)
	at com.flatirons.pinpoint.server.search.service.impl.FullTextSearchSubmitServiceImpl.buildMatches(FullTextSearchSubmitServiceImpl.java:950)
	at com.flatirons.pinpoint.server.search.service.impl.FullTextSearchSubmitServiceImpl.buildSolrTemplateModel(FullTextSearchSubmitServiceImpl.java:887)
	at com.flatirons.pinpoint.server.search.service.impl.SearchSolrServiceImpl.searchForTemplateModel(SearchSolrServiceImpl.java:49)
	at com.flatirons.pinpoint.server.search.service.impl.SearchSolrServiceImpl.searchForTemplateModel(SearchSolrServiceImpl.java:35)
	at com.flatirons.pinpoint.server.search.service.impl.SearchSolrServiceImpl.processSearch(SearchSolrServiceImpl.java:28)
	at com.flatirons.pinpoint.server.rest.resource.SearchResource.fullTextSearchSubmit(SearchResource.java:49)
	at java.base/jdk.internal.reflect.NativeMethodAccessorImpl.invoke0(Native Method)
	at java.base/jdk.internal.reflect.NativeMethodAccessorImpl.invoke(Unknown Source)
	at java.base/jdk.internal.reflect.DelegatingMethodAccessorImpl.invoke(Unknown Source)
	at java.base/java.lang.reflect.Method.invoke(Unknown Source)
	at org.glassfish.jersey.server.model.internal.ResourceMethodInvocationHandlerFactory.lambda$static$0(ResourceMethodInvocationHandlerFactory.java:52)
	at org.glassfish.jersey.server.model.internal.AbstractJavaResourceMethodDispatcher$1.run(AbstractJavaResourceMethodDispatcher.java:124)
	at org.glassfish.jersey.server.model.internal.AbstractJavaResourceMethodDispatcher.invoke(AbstractJavaResourceMethodDispatcher.java:167)
	at org.glassfish.jersey.server.model.internal.JavaResourceMethodDispatcherProvider$ResponseOutInvoker.doDispatch(JavaResourceMethodDispatcherProvider.java:176)
	at org.glassfish.jersey.server.model.internal.AbstractJavaResourceMethodDispatcher.dispatch(AbstractJavaResourceMethodDispatcher.java:79)
	at org.glassfish.jersey.server.model.ResourceMethodInvoker.invoke(ResourceMethodInvoker.java:475)
	at org.glassfish.jersey.server.model.ResourceMethodInvoker.apply(ResourceMethodInvoker.java:397)
	at org.glassfish.jersey.server.model.ResourceMethodInvoker.apply(ResourceMethodInvoker.java:81)
	at org.glassfish.jersey.server.ServerRuntime$1.run(ServerRuntime.java:255)
	at org.glassfish.jersey.internal.Errors$1.call(Errors.java:248)
	at org.glassfish.jersey.internal.Errors$1.call(Errors.java:244)
	at org.glassfish.jersey.internal.Errors.process(Errors.java:292)
	at org.glassfish.jersey.internal.Errors.process(Errors.java:274)
	at org.glassfish.jersey.internal.Errors.process(Errors.java:244)
	at org.glassfish.jersey.process.internal.RequestScope.runInScope(RequestScope.java:265)
	at org.glassfish.jersey.server.ServerRuntime.process(ServerRuntime.java:234)
	at org.glassfish.jersey.server.ApplicationHandler.handle(ApplicationHandler.java:684)
	at org.glassfish.jersey.servlet.WebComponent.serviceImpl(WebComponent.java:394)
	at org.glassfish.jersey.servlet.WebComponent.service(WebComponent.java:346)
	at org.glassfish.jersey.servlet.ServletContainer.service(ServletContainer.java:366)
	at org.glassfish.jersey.servlet.ServletContainer.service(ServletContainer.java:319)
	at org.glassfish.jersey.servlet.ServletContainer.service(ServletContainer.java:205)
	at org.apache.catalina.core.ApplicationFilterChain.internalDoFilter(ApplicationFilterChain.java:199)
	at org.apache.catalina.core.ApplicationFilterChain.doFilter(ApplicationFilterChain.java:144)
	at org.apache.tomcat.websocket.server.WsFilter.doFilter(WsFilter.java:51)
	at org.apache.catalina.core.ApplicationFilterChain.internalDoFilter(ApplicationFilterChain.java:168)
	at org.apache.catalina.core.ApplicationFilterChain.doFilter(ApplicationFilterChain.java:144)
	at org.springframework.web.filter.RequestContextFilter.doFilterInternal(RequestContextFilter.java:100)
	at org.springframework.web.filter.OncePerRequestFilter.doFilter(OncePerRequestFilter.java:117)
	at org.apache.catalina.core.ApplicationFilterChain.internalDoFilter(ApplicationFilterChain.java:168)
	at org.apache.catalina.core.ApplicationFilterChain.doFilter(ApplicationFilterChain.java:144)
	at org.springframework.web.filter.FormContentFilter.doFilterInternal(FormContentFilter.java:93)
	at org.springframework.web.filter.OncePerRequestFilter.doFilter(OncePerRequestFilter.java:117)
	at org.apache.catalina.core.ApplicationFilterChain.internalDoFilter(ApplicationFilterChain.java:168)
	at org.apache.catalina.core.ApplicationFilterChain.doFilter(ApplicationFilterChain.java:144)
	at org.springframework.boot.actuate.metrics.web.servlet.WebMvcMetricsFilter.doFilterInternal(WebMvcMetricsFilter.java:96)
	at org.springframework.web.filter.OncePerRequestFilter.doFilter(OncePerRequestFilter.java:117)
	at org.apache.catalina.core.ApplicationFilterChain.internalDoFilter(ApplicationFilterChain.java:168)
	at org.apache.catalina.core.ApplicationFilterChain.doFilter(ApplicationFilterChain.java:144)
	at org.springframework.boot.web.servlet.support.ErrorPageFilter.doFilter(ErrorPageFilter.java:126)
	at org.springframework.boot.web.servlet.support.ErrorPageFilter.access$000(ErrorPageFilter.java:64)
	at org.springframework.boot.web.servlet.support.ErrorPageFilter$1.doFilterInternal(ErrorPageFilter.java:101)
	at org.springframework.web.filter.OncePerRequestFilter.doFilter(OncePerRequestFilter.java:117)
	at org.springframework.boot.web.servlet.support.ErrorPageFilter.doFilter(ErrorPageFilter.java:119)
	at org.apache.catalina.core.ApplicationFilterChain.internalDoFilter(ApplicationFilterChain.java:168)
	at org.apache.catalina.core.ApplicationFilterChain.doFilter(ApplicationFilterChain.java:144)
	at org.springframework.web.filter.CharacterEncodingFilter.doFilterInternal(CharacterEncodingFilter.java:201)
	at org.springframework.web.filter.OncePerRequestFilter.doFilter(OncePerRequestFilter.java:117)
	at org.apache.catalina.core.ApplicationFilterChain.internalDoFilter(ApplicationFilterChain.java:168)
	at org.apache.catalina.core.ApplicationFilterChain.doFilter(ApplicationFilterChain.java:144)
	at org.apache.catalina.core.StandardWrapperValve.invoke(StandardWrapperValve.java:168)
	at org.apache.catalina.core.StandardContextValve.invoke(StandardContextValve.java:90)
	at org.apache.catalina.authenticator.AuthenticatorBase.invoke(AuthenticatorBase.java:482)
	at org.apache.catalina.core.StandardHostValve.invoke(StandardHostValve.java:130)
	at org.apache.catalina.valves.ErrorReportValve.invoke(ErrorReportValve.java:93)
	at org.apache.catalina.core.StandardEngineValve.invoke(StandardEngineValve.java:74)
	at org.apache.catalina.connector.CoyoteAdapter.service(CoyoteAdapter.java:346)
	at org.apache.coyote.http11.Http11Processor.service(Http11Processor.java:396)
	at org.apache.coyote.AbstractProcessorLight.process(AbstractProcessorLight.java:63)
	at org.apache.coyote.AbstractProtocol$ConnectionHandler.process(AbstractProtocol.java:937)
	at org.apache.tomcat.util.net.NioEndpoint$SocketProcessor.doRun(NioEndpoint.java:1793)
	at org.apache.tomcat.util.net.SocketProcessorBase.run(SocketProcessorBase.java:52)
	at org.apache.tomcat.util.threads.ThreadPoolExecutor.runWorker(ThreadPoolExecutor.java:1190)
	at org.apache.tomcat.util.threads.ThreadPoolExecutor$Worker.run(ThreadPoolExecutor.java:659)
	at org.apache.tomcat.util.threads.TaskThread$WrappingRunnable.run(TaskThread.java:63)
	at java.base/java.lang.Thread.run(Unknown Source)
[2025-07-23 16:12:57] ERROR [http-nio-8085-exec-5] com.flatirons.pinpoint.server.common.utils.CommonUtils:1675 - There is something wrong for formatting revision date.
org.threeten.bp.format.DateTimeParseException: Text 'May-21-2025 12:27 AM' could not be parsed at index 0
	at org.threeten.bp.format.DateTimeFormatter.parseToBuilder(DateTimeFormatter.java:1587)
	at org.threeten.bp.format.DateTimeFormatter.parse(DateTimeFormatter.java:1491)
	at org.threeten.bp.ZonedDateTime.parse(ZonedDateTime.java:562)
	at org.threeten.bp.ZonedDateTime.parse(ZonedDateTime.java:547)
	at com.flatirons.commons.utilities.TimeUtilities.fromISOtime(TimeUtilities.java:27)
	at com.flatirons.pinpoint.server.common.utils.CommonUtils.convertLocaleDate(CommonUtils.java:1671)
	at com.flatirons.pinpoint.server.entity.LibraryPublication.getFormattedRevisionDate(LibraryPublication.java:176)
	at com.flatirons.pinpoint.server.common.utils.CommonUtils.convertPublication(CommonUtils.java:1897)
	at com.flatirons.pinpoint.server.search.service.impl.FullTextSearchSubmitServiceImpl.buildDataForPublication(FullTextSearchSubmitServiceImpl.java:1144)
	at com.flatirons.pinpoint.server.search.service.impl.FullTextSearchSubmitServiceImpl.buildMatches(FullTextSearchSubmitServiceImpl.java:950)
	at com.flatirons.pinpoint.server.search.service.impl.FullTextSearchSubmitServiceImpl.buildSolrTemplateModel(FullTextSearchSubmitServiceImpl.java:887)
	at com.flatirons.pinpoint.server.search.service.impl.SearchSolrServiceImpl.searchForTemplateModel(SearchSolrServiceImpl.java:49)
	at com.flatirons.pinpoint.server.search.service.impl.SearchSolrServiceImpl.searchForTemplateModel(SearchSolrServiceImpl.java:35)
	at com.flatirons.pinpoint.server.search.service.impl.SearchSolrServiceImpl.processSearch(SearchSolrServiceImpl.java:28)
	at com.flatirons.pinpoint.server.rest.resource.SearchResource.fullTextSearchSubmit(SearchResource.java:49)
	at java.base/jdk.internal.reflect.NativeMethodAccessorImpl.invoke0(Native Method)
	at java.base/jdk.internal.reflect.NativeMethodAccessorImpl.invoke(Unknown Source)
	at java.base/jdk.internal.reflect.DelegatingMethodAccessorImpl.invoke(Unknown Source)
	at java.base/java.lang.reflect.Method.invoke(Unknown Source)
	at org.glassfish.jersey.server.model.internal.ResourceMethodInvocationHandlerFactory.lambda$static$0(ResourceMethodInvocationHandlerFactory.java:52)
	at org.glassfish.jersey.server.model.internal.AbstractJavaResourceMethodDispatcher$1.run(AbstractJavaResourceMethodDispatcher.java:124)
	at org.glassfish.jersey.server.model.internal.AbstractJavaResourceMethodDispatcher.invoke(AbstractJavaResourceMethodDispatcher.java:167)
	at org.glassfish.jersey.server.model.internal.JavaResourceMethodDispatcherProvider$ResponseOutInvoker.doDispatch(JavaResourceMethodDispatcherProvider.java:176)
	at org.glassfish.jersey.server.model.internal.AbstractJavaResourceMethodDispatcher.dispatch(AbstractJavaResourceMethodDispatcher.java:79)
	at org.glassfish.jersey.server.model.ResourceMethodInvoker.invoke(ResourceMethodInvoker.java:475)
	at org.glassfish.jersey.server.model.ResourceMethodInvoker.apply(ResourceMethodInvoker.java:397)
	at org.glassfish.jersey.server.model.ResourceMethodInvoker.apply(ResourceMethodInvoker.java:81)
	at org.glassfish.jersey.server.ServerRuntime$1.run(ServerRuntime.java:255)
	at org.glassfish.jersey.internal.Errors$1.call(Errors.java:248)
	at org.glassfish.jersey.internal.Errors$1.call(Errors.java:244)
	at org.glassfish.jersey.internal.Errors.process(Errors.java:292)
	at org.glassfish.jersey.internal.Errors.process(Errors.java:274)
	at org.glassfish.jersey.internal.Errors.process(Errors.java:244)
	at org.glassfish.jersey.process.internal.RequestScope.runInScope(RequestScope.java:265)
	at org.glassfish.jersey.server.ServerRuntime.process(ServerRuntime.java:234)
	at org.glassfish.jersey.server.ApplicationHandler.handle(ApplicationHandler.java:684)
	at org.glassfish.jersey.servlet.WebComponent.serviceImpl(WebComponent.java:394)
	at org.glassfish.jersey.servlet.WebComponent.service(WebComponent.java:346)
	at org.glassfish.jersey.servlet.ServletContainer.service(ServletContainer.java:366)
	at org.glassfish.jersey.servlet.ServletContainer.service(ServletContainer.java:319)
	at org.glassfish.jersey.servlet.ServletContainer.service(ServletContainer.java:205)
	at org.apache.catalina.core.ApplicationFilterChain.internalDoFilter(ApplicationFilterChain.java:199)
	at org.apache.catalina.core.ApplicationFilterChain.doFilter(ApplicationFilterChain.java:144)
	at org.apache.tomcat.websocket.server.WsFilter.doFilter(WsFilter.java:51)
	at org.apache.catalina.core.ApplicationFilterChain.internalDoFilter(ApplicationFilterChain.java:168)
	at org.apache.catalina.core.ApplicationFilterChain.doFilter(ApplicationFilterChain.java:144)
	at org.springframework.web.filter.RequestContextFilter.doFilterInternal(RequestContextFilter.java:100)
	at org.springframework.web.filter.OncePerRequestFilter.doFilter(OncePerRequestFilter.java:117)
	at org.apache.catalina.core.ApplicationFilterChain.internalDoFilter(ApplicationFilterChain.java:168)
	at org.apache.catalina.core.ApplicationFilterChain.doFilter(ApplicationFilterChain.java:144)
	at org.springframework.web.filter.FormContentFilter.doFilterInternal(FormContentFilter.java:93)
	at org.springframework.web.filter.OncePerRequestFilter.doFilter(OncePerRequestFilter.java:117)
	at org.apache.catalina.core.ApplicationFilterChain.internalDoFilter(ApplicationFilterChain.java:168)
	at org.apache.catalina.core.ApplicationFilterChain.doFilter(ApplicationFilterChain.java:144)
	at org.springframework.boot.actuate.metrics.web.servlet.WebMvcMetricsFilter.doFilterInternal(WebMvcMetricsFilter.java:96)
	at org.springframework.web.filter.OncePerRequestFilter.doFilter(OncePerRequestFilter.java:117)
	at org.apache.catalina.core.ApplicationFilterChain.internalDoFilter(ApplicationFilterChain.java:168)
	at org.apache.catalina.core.ApplicationFilterChain.doFilter(ApplicationFilterChain.java:144)
	at org.springframework.boot.web.servlet.support.ErrorPageFilter.doFilter(ErrorPageFilter.java:126)
	at org.springframework.boot.web.servlet.support.ErrorPageFilter.access$000(ErrorPageFilter.java:64)
	at org.springframework.boot.web.servlet.support.ErrorPageFilter$1.doFilterInternal(ErrorPageFilter.java:101)
	at org.springframework.web.filter.OncePerRequestFilter.doFilter(OncePerRequestFilter.java:117)
	at org.springframework.boot.web.servlet.support.ErrorPageFilter.doFilter(ErrorPageFilter.java:119)
	at org.apache.catalina.core.ApplicationFilterChain.internalDoFilter(ApplicationFilterChain.java:168)
	at org.apache.catalina.core.ApplicationFilterChain.doFilter(ApplicationFilterChain.java:144)
	at org.springframework.web.filter.CharacterEncodingFilter.doFilterInternal(CharacterEncodingFilter.java:201)
	at org.springframework.web.filter.OncePerRequestFilter.doFilter(OncePerRequestFilter.java:117)
	at org.apache.catalina.core.ApplicationFilterChain.internalDoFilter(ApplicationFilterChain.java:168)
	at org.apache.catalina.core.ApplicationFilterChain.doFilter(ApplicationFilterChain.java:144)
	at org.apache.catalina.core.StandardWrapperValve.invoke(StandardWrapperValve.java:168)
	at org.apache.catalina.core.StandardContextValve.invoke(StandardContextValve.java:90)
	at org.apache.catalina.authenticator.AuthenticatorBase.invoke(AuthenticatorBase.java:482)
	at org.apache.catalina.core.StandardHostValve.invoke(StandardHostValve.java:130)
	at org.apache.catalina.valves.ErrorReportValve.invoke(ErrorReportValve.java:93)
	at org.apache.catalina.core.StandardEngineValve.invoke(StandardEngineValve.java:74)
	at org.apache.catalina.connector.CoyoteAdapter.service(CoyoteAdapter.java:346)
	at org.apache.coyote.http11.Http11Processor.service(Http11Processor.java:396)
	at org.apache.coyote.AbstractProcessorLight.process(AbstractProcessorLight.java:63)
	at org.apache.coyote.AbstractProtocol$ConnectionHandler.process(AbstractProtocol.java:937)
	at org.apache.tomcat.util.net.NioEndpoint$SocketProcessor.doRun(NioEndpoint.java:1793)
	at org.apache.tomcat.util.net.SocketProcessorBase.run(SocketProcessorBase.java:52)
	at org.apache.tomcat.util.threads.ThreadPoolExecutor.runWorker(ThreadPoolExecutor.java:1190)
	at org.apache.tomcat.util.threads.ThreadPoolExecutor$Worker.run(ThreadPoolExecutor.java:659)
	at org.apache.tomcat.util.threads.TaskThread$WrappingRunnable.run(TaskThread.java:63)
	at java.base/java.lang.Thread.run(Unknown Source)
[2025-07-23 16:12:57] ERROR [http-nio-8085-exec-5] com.flatirons.pinpoint.server.common.utils.CommonUtils:1675 - There is something wrong for formatting revision date.
org.threeten.bp.format.DateTimeParseException: Text 'May-21-2025 12:27 AM' could not be parsed at index 0
	at org.threeten.bp.format.DateTimeFormatter.parseToBuilder(DateTimeFormatter.java:1587)
	at org.threeten.bp.format.DateTimeFormatter.parse(DateTimeFormatter.java:1491)
	at org.threeten.bp.ZonedDateTime.parse(ZonedDateTime.java:562)
	at org.threeten.bp.ZonedDateTime.parse(ZonedDateTime.java:547)
	at com.flatirons.commons.utilities.TimeUtilities.fromISOtime(TimeUtilities.java:27)
	at com.flatirons.pinpoint.server.common.utils.CommonUtils.convertLocaleDate(CommonUtils.java:1671)
	at com.flatirons.pinpoint.server.entity.LibraryPublication.getFormattedRevisionDate(LibraryPublication.java:176)
	at com.flatirons.pinpoint.server.common.utils.CommonUtils.convertPublication(CommonUtils.java:1897)
	at com.flatirons.pinpoint.server.search.service.impl.FullTextSearchSubmitServiceImpl.buildDataForPublication(FullTextSearchSubmitServiceImpl.java:1144)
	at com.flatirons.pinpoint.server.search.service.impl.FullTextSearchSubmitServiceImpl.buildMatches(FullTextSearchSubmitServiceImpl.java:950)
	at com.flatirons.pinpoint.server.search.service.impl.FullTextSearchSubmitServiceImpl.buildSolrTemplateModel(FullTextSearchSubmitServiceImpl.java:887)
	at com.flatirons.pinpoint.server.search.service.impl.SearchSolrServiceImpl.searchForTemplateModel(SearchSolrServiceImpl.java:49)
	at com.flatirons.pinpoint.server.search.service.impl.SearchSolrServiceImpl.searchForTemplateModel(SearchSolrServiceImpl.java:35)
	at com.flatirons.pinpoint.server.search.service.impl.SearchSolrServiceImpl.processSearch(SearchSolrServiceImpl.java:28)
	at com.flatirons.pinpoint.server.rest.resource.SearchResource.fullTextSearchSubmit(SearchResource.java:49)
	at java.base/jdk.internal.reflect.NativeMethodAccessorImpl.invoke0(Native Method)
	at java.base/jdk.internal.reflect.NativeMethodAccessorImpl.invoke(Unknown Source)
	at java.base/jdk.internal.reflect.DelegatingMethodAccessorImpl.invoke(Unknown Source)
	at java.base/java.lang.reflect.Method.invoke(Unknown Source)
	at org.glassfish.jersey.server.model.internal.ResourceMethodInvocationHandlerFactory.lambda$static$0(ResourceMethodInvocationHandlerFactory.java:52)
	at org.glassfish.jersey.server.model.internal.AbstractJavaResourceMethodDispatcher$1.run(AbstractJavaResourceMethodDispatcher.java:124)
	at org.glassfish.jersey.server.model.internal.AbstractJavaResourceMethodDispatcher.invoke(AbstractJavaResourceMethodDispatcher.java:167)
	at org.glassfish.jersey.server.model.internal.JavaResourceMethodDispatcherProvider$ResponseOutInvoker.doDispatch(JavaResourceMethodDispatcherProvider.java:176)
	at org.glassfish.jersey.server.model.internal.AbstractJavaResourceMethodDispatcher.dispatch(AbstractJavaResourceMethodDispatcher.java:79)
	at org.glassfish.jersey.server.model.ResourceMethodInvoker.invoke(ResourceMethodInvoker.java:475)
	at org.glassfish.jersey.server.model.ResourceMethodInvoker.apply(ResourceMethodInvoker.java:397)
	at org.glassfish.jersey.server.model.ResourceMethodInvoker.apply(ResourceMethodInvoker.java:81)
	at org.glassfish.jersey.server.ServerRuntime$1.run(ServerRuntime.java:255)
	at org.glassfish.jersey.internal.Errors$1.call(Errors.java:248)
	at org.glassfish.jersey.internal.Errors$1.call(Errors.java:244)
	at org.glassfish.jersey.internal.Errors.process(Errors.java:292)
	at org.glassfish.jersey.internal.Errors.process(Errors.java:274)
	at org.glassfish.jersey.internal.Errors.process(Errors.java:244)
	at org.glassfish.jersey.process.internal.RequestScope.runInScope(RequestScope.java:265)
	at org.glassfish.jersey.server.ServerRuntime.process(ServerRuntime.java:234)
	at org.glassfish.jersey.server.ApplicationHandler.handle(ApplicationHandler.java:684)
	at org.glassfish.jersey.servlet.WebComponent.serviceImpl(WebComponent.java:394)
	at org.glassfish.jersey.servlet.WebComponent.service(WebComponent.java:346)
	at org.glassfish.jersey.servlet.ServletContainer.service(ServletContainer.java:366)
	at org.glassfish.jersey.servlet.ServletContainer.service(ServletContainer.java:319)
	at org.glassfish.jersey.servlet.ServletContainer.service(ServletContainer.java:205)
	at org.apache.catalina.core.ApplicationFilterChain.internalDoFilter(ApplicationFilterChain.java:199)
	at org.apache.catalina.core.ApplicationFilterChain.doFilter(ApplicationFilterChain.java:144)
	at org.apache.tomcat.websocket.server.WsFilter.doFilter(WsFilter.java:51)
	at org.apache.catalina.core.ApplicationFilterChain.internalDoFilter(ApplicationFilterChain.java:168)
	at org.apache.catalina.core.ApplicationFilterChain.doFilter(ApplicationFilterChain.java:144)
	at org.springframework.web.filter.RequestContextFilter.doFilterInternal(RequestContextFilter.java:100)
	at org.springframework.web.filter.OncePerRequestFilter.doFilter(OncePerRequestFilter.java:117)
	at org.apache.catalina.core.ApplicationFilterChain.internalDoFilter(ApplicationFilterChain.java:168)
	at org.apache.catalina.core.ApplicationFilterChain.doFilter(ApplicationFilterChain.java:144)
	at org.springframework.web.filter.FormContentFilter.doFilterInternal(FormContentFilter.java:93)
	at org.springframework.web.filter.OncePerRequestFilter.doFilter(OncePerRequestFilter.java:117)
	at org.apache.catalina.core.ApplicationFilterChain.internalDoFilter(ApplicationFilterChain.java:168)
	at org.apache.catalina.core.ApplicationFilterChain.doFilter(ApplicationFilterChain.java:144)
	at org.springframework.boot.actuate.metrics.web.servlet.WebMvcMetricsFilter.doFilterInternal(WebMvcMetricsFilter.java:96)
	at org.springframework.web.filter.OncePerRequestFilter.doFilter(OncePerRequestFilter.java:117)
	at org.apache.catalina.core.ApplicationFilterChain.internalDoFilter(ApplicationFilterChain.java:168)
	at org.apache.catalina.core.ApplicationFilterChain.doFilter(ApplicationFilterChain.java:144)
	at org.springframework.boot.web.servlet.support.ErrorPageFilter.doFilter(ErrorPageFilter.java:126)
	at org.springframework.boot.web.servlet.support.ErrorPageFilter.access$000(ErrorPageFilter.java:64)
	at org.springframework.boot.web.servlet.support.ErrorPageFilter$1.doFilterInternal(ErrorPageFilter.java:101)
	at org.springframework.web.filter.OncePerRequestFilter.doFilter(OncePerRequestFilter.java:117)
	at org.springframework.boot.web.servlet.support.ErrorPageFilter.doFilter(ErrorPageFilter.java:119)
	at org.apache.catalina.core.ApplicationFilterChain.internalDoFilter(ApplicationFilterChain.java:168)
	at org.apache.catalina.core.ApplicationFilterChain.doFilter(ApplicationFilterChain.java:144)
	at org.springframework.web.filter.CharacterEncodingFilter.doFilterInternal(CharacterEncodingFilter.java:201)
	at org.springframework.web.filter.OncePerRequestFilter.doFilter(OncePerRequestFilter.java:117)
	at org.apache.catalina.core.ApplicationFilterChain.internalDoFilter(ApplicationFilterChain.java:168)
	at org.apache.catalina.core.ApplicationFilterChain.doFilter(ApplicationFilterChain.java:144)
	at org.apache.catalina.core.StandardWrapperValve.invoke(StandardWrapperValve.java:168)
	at org.apache.catalina.core.StandardContextValve.invoke(StandardContextValve.java:90)
	at org.apache.catalina.authenticator.AuthenticatorBase.invoke(AuthenticatorBase.java:482)
	at org.apache.catalina.core.StandardHostValve.invoke(StandardHostValve.java:130)
	at org.apache.catalina.valves.ErrorReportValve.invoke(ErrorReportValve.java:93)
	at org.apache.catalina.core.StandardEngineValve.invoke(StandardEngineValve.java:74)
	at org.apache.catalina.connector.CoyoteAdapter.service(CoyoteAdapter.java:346)
	at org.apache.coyote.http11.Http11Processor.service(Http11Processor.java:396)
	at org.apache.coyote.AbstractProcessorLight.process(AbstractProcessorLight.java:63)
	at org.apache.coyote.AbstractProtocol$ConnectionHandler.process(AbstractProtocol.java:937)
	at org.apache.tomcat.util.net.NioEndpoint$SocketProcessor.doRun(NioEndpoint.java:1793)
	at org.apache.tomcat.util.net.SocketProcessorBase.run(SocketProcessorBase.java:52)
	at org.apache.tomcat.util.threads.ThreadPoolExecutor.runWorker(ThreadPoolExecutor.java:1190)
	at org.apache.tomcat.util.threads.ThreadPoolExecutor$Worker.run(ThreadPoolExecutor.java:659)
	at org.apache.tomcat.util.threads.TaskThread$WrappingRunnable.run(TaskThread.java:63)
	at java.base/java.lang.Thread.run(Unknown Source)
[2025-07-23 16:12:57] ERROR [http-nio-8085-exec-5] com.flatirons.pinpoint.server.common.utils.CommonUtils:1675 - There is something wrong for formatting revision date.
org.threeten.bp.format.DateTimeParseException: Text 'May-21-2025 12:27 AM' could not be parsed at index 0
	at org.threeten.bp.format.DateTimeFormatter.parseToBuilder(DateTimeFormatter.java:1587)
	at org.threeten.bp.format.DateTimeFormatter.parse(DateTimeFormatter.java:1491)
	at org.threeten.bp.ZonedDateTime.parse(ZonedDateTime.java:562)
	at org.threeten.bp.ZonedDateTime.parse(ZonedDateTime.java:547)
	at com.flatirons.commons.utilities.TimeUtilities.fromISOtime(TimeUtilities.java:27)
	at com.flatirons.pinpoint.server.common.utils.CommonUtils.convertLocaleDate(CommonUtils.java:1671)
	at com.flatirons.pinpoint.server.entity.LibraryPublication.getFormattedRevisionDate(LibraryPublication.java:176)
	at com.flatirons.pinpoint.server.common.utils.CommonUtils.convertPublication(CommonUtils.java:1897)
	at com.flatirons.pinpoint.server.search.service.impl.FullTextSearchSubmitServiceImpl.buildDataForPublication(FullTextSearchSubmitServiceImpl.java:1144)
	at com.flatirons.pinpoint.server.search.service.impl.FullTextSearchSubmitServiceImpl.buildMatches(FullTextSearchSubmitServiceImpl.java:950)
	at com.flatirons.pinpoint.server.search.service.impl.FullTextSearchSubmitServiceImpl.buildSolrTemplateModel(FullTextSearchSubmitServiceImpl.java:887)
	at com.flatirons.pinpoint.server.search.service.impl.SearchSolrServiceImpl.searchForTemplateModel(SearchSolrServiceImpl.java:49)
	at com.flatirons.pinpoint.server.search.service.impl.SearchSolrServiceImpl.searchForTemplateModel(SearchSolrServiceImpl.java:35)
	at com.flatirons.pinpoint.server.search.service.impl.SearchSolrServiceImpl.processSearch(SearchSolrServiceImpl.java:28)
	at com.flatirons.pinpoint.server.rest.resource.SearchResource.fullTextSearchSubmit(SearchResource.java:49)
	at java.base/jdk.internal.reflect.NativeMethodAccessorImpl.invoke0(Native Method)
	at java.base/jdk.internal.reflect.NativeMethodAccessorImpl.invoke(Unknown Source)
	at java.base/jdk.internal.reflect.DelegatingMethodAccessorImpl.invoke(Unknown Source)
	at java.base/java.lang.reflect.Method.invoke(Unknown Source)
	at org.glassfish.jersey.server.model.internal.ResourceMethodInvocationHandlerFactory.lambda$static$0(ResourceMethodInvocationHandlerFactory.java:52)
	at org.glassfish.jersey.server.model.internal.AbstractJavaResourceMethodDispatcher$1.run(AbstractJavaResourceMethodDispatcher.java:124)
	at org.glassfish.jersey.server.model.internal.AbstractJavaResourceMethodDispatcher.invoke(AbstractJavaResourceMethodDispatcher.java:167)
	at org.glassfish.jersey.server.model.internal.JavaResourceMethodDispatcherProvider$ResponseOutInvoker.doDispatch(JavaResourceMethodDispatcherProvider.java:176)
	at org.glassfish.jersey.server.model.internal.AbstractJavaResourceMethodDispatcher.dispatch(AbstractJavaResourceMethodDispatcher.java:79)
	at org.glassfish.jersey.server.model.ResourceMethodInvoker.invoke(ResourceMethodInvoker.java:475)
	at org.glassfish.jersey.server.model.ResourceMethodInvoker.apply(ResourceMethodInvoker.java:397)
	at org.glassfish.jersey.server.model.ResourceMethodInvoker.apply(ResourceMethodInvoker.java:81)
	at org.glassfish.jersey.server.ServerRuntime$1.run(ServerRuntime.java:255)
	at org.glassfish.jersey.internal.Errors$1.call(Errors.java:248)
	at org.glassfish.jersey.internal.Errors$1.call(Errors.java:244)
	at org.glassfish.jersey.internal.Errors.process(Errors.java:292)
	at org.glassfish.jersey.internal.Errors.process(Errors.java:274)
	at org.glassfish.jersey.internal.Errors.process(Errors.java:244)
	at org.glassfish.jersey.process.internal.RequestScope.runInScope(RequestScope.java:265)
	at org.glassfish.jersey.server.ServerRuntime.process(ServerRuntime.java:234)
	at org.glassfish.jersey.server.ApplicationHandler.handle(ApplicationHandler.java:684)
	at org.glassfish.jersey.servlet.WebComponent.serviceImpl(WebComponent.java:394)
	at org.glassfish.jersey.servlet.WebComponent.service(WebComponent.java:346)
	at org.glassfish.jersey.servlet.ServletContainer.service(ServletContainer.java:366)
	at org.glassfish.jersey.servlet.ServletContainer.service(ServletContainer.java:319)
	at org.glassfish.jersey.servlet.ServletContainer.service(ServletContainer.java:205)
	at org.apache.catalina.core.ApplicationFilterChain.internalDoFilter(ApplicationFilterChain.java:199)
	at org.apache.catalina.core.ApplicationFilterChain.doFilter(ApplicationFilterChain.java:144)
	at org.apache.tomcat.websocket.server.WsFilter.doFilter(WsFilter.java:51)
	at org.apache.catalina.core.ApplicationFilterChain.internalDoFilter(ApplicationFilterChain.java:168)
	at org.apache.catalina.core.ApplicationFilterChain.doFilter(ApplicationFilterChain.java:144)
	at org.springframework.web.filter.RequestContextFilter.doFilterInternal(RequestContextFilter.java:100)
	at org.springframework.web.filter.OncePerRequestFilter.doFilter(OncePerRequestFilter.java:117)
	at org.apache.catalina.core.ApplicationFilterChain.internalDoFilter(ApplicationFilterChain.java:168)
	at org.apache.catalina.core.ApplicationFilterChain.doFilter(ApplicationFilterChain.java:144)
	at org.springframework.web.filter.FormContentFilter.doFilterInternal(FormContentFilter.java:93)
	at org.springframework.web.filter.OncePerRequestFilter.doFilter(OncePerRequestFilter.java:117)
	at org.apache.catalina.core.ApplicationFilterChain.internalDoFilter(ApplicationFilterChain.java:168)
	at org.apache.catalina.core.ApplicationFilterChain.doFilter(ApplicationFilterChain.java:144)
	at org.springframework.boot.actuate.metrics.web.servlet.WebMvcMetricsFilter.doFilterInternal(WebMvcMetricsFilter.java:96)
	at org.springframework.web.filter.OncePerRequestFilter.doFilter(OncePerRequestFilter.java:117)
	at org.apache.catalina.core.ApplicationFilterChain.internalDoFilter(ApplicationFilterChain.java:168)
	at org.apache.catalina.core.ApplicationFilterChain.doFilter(ApplicationFilterChain.java:144)
	at org.springframework.boot.web.servlet.support.ErrorPageFilter.doFilter(ErrorPageFilter.java:126)
	at org.springframework.boot.web.servlet.support.ErrorPageFilter.access$000(ErrorPageFilter.java:64)
	at org.springframework.boot.web.servlet.support.ErrorPageFilter$1.doFilterInternal(ErrorPageFilter.java:101)
	at org.springframework.web.filter.OncePerRequestFilter.doFilter(OncePerRequestFilter.java:117)
	at org.springframework.boot.web.servlet.support.ErrorPageFilter.doFilter(ErrorPageFilter.java:119)
	at org.apache.catalina.core.ApplicationFilterChain.internalDoFilter(ApplicationFilterChain.java:168)
	at org.apache.catalina.core.ApplicationFilterChain.doFilter(ApplicationFilterChain.java:144)
	at org.springframework.web.filter.CharacterEncodingFilter.doFilterInternal(CharacterEncodingFilter.java:201)
	at org.springframework.web.filter.OncePerRequestFilter.doFilter(OncePerRequestFilter.java:117)
	at org.apache.catalina.core.ApplicationFilterChain.internalDoFilter(ApplicationFilterChain.java:168)
	at org.apache.catalina.core.ApplicationFilterChain.doFilter(ApplicationFilterChain.java:144)
	at org.apache.catalina.core.StandardWrapperValve.invoke(StandardWrapperValve.java:168)
	at org.apache.catalina.core.StandardContextValve.invoke(StandardContextValve.java:90)
	at org.apache.catalina.authenticator.AuthenticatorBase.invoke(AuthenticatorBase.java:482)
	at org.apache.catalina.core.StandardHostValve.invoke(StandardHostValve.java:130)
	at org.apache.catalina.valves.ErrorReportValve.invoke(ErrorReportValve.java:93)
	at org.apache.catalina.core.StandardEngineValve.invoke(StandardEngineValve.java:74)
	at org.apache.catalina.connector.CoyoteAdapter.service(CoyoteAdapter.java:346)
	at org.apache.coyote.http11.Http11Processor.service(Http11Processor.java:396)
	at org.apache.coyote.AbstractProcessorLight.process(AbstractProcessorLight.java:63)
	at org.apache.coyote.AbstractProtocol$ConnectionHandler.process(AbstractProtocol.java:937)
	at org.apache.tomcat.util.net.NioEndpoint$SocketProcessor.doRun(NioEndpoint.java:1793)
	at org.apache.tomcat.util.net.SocketProcessorBase.run(SocketProcessorBase.java:52)
	at org.apache.tomcat.util.threads.ThreadPoolExecutor.runWorker(ThreadPoolExecutor.java:1190)
	at org.apache.tomcat.util.threads.ThreadPoolExecutor$Worker.run(ThreadPoolExecutor.java:659)
	at org.apache.tomcat.util.threads.TaskThread$WrappingRunnable.run(TaskThread.java:63)
	at java.base/java.lang.Thread.run(Unknown Source)
[2025-07-23 16:12:57] ERROR [http-nio-8085-exec-5] com.flatirons.pinpoint.server.common.utils.CommonUtils:1675 - There is something wrong for formatting revision date.
org.threeten.bp.format.DateTimeParseException: Text 'May-21-2025 12:27 AM' could not be parsed at index 0
	at org.threeten.bp.format.DateTimeFormatter.parseToBuilder(DateTimeFormatter.java:1587)
	at org.threeten.bp.format.DateTimeFormatter.parse(DateTimeFormatter.java:1491)
	at org.threeten.bp.ZonedDateTime.parse(ZonedDateTime.java:562)
	at org.threeten.bp.ZonedDateTime.parse(ZonedDateTime.java:547)
	at com.flatirons.commons.utilities.TimeUtilities.fromISOtime(TimeUtilities.java:27)
	at com.flatirons.pinpoint.server.common.utils.CommonUtils.convertLocaleDate(CommonUtils.java:1671)
	at com.flatirons.pinpoint.server.entity.LibraryPublication.getFormattedRevisionDate(LibraryPublication.java:176)
	at com.flatirons.pinpoint.server.common.utils.CommonUtils.convertPublication(CommonUtils.java:1897)
	at com.flatirons.pinpoint.server.search.service.impl.FullTextSearchSubmitServiceImpl.buildDataForPublication(FullTextSearchSubmitServiceImpl.java:1144)
	at com.flatirons.pinpoint.server.search.service.impl.FullTextSearchSubmitServiceImpl.buildMatches(FullTextSearchSubmitServiceImpl.java:950)
	at com.flatirons.pinpoint.server.search.service.impl.FullTextSearchSubmitServiceImpl.buildSolrTemplateModel(FullTextSearchSubmitServiceImpl.java:887)
	at com.flatirons.pinpoint.server.search.service.impl.SearchSolrServiceImpl.searchForTemplateModel(SearchSolrServiceImpl.java:49)
	at com.flatirons.pinpoint.server.search.service.impl.SearchSolrServiceImpl.searchForTemplateModel(SearchSolrServiceImpl.java:35)
	at com.flatirons.pinpoint.server.search.service.impl.SearchSolrServiceImpl.processSearch(SearchSolrServiceImpl.java:28)
	at com.flatirons.pinpoint.server.rest.resource.SearchResource.fullTextSearchSubmit(SearchResource.java:49)
	at java.base/jdk.internal.reflect.NativeMethodAccessorImpl.invoke0(Native Method)
	at java.base/jdk.internal.reflect.NativeMethodAccessorImpl.invoke(Unknown Source)
	at java.base/jdk.internal.reflect.DelegatingMethodAccessorImpl.invoke(Unknown Source)
	at java.base/java.lang.reflect.Method.invoke(Unknown Source)
	at org.glassfish.jersey.server.model.internal.ResourceMethodInvocationHandlerFactory.lambda$static$0(ResourceMethodInvocationHandlerFactory.java:52)
	at org.glassfish.jersey.server.model.internal.AbstractJavaResourceMethodDispatcher$1.run(AbstractJavaResourceMethodDispatcher.java:124)
	at org.glassfish.jersey.server.model.internal.AbstractJavaResourceMethodDispatcher.invoke(AbstractJavaResourceMethodDispatcher.java:167)
	at org.glassfish.jersey.server.model.internal.JavaResourceMethodDispatcherProvider$ResponseOutInvoker.doDispatch(JavaResourceMethodDispatcherProvider.java:176)
	at org.glassfish.jersey.server.model.internal.AbstractJavaResourceMethodDispatcher.dispatch(AbstractJavaResourceMethodDispatcher.java:79)
	at org.glassfish.jersey.server.model.ResourceMethodInvoker.invoke(ResourceMethodInvoker.java:475)
	at org.glassfish.jersey.server.model.ResourceMethodInvoker.apply(ResourceMethodInvoker.java:397)
	at org.glassfish.jersey.server.model.ResourceMethodInvoker.apply(ResourceMethodInvoker.java:81)
	at org.glassfish.jersey.server.ServerRuntime$1.run(ServerRuntime.java:255)
	at org.glassfish.jersey.internal.Errors$1.call(Errors.java:248)
	at org.glassfish.jersey.internal.Errors$1.call(Errors.java:244)
	at org.glassfish.jersey.internal.Errors.process(Errors.java:292)
	at org.glassfish.jersey.internal.Errors.process(Errors.java:274)
	at org.glassfish.jersey.internal.Errors.process(Errors.java:244)
	at org.glassfish.jersey.process.internal.RequestScope.runInScope(RequestScope.java:265)
	at org.glassfish.jersey.server.ServerRuntime.process(ServerRuntime.java:234)
	at org.glassfish.jersey.server.ApplicationHandler.handle(ApplicationHandler.java:684)
	at org.glassfish.jersey.servlet.WebComponent.serviceImpl(WebComponent.java:394)
	at org.glassfish.jersey.servlet.WebComponent.service(WebComponent.java:346)
	at org.glassfish.jersey.servlet.ServletContainer.service(ServletContainer.java:366)
	at org.glassfish.jersey.servlet.ServletContainer.service(ServletContainer.java:319)
	at org.glassfish.jersey.servlet.ServletContainer.service(ServletContainer.java:205)
	at org.apache.catalina.core.ApplicationFilterChain.internalDoFilter(ApplicationFilterChain.java:199)
	at org.apache.catalina.core.ApplicationFilterChain.doFilter(ApplicationFilterChain.java:144)
	at org.apache.tomcat.websocket.server.WsFilter.doFilter(WsFilter.java:51)
	at org.apache.catalina.core.ApplicationFilterChain.internalDoFilter(ApplicationFilterChain.java:168)
	at org.apache.catalina.core.ApplicationFilterChain.doFilter(ApplicationFilterChain.java:144)
	at org.springframework.web.filter.RequestContextFilter.doFilterInternal(RequestContextFilter.java:100)
	at org.springframework.web.filter.OncePerRequestFilter.doFilter(OncePerRequestFilter.java:117)
	at org.apache.catalina.core.ApplicationFilterChain.internalDoFilter(ApplicationFilterChain.java:168)
	at org.apache.catalina.core.ApplicationFilterChain.doFilter(ApplicationFilterChain.java:144)
	at org.springframework.web.filter.FormContentFilter.doFilterInternal(FormContentFilter.java:93)
	at org.springframework.web.filter.OncePerRequestFilter.doFilter(OncePerRequestFilter.java:117)
	at org.apache.catalina.core.ApplicationFilterChain.internalDoFilter(ApplicationFilterChain.java:168)
	at org.apache.catalina.core.ApplicationFilterChain.doFilter(ApplicationFilterChain.java:144)
	at org.springframework.boot.actuate.metrics.web.servlet.WebMvcMetricsFilter.doFilterInternal(WebMvcMetricsFilter.java:96)
	at org.springframework.web.filter.OncePerRequestFilter.doFilter(OncePerRequestFilter.java:117)
	at org.apache.catalina.core.ApplicationFilterChain.internalDoFilter(ApplicationFilterChain.java:168)
	at org.apache.catalina.core.ApplicationFilterChain.doFilter(ApplicationFilterChain.java:144)
	at org.springframework.boot.web.servlet.support.ErrorPageFilter.doFilter(ErrorPageFilter.java:126)
	at org.springframework.boot.web.servlet.support.ErrorPageFilter.access$000(ErrorPageFilter.java:64)
	at org.springframework.boot.web.servlet.support.ErrorPageFilter$1.doFilterInternal(ErrorPageFilter.java:101)
	at org.springframework.web.filter.OncePerRequestFilter.doFilter(OncePerRequestFilter.java:117)
	at org.springframework.boot.web.servlet.support.ErrorPageFilter.doFilter(ErrorPageFilter.java:119)
	at org.apache.catalina.core.ApplicationFilterChain.internalDoFilter(ApplicationFilterChain.java:168)
	at org.apache.catalina.core.ApplicationFilterChain.doFilter(ApplicationFilterChain.java:144)
	at org.springframework.web.filter.CharacterEncodingFilter.doFilterInternal(CharacterEncodingFilter.java:201)
	at org.springframework.web.filter.OncePerRequestFilter.doFilter(OncePerRequestFilter.java:117)
	at org.apache.catalina.core.ApplicationFilterChain.internalDoFilter(ApplicationFilterChain.java:168)
	at org.apache.catalina.core.ApplicationFilterChain.doFilter(ApplicationFilterChain.java:144)
	at org.apache.catalina.core.StandardWrapperValve.invoke(StandardWrapperValve.java:168)
	at org.apache.catalina.core.StandardContextValve.invoke(StandardContextValve.java:90)
	at org.apache.catalina.authenticator.AuthenticatorBase.invoke(AuthenticatorBase.java:482)
	at org.apache.catalina.core.StandardHostValve.invoke(StandardHostValve.java:130)
	at org.apache.catalina.valves.ErrorReportValve.invoke(ErrorReportValve.java:93)
	at org.apache.catalina.core.StandardEngineValve.invoke(StandardEngineValve.java:74)
	at org.apache.catalina.connector.CoyoteAdapter.service(CoyoteAdapter.java:346)
	at org.apache.coyote.http11.Http11Processor.service(Http11Processor.java:396)
	at org.apache.coyote.AbstractProcessorLight.process(AbstractProcessorLight.java:63)
	at org.apache.coyote.AbstractProtocol$ConnectionHandler.process(AbstractProtocol.java:937)
	at org.apache.tomcat.util.net.NioEndpoint$SocketProcessor.doRun(NioEndpoint.java:1793)
	at org.apache.tomcat.util.net.SocketProcessorBase.run(SocketProcessorBase.java:52)
	at org.apache.tomcat.util.threads.ThreadPoolExecutor.runWorker(ThreadPoolExecutor.java:1190)
	at org.apache.tomcat.util.threads.ThreadPoolExecutor$Worker.run(ThreadPoolExecutor.java:659)
	at org.apache.tomcat.util.threads.TaskThread$WrappingRunnable.run(TaskThread.java:63)
	at java.base/java.lang.Thread.run(Unknown Source)
[2025-07-23 16:12:57] ERROR [http-nio-8085-exec-5] com.flatirons.pinpoint.server.common.utils.CommonUtils:1675 - There is something wrong for formatting revision date.
org.threeten.bp.format.DateTimeParseException: Text 'May-21-2025 12:27 AM' could not be parsed at index 0
	at org.threeten.bp.format.DateTimeFormatter.parseToBuilder(DateTimeFormatter.java:1587)
	at org.threeten.bp.format.DateTimeFormatter.parse(DateTimeFormatter.java:1491)
	at org.threeten.bp.ZonedDateTime.parse(ZonedDateTime.java:562)
	at org.threeten.bp.ZonedDateTime.parse(ZonedDateTime.java:547)
	at com.flatirons.commons.utilities.TimeUtilities.fromISOtime(TimeUtilities.java:27)
	at com.flatirons.pinpoint.server.common.utils.CommonUtils.convertLocaleDate(CommonUtils.java:1671)
	at com.flatirons.pinpoint.server.entity.LibraryPublication.getFormattedRevisionDate(LibraryPublication.java:176)
	at com.flatirons.pinpoint.server.common.utils.CommonUtils.convertPublication(CommonUtils.java:1897)
	at com.flatirons.pinpoint.server.search.service.impl.FullTextSearchSubmitServiceImpl.buildDataForPublication(FullTextSearchSubmitServiceImpl.java:1144)
	at com.flatirons.pinpoint.server.search.service.impl.FullTextSearchSubmitServiceImpl.buildMatches(FullTextSearchSubmitServiceImpl.java:950)
	at com.flatirons.pinpoint.server.search.service.impl.FullTextSearchSubmitServiceImpl.buildSolrTemplateModel(FullTextSearchSubmitServiceImpl.java:887)
	at com.flatirons.pinpoint.server.search.service.impl.SearchSolrServiceImpl.searchForTemplateModel(SearchSolrServiceImpl.java:49)
	at com.flatirons.pinpoint.server.search.service.impl.SearchSolrServiceImpl.searchForTemplateModel(SearchSolrServiceImpl.java:35)
	at com.flatirons.pinpoint.server.search.service.impl.SearchSolrServiceImpl.processSearch(SearchSolrServiceImpl.java:28)
	at com.flatirons.pinpoint.server.rest.resource.SearchResource.fullTextSearchSubmit(SearchResource.java:49)
	at java.base/jdk.internal.reflect.NativeMethodAccessorImpl.invoke0(Native Method)
	at java.base/jdk.internal.reflect.NativeMethodAccessorImpl.invoke(Unknown Source)
	at java.base/jdk.internal.reflect.DelegatingMethodAccessorImpl.invoke(Unknown Source)
	at java.base/java.lang.reflect.Method.invoke(Unknown Source)
	at org.glassfish.jersey.server.model.internal.ResourceMethodInvocationHandlerFactory.lambda$static$0(ResourceMethodInvocationHandlerFactory.java:52)
	at org.glassfish.jersey.server.model.internal.AbstractJavaResourceMethodDispatcher$1.run(AbstractJavaResourceMethodDispatcher.java:124)
	at org.glassfish.jersey.server.model.internal.AbstractJavaResourceMethodDispatcher.invoke(AbstractJavaResourceMethodDispatcher.java:167)
	at org.glassfish.jersey.server.model.internal.JavaResourceMethodDispatcherProvider$ResponseOutInvoker.doDispatch(JavaResourceMethodDispatcherProvider.java:176)
	at org.glassfish.jersey.server.model.internal.AbstractJavaResourceMethodDispatcher.dispatch(AbstractJavaResourceMethodDispatcher.java:79)
	at org.glassfish.jersey.server.model.ResourceMethodInvoker.invoke(ResourceMethodInvoker.java:475)
	at org.glassfish.jersey.server.model.ResourceMethodInvoker.apply(ResourceMethodInvoker.java:397)
	at org.glassfish.jersey.server.model.ResourceMethodInvoker.apply(ResourceMethodInvoker.java:81)
	at org.glassfish.jersey.server.ServerRuntime$1.run(ServerRuntime.java:255)
	at org.glassfish.jersey.internal.Errors$1.call(Errors.java:248)
	at org.glassfish.jersey.internal.Errors$1.call(Errors.java:244)
	at org.glassfish.jersey.internal.Errors.process(Errors.java:292)
	at org.glassfish.jersey.internal.Errors.process(Errors.java:274)
	at org.glassfish.jersey.internal.Errors.process(Errors.java:244)
	at org.glassfish.jersey.process.internal.RequestScope.runInScope(RequestScope.java:265)
	at org.glassfish.jersey.server.ServerRuntime.process(ServerRuntime.java:234)
	at org.glassfish.jersey.server.ApplicationHandler.handle(ApplicationHandler.java:684)
	at org.glassfish.jersey.servlet.WebComponent.serviceImpl(WebComponent.java:394)
	at org.glassfish.jersey.servlet.WebComponent.service(WebComponent.java:346)
	at org.glassfish.jersey.servlet.ServletContainer.service(ServletContainer.java:366)
	at org.glassfish.jersey.servlet.ServletContainer.service(ServletContainer.java:319)
	at org.glassfish.jersey.servlet.ServletContainer.service(ServletContainer.java:205)
	at org.apache.catalina.core.ApplicationFilterChain.internalDoFilter(ApplicationFilterChain.java:199)
	at org.apache.catalina.core.ApplicationFilterChain.doFilter(ApplicationFilterChain.java:144)
	at org.apache.tomcat.websocket.server.WsFilter.doFilter(WsFilter.java:51)
	at org.apache.catalina.core.ApplicationFilterChain.internalDoFilter(ApplicationFilterChain.java:168)
	at org.apache.catalina.core.ApplicationFilterChain.doFilter(ApplicationFilterChain.java:144)
	at org.springframework.web.filter.RequestContextFilter.doFilterInternal(RequestContextFilter.java:100)
	at org.springframework.web.filter.OncePerRequestFilter.doFilter(OncePerRequestFilter.java:117)
	at org.apache.catalina.core.ApplicationFilterChain.internalDoFilter(ApplicationFilterChain.java:168)
	at org.apache.catalina.core.ApplicationFilterChain.doFilter(ApplicationFilterChain.java:144)
	at org.springframework.web.filter.FormContentFilter.doFilterInternal(FormContentFilter.java:93)
	at org.springframework.web.filter.OncePerRequestFilter.doFilter(OncePerRequestFilter.java:117)
	at org.apache.catalina.core.ApplicationFilterChain.internalDoFilter(ApplicationFilterChain.java:168)
	at org.apache.catalina.core.ApplicationFilterChain.doFilter(ApplicationFilterChain.java:144)
	at org.springframework.boot.actuate.metrics.web.servlet.WebMvcMetricsFilter.doFilterInternal(WebMvcMetricsFilter.java:96)
	at org.springframework.web.filter.OncePerRequestFilter.doFilter(OncePerRequestFilter.java:117)
	at org.apache.catalina.core.ApplicationFilterChain.internalDoFilter(ApplicationFilterChain.java:168)
	at org.apache.catalina.core.ApplicationFilterChain.doFilter(ApplicationFilterChain.java:144)
	at org.springframework.boot.web.servlet.support.ErrorPageFilter.doFilter(ErrorPageFilter.java:126)
	at org.springframework.boot.web.servlet.support.ErrorPageFilter.access$000(ErrorPageFilter.java:64)
	at org.springframework.boot.web.servlet.support.ErrorPageFilter$1.doFilterInternal(ErrorPageFilter.java:101)
	at org.springframework.web.filter.OncePerRequestFilter.doFilter(OncePerRequestFilter.java:117)
	at org.springframework.boot.web.servlet.support.ErrorPageFilter.doFilter(ErrorPageFilter.java:119)
	at org.apache.catalina.core.ApplicationFilterChain.internalDoFilter(ApplicationFilterChain.java:168)
	at org.apache.catalina.core.ApplicationFilterChain.doFilter(ApplicationFilterChain.java:144)
	at org.springframework.web.filter.CharacterEncodingFilter.doFilterInternal(CharacterEncodingFilter.java:201)
	at org.springframework.web.filter.OncePerRequestFilter.doFilter(OncePerRequestFilter.java:117)
	at org.apache.catalina.core.ApplicationFilterChain.internalDoFilter(ApplicationFilterChain.java:168)
	at org.apache.catalina.core.ApplicationFilterChain.doFilter(ApplicationFilterChain.java:144)
	at org.apache.catalina.core.StandardWrapperValve.invoke(StandardWrapperValve.java:168)
	at org.apache.catalina.core.StandardContextValve.invoke(StandardContextValve.java:90)
	at org.apache.catalina.authenticator.AuthenticatorBase.invoke(AuthenticatorBase.java:482)
	at org.apache.catalina.core.StandardHostValve.invoke(StandardHostValve.java:130)
	at org.apache.catalina.valves.ErrorReportValve.invoke(ErrorReportValve.java:93)
	at org.apache.catalina.core.StandardEngineValve.invoke(StandardEngineValve.java:74)
	at org.apache.catalina.connector.CoyoteAdapter.service(CoyoteAdapter.java:346)
	at org.apache.coyote.http11.Http11Processor.service(Http11Processor.java:396)
	at org.apache.coyote.AbstractProcessorLight.process(AbstractProcessorLight.java:63)
	at org.apache.coyote.AbstractProtocol$ConnectionHandler.process(AbstractProtocol.java:937)
	at org.apache.tomcat.util.net.NioEndpoint$SocketProcessor.doRun(NioEndpoint.java:1793)
	at org.apache.tomcat.util.net.SocketProcessorBase.run(SocketProcessorBase.java:52)
	at org.apache.tomcat.util.threads.ThreadPoolExecutor.runWorker(ThreadPoolExecutor.java:1190)
	at org.apache.tomcat.util.threads.ThreadPoolExecutor$Worker.run(ThreadPoolExecutor.java:659)
	at org.apache.tomcat.util.threads.TaskThread$WrappingRunnable.run(TaskThread.java:63)
	at java.base/java.lang.Thread.run(Unknown Source)
[2025-07-23 16:13:00]  INFO [ThreadPoolTaskScheduler-5] com.flatirons.pinpoint.server.scheduled.ArchivePublicationJob:61 - Archive Job Scheduler executing...
[2025-07-23 16:13:00]  INFO [ThreadPoolTaskScheduler-1] com.flatirons.pinpoint.server.scheduled.ArchivePublicationJob:86 - DM and PP Archive status Sync...
[2025-07-23 16:13:18]  WARN [Thread-57] com.flatirons.pinpoint.server.listener.CreateResourcesRunnable:59 - Have not managed to post ACM resources after 20 times. Cause: 403
<html><body><h1>Whitelabel Error Page</h1><p>This application has no explicit mapping for /error, so you are seeing this as a fallback.</p><div id='created'>Wed Jul 23 16:13:18 CEST 2025</div><div>There was an unexpected error (type=Forbidden, status=403).</div></body></html>
[2025-07-23 16:13:27]  INFO [http-nio-8085-exec-10] com.flatirons.pinpoint.server.search.service.impl.FullTextSearchSubmitServiceImpl:520 - KeyWord query:(pps_document_html:(1070F*) OR ((pps_publication_title:(1070F*) OR pps_publication_desc:(1070F*)) AND pps_publication_type:pdf))
[2025-07-23 16:13:27]  INFO [http-nio-8085-exec-10] com.flatirons.pinpoint.server.search.service.impl.FullTextSearchSubmitServiceImpl:360 - Whole query string:(pps_document_html:(1070F*) OR ((pps_publication_title:(1070F*) OR pps_publication_desc:(1070F*)) AND pps_publication_type:pdf))
[2025-07-23 16:13:27]  INFO [http-nio-8085-exec-10] com.flatirons.pinpoint.server.search.service.impl.FullTextSearchSubmitServiceImpl:1228 - Solr return fields String:pps_library_id,pps_publication_id,pps_publication_title,pps_publication_desc,pps_document_code,pps_document_title,pps_document_pointer,score,pps_product_ids,pps_publication_type,pps_revision_num,pps_document_supplement_pdf_type,pps_sheet_id,pps_sheet_title,pps_type,id,hits:sum(0,termfreq(pps_document_html,'1070F'))
[2025-07-23 16:13:27]  INFO [http-nio-8085-exec-10] com.flatirons.pinpoint.server.search.service.impl.FullTextSearchSubmitServiceImpl:1239 - Solr sort column: sum(0,termfreq(pps_document_html,'1070F'))
[2025-07-23 16:13:27]  INFO [http-nio-8085-exec-10] com.flatirons.pinpoint.server.search.service.impl.FullTextSearchSubmitServiceImpl:194 - Request handler:/select
[2025-07-23 16:13:27]  INFO [http-nio-8085-exec-10] com.flatirons.pinpoint.server.service.impl.SolrServiceImpl:79 - Start executing query for solr client.
[2025-07-23 16:13:27]  INFO [http-nio-8085-exec-10] com.flatirons.pinpoint.server.service.impl.SolrServiceImpl:84 - Finish executing query for solr client.
[2025-07-23 16:13:30]  INFO [ThreadPoolTaskScheduler-3] com.flatirons.pinpoint.server.service.impl.ImportPinpointPackageServiceImpl:180 - No neutral packages to import from Data Directory - C:\Users\u8064927\Downloads\OMAT_8.5.0.9_Light_20250601_x64\pinpoint-autoimport
[2025-07-23 16:13:50]  INFO [http-nio-8085-exec-10] com.flatirons.pinpoint.server.search.service.impl.FullTextSearchSubmitServiceImpl:520 - KeyWord query:(pps_document_html:(Ultragel* AND II*) OR ((pps_publication_title:(Ultragel* AND II*) OR pps_publication_desc:(Ultragel* AND II*)) AND pps_publication_type:pdf))
[2025-07-23 16:13:50]  INFO [http-nio-8085-exec-10] com.flatirons.pinpoint.server.search.service.impl.FullTextSearchSubmitServiceImpl:360 - Whole query string:(pps_document_html:(Ultragel* AND II*) OR ((pps_publication_title:(Ultragel* AND II*) OR pps_publication_desc:(Ultragel* AND II*)) AND pps_publication_type:pdf))
[2025-07-23 16:13:50]  INFO [http-nio-8085-exec-10] com.flatirons.pinpoint.server.search.service.impl.FullTextSearchSubmitServiceImpl:1228 - Solr return fields String:pps_library_id,pps_publication_id,pps_publication_title,pps_publication_desc,pps_document_code,pps_document_title,pps_document_pointer,score,pps_product_ids,pps_publication_type,pps_revision_num,pps_document_supplement_pdf_type,pps_sheet_id,pps_sheet_title,pps_type,id,hits:sum(0,termfreq(pps_document_html,'Ultragel'),termfreq(pps_document_html,'II'))
[2025-07-23 16:13:50]  INFO [http-nio-8085-exec-10] com.flatirons.pinpoint.server.search.service.impl.FullTextSearchSubmitServiceImpl:1239 - Solr sort column: sum(0,termfreq(pps_document_html,'Ultragel'),termfreq(pps_document_html,'II'))
[2025-07-23 16:13:50]  INFO [http-nio-8085-exec-10] com.flatirons.pinpoint.server.search.service.impl.FullTextSearchSubmitServiceImpl:194 - Request handler:/select
[2025-07-23 16:13:50]  INFO [http-nio-8085-exec-10] com.flatirons.pinpoint.server.service.impl.SolrServiceImpl:79 - Start executing query for solr client.
[2025-07-23 16:13:51]  INFO [http-nio-8085-exec-10] com.flatirons.pinpoint.server.service.impl.SolrServiceImpl:84 - Finish executing query for solr client.
[2025-07-23 16:13:51] ERROR [http-nio-8085-exec-10] com.flatirons.pinpoint.server.common.utils.CommonUtils:1675 - There is something wrong for formatting revision date.
org.threeten.bp.format.DateTimeParseException: Text 'May-21-2025 12:27 AM' could not be parsed at index 0
	at org.threeten.bp.format.DateTimeFormatter.parseToBuilder(DateTimeFormatter.java:1587)
	at org.threeten.bp.format.DateTimeFormatter.parse(DateTimeFormatter.java:1491)
	at org.threeten.bp.ZonedDateTime.parse(ZonedDateTime.java:562)
	at org.threeten.bp.ZonedDateTime.parse(ZonedDateTime.java:547)
	at com.flatirons.commons.utilities.TimeUtilities.fromISOtime(TimeUtilities.java:27)
	at com.flatirons.pinpoint.server.common.utils.CommonUtils.convertLocaleDate(CommonUtils.java:1671)
	at com.flatirons.pinpoint.server.entity.LibraryPublication.getFormattedRevisionDate(LibraryPublication.java:176)
	at com.flatirons.pinpoint.server.common.utils.CommonUtils.convertPublication(CommonUtils.java:1897)
	at com.flatirons.pinpoint.server.search.service.impl.FullTextSearchSubmitServiceImpl.buildDataForPublication(FullTextSearchSubmitServiceImpl.java:1144)
	at com.flatirons.pinpoint.server.search.service.impl.FullTextSearchSubmitServiceImpl.buildMatches(FullTextSearchSubmitServiceImpl.java:950)
	at com.flatirons.pinpoint.server.search.service.impl.FullTextSearchSubmitServiceImpl.buildSolrTemplateModel(FullTextSearchSubmitServiceImpl.java:887)
	at com.flatirons.pinpoint.server.search.service.impl.SearchSolrServiceImpl.searchForTemplateModel(SearchSolrServiceImpl.java:49)
	at com.flatirons.pinpoint.server.search.service.impl.SearchSolrServiceImpl.searchForTemplateModel(SearchSolrServiceImpl.java:35)
	at com.flatirons.pinpoint.server.search.service.impl.SearchSolrServiceImpl.processSearch(SearchSolrServiceImpl.java:28)
	at com.flatirons.pinpoint.server.rest.resource.SearchResource.fullTextSearchSubmit(SearchResource.java:49)
	at java.base/jdk.internal.reflect.NativeMethodAccessorImpl.invoke0(Native Method)
	at java.base/jdk.internal.reflect.NativeMethodAccessorImpl.invoke(Unknown Source)
	at java.base/jdk.internal.reflect.DelegatingMethodAccessorImpl.invoke(Unknown Source)
	at java.base/java.lang.reflect.Method.invoke(Unknown Source)
	at org.glassfish.jersey.server.model.internal.ResourceMethodInvocationHandlerFactory.lambda$static$0(ResourceMethodInvocationHandlerFactory.java:52)
	at org.glassfish.jersey.server.model.internal.AbstractJavaResourceMethodDispatcher$1.run(AbstractJavaResourceMethodDispatcher.java:124)
	at org.glassfish.jersey.server.model.internal.AbstractJavaResourceMethodDispatcher.invoke(AbstractJavaResourceMethodDispatcher.java:167)
	at org.glassfish.jersey.server.model.internal.JavaResourceMethodDispatcherProvider$ResponseOutInvoker.doDispatch(JavaResourceMethodDispatcherProvider.java:176)
	at org.glassfish.jersey.server.model.internal.AbstractJavaResourceMethodDispatcher.dispatch(AbstractJavaResourceMethodDispatcher.java:79)
	at org.glassfish.jersey.server.model.ResourceMethodInvoker.invoke(ResourceMethodInvoker.java:475)
	at org.glassfish.jersey.server.model.ResourceMethodInvoker.apply(ResourceMethodInvoker.java:397)
	at org.glassfish.jersey.server.model.ResourceMethodInvoker.apply(ResourceMethodInvoker.java:81)
	at org.glassfish.jersey.server.ServerRuntime$1.run(ServerRuntime.java:255)
	at org.glassfish.jersey.internal.Errors$1.call(Errors.java:248)
	at org.glassfish.jersey.internal.Errors$1.call(Errors.java:244)
	at org.glassfish.jersey.internal.Errors.process(Errors.java:292)
	at org.glassfish.jersey.internal.Errors.process(Errors.java:274)
	at org.glassfish.jersey.internal.Errors.process(Errors.java:244)
	at org.glassfish.jersey.process.internal.RequestScope.runInScope(RequestScope.java:265)
	at org.glassfish.jersey.server.ServerRuntime.process(ServerRuntime.java:234)
	at org.glassfish.jersey.server.ApplicationHandler.handle(ApplicationHandler.java:684)
	at org.glassfish.jersey.servlet.WebComponent.serviceImpl(WebComponent.java:394)
	at org.glassfish.jersey.servlet.WebComponent.service(WebComponent.java:346)
	at org.glassfish.jersey.servlet.ServletContainer.service(ServletContainer.java:366)
	at org.glassfish.jersey.servlet.ServletContainer.service(ServletContainer.java:319)
	at org.glassfish.jersey.servlet.ServletContainer.service(ServletContainer.java:205)
	at org.apache.catalina.core.ApplicationFilterChain.internalDoFilter(ApplicationFilterChain.java:199)
	at org.apache.catalina.core.ApplicationFilterChain.doFilter(ApplicationFilterChain.java:144)
	at org.apache.tomcat.websocket.server.WsFilter.doFilter(WsFilter.java:51)
	at org.apache.catalina.core.ApplicationFilterChain.internalDoFilter(ApplicationFilterChain.java:168)
	at org.apache.catalina.core.ApplicationFilterChain.doFilter(ApplicationFilterChain.java:144)
	at org.springframework.web.filter.RequestContextFilter.doFilterInternal(RequestContextFilter.java:100)
	at org.springframework.web.filter.OncePerRequestFilter.doFilter(OncePerRequestFilter.java:117)
	at org.apache.catalina.core.ApplicationFilterChain.internalDoFilter(ApplicationFilterChain.java:168)
	at org.apache.catalina.core.ApplicationFilterChain.doFilter(ApplicationFilterChain.java:144)
	at org.springframework.web.filter.FormContentFilter.doFilterInternal(FormContentFilter.java:93)
	at org.springframework.web.filter.OncePerRequestFilter.doFilter(OncePerRequestFilter.java:117)
	at org.apache.catalina.core.ApplicationFilterChain.internalDoFilter(ApplicationFilterChain.java:168)
	at org.apache.catalina.core.ApplicationFilterChain.doFilter(ApplicationFilterChain.java:144)
	at org.springframework.boot.actuate.metrics.web.servlet.WebMvcMetricsFilter.doFilterInternal(WebMvcMetricsFilter.java:96)
	at org.springframework.web.filter.OncePerRequestFilter.doFilter(OncePerRequestFilter.java:117)
	at org.apache.catalina.core.ApplicationFilterChain.internalDoFilter(ApplicationFilterChain.java:168)
	at org.apache.catalina.core.ApplicationFilterChain.doFilter(ApplicationFilterChain.java:144)
	at org.springframework.boot.web.servlet.support.ErrorPageFilter.doFilter(ErrorPageFilter.java:126)
	at org.springframework.boot.web.servlet.support.ErrorPageFilter.access$000(ErrorPageFilter.java:64)
	at org.springframework.boot.web.servlet.support.ErrorPageFilter$1.doFilterInternal(ErrorPageFilter.java:101)
	at org.springframework.web.filter.OncePerRequestFilter.doFilter(OncePerRequestFilter.java:117)
	at org.springframework.boot.web.servlet.support.ErrorPageFilter.doFilter(ErrorPageFilter.java:119)
	at org.apache.catalina.core.ApplicationFilterChain.internalDoFilter(ApplicationFilterChain.java:168)
	at org.apache.catalina.core.ApplicationFilterChain.doFilter(ApplicationFilterChain.java:144)
	at org.springframework.web.filter.CharacterEncodingFilter.doFilterInternal(CharacterEncodingFilter.java:201)
	at org.springframework.web.filter.OncePerRequestFilter.doFilter(OncePerRequestFilter.java:117)
	at org.apache.catalina.core.ApplicationFilterChain.internalDoFilter(ApplicationFilterChain.java:168)
	at org.apache.catalina.core.ApplicationFilterChain.doFilter(ApplicationFilterChain.java:144)
	at org.apache.catalina.core.StandardWrapperValve.invoke(StandardWrapperValve.java:168)
	at org.apache.catalina.core.StandardContextValve.invoke(StandardContextValve.java:90)
	at org.apache.catalina.authenticator.AuthenticatorBase.invoke(AuthenticatorBase.java:482)
	at org.apache.catalina.core.StandardHostValve.invoke(StandardHostValve.java:130)
	at org.apache.catalina.valves.ErrorReportValve.invoke(ErrorReportValve.java:93)
	at org.apache.catalina.core.StandardEngineValve.invoke(StandardEngineValve.java:74)
	at org.apache.catalina.connector.CoyoteAdapter.service(CoyoteAdapter.java:346)
	at org.apache.coyote.http11.Http11Processor.service(Http11Processor.java:396)
	at org.apache.coyote.AbstractProcessorLight.process(AbstractProcessorLight.java:63)
	at org.apache.coyote.AbstractProtocol$ConnectionHandler.process(AbstractProtocol.java:937)
	at org.apache.tomcat.util.net.NioEndpoint$SocketProcessor.doRun(NioEndpoint.java:1793)
	at org.apache.tomcat.util.net.SocketProcessorBase.run(SocketProcessorBase.java:52)
	at org.apache.tomcat.util.threads.ThreadPoolExecutor.runWorker(ThreadPoolExecutor.java:1190)
	at org.apache.tomcat.util.threads.ThreadPoolExecutor$Worker.run(ThreadPoolExecutor.java:659)
	at org.apache.tomcat.util.threads.TaskThread$WrappingRunnable.run(TaskThread.java:63)
	at java.base/java.lang.Thread.run(Unknown Source)
[2025-07-23 16:14:00]  INFO [ThreadPoolTaskScheduler-9] com.flatirons.pinpoint.server.scheduled.ArchivePublicationJob:61 - Archive Job Scheduler executing...
[2025-07-23 16:14:00]  INFO [ThreadPoolTaskScheduler-4] com.flatirons.pinpoint.server.scheduled.ArchivePublicationJob:86 - DM and PP Archive status Sync...
[2025-07-23 16:14:08]  WARN [Thread-57] com.flatirons.pinpoint.server.listener.CreateResourcesRunnable:59 - Have not managed to post ACM resources after 30 times. Cause: 403
<html><body><h1>Whitelabel Error Page</h1><p>This application has no explicit mapping for /error, so you are seeing this as a fallback.</p><div id='created'>Wed Jul 23 16:14:08 CEST 2025</div><div>There was an unexpected error (type=Forbidden, status=403).</div></body></html>
[2025-07-23 16:14:22] ERROR [http-nio-8085-exec-3] com.flatirons.pinpoint.server.common.utils.CommonUtils:1675 - There is something wrong for formatting revision date.
org.threeten.bp.format.DateTimeParseException: Text 'May-21-2025 12:27 AM' could not be parsed at index 0
	at org.threeten.bp.format.DateTimeFormatter.parseToBuilder(DateTimeFormatter.java:1587)
	at org.threeten.bp.format.DateTimeFormatter.parse(DateTimeFormatter.java:1491)
	at org.threeten.bp.ZonedDateTime.parse(ZonedDateTime.java:562)
	at org.threeten.bp.ZonedDateTime.parse(ZonedDateTime.java:547)
	at com.flatirons.commons.utilities.TimeUtilities.fromISOtime(TimeUtilities.java:27)
	at com.flatirons.pinpoint.server.common.utils.CommonUtils.convertLocaleDate(CommonUtils.java:1671)
	at com.flatirons.pinpoint.server.entity.LibraryPublication.getFormattedRevisionDate(LibraryPublication.java:176)
	at com.flatirons.pinpoint.server.service.impl.DocumentServiceImpl.setPublicationForDocument(DocumentServiceImpl.java:3839)
	at com.flatirons.pinpoint.server.service.impl.DocumentServiceImpl.getDocumentContentJSONFromPublication(DocumentServiceImpl.java:3371)
	at com.flatirons.pinpoint.server.service.impl.DocumentServiceImpl.getDocumentContentJSON(DocumentServiceImpl.java:3128)
	at com.flatirons.pinpoint.server.service.impl.DocumentServiceImpl$$FastClassBySpringCGLIB$$9d68fc26.invoke(<generated>)
	at org.springframework.cglib.proxy.MethodProxy.invoke(MethodProxy.java:218)
	at org.springframework.aop.framework.CglibAopProxy$CglibMethodInvocation.invokeJoinpoint(CglibAopProxy.java:792)
	at org.springframework.aop.framework.ReflectiveMethodInvocation.proceed(ReflectiveMethodInvocation.java:163)
	at org.springframework.aop.framework.CglibAopProxy$CglibMethodInvocation.proceed(CglibAopProxy.java:762)
	at org.springframework.transaction.interceptor.TransactionInterceptor$1.proceedWithInvocation(TransactionInterceptor.java:123)
	at org.springframework.transaction.interceptor.TransactionAspectSupport.invokeWithinTransaction(TransactionAspectSupport.java:388)
	at org.springframework.transaction.interceptor.TransactionInterceptor.invoke(TransactionInterceptor.java:119)
	at org.springframework.aop.framework.ReflectiveMethodInvocation.proceed(ReflectiveMethodInvocation.java:186)
	at org.springframework.aop.framework.CglibAopProxy$CglibMethodInvocation.proceed(CglibAopProxy.java:762)
	at org.springframework.aop.interceptor.ExposeInvocationInterceptor.invoke(ExposeInvocationInterceptor.java:97)
	at org.springframework.aop.framework.ReflectiveMethodInvocation.proceed(ReflectiveMethodInvocation.java:186)
	at org.springframework.aop.framework.CglibAopProxy$CglibMethodInvocation.proceed(CglibAopProxy.java:762)
	at org.springframework.aop.framework.CglibAopProxy$DynamicAdvisedInterceptor.intercept(CglibAopProxy.java:707)
	at com.flatirons.pinpoint.server.service.impl.DocumentServiceImpl$$EnhancerBySpringCGLIB$$19d22681.getDocumentContentJSON(<generated>)
	at com.flatirons.pinpoint.server.rest.resource.DocumentResource.documentContent(DocumentResource.java:73)
	at java.base/jdk.internal.reflect.NativeMethodAccessorImpl.invoke0(Native Method)
	at java.base/jdk.internal.reflect.NativeMethodAccessorImpl.invoke(Unknown Source)
	at java.base/jdk.internal.reflect.DelegatingMethodAccessorImpl.invoke(Unknown Source)
	at java.base/java.lang.reflect.Method.invoke(Unknown Source)
	at org.glassfish.jersey.server.model.internal.ResourceMethodInvocationHandlerFactory.lambda$static$0(ResourceMethodInvocationHandlerFactory.java:52)
	at org.glassfish.jersey.server.model.internal.AbstractJavaResourceMethodDispatcher$1.run(AbstractJavaResourceMethodDispatcher.java:124)
	at org.glassfish.jersey.server.model.internal.AbstractJavaResourceMethodDispatcher.invoke(AbstractJavaResourceMethodDispatcher.java:167)
	at org.glassfish.jersey.server.model.internal.JavaResourceMethodDispatcherProvider$ResponseOutInvoker.doDispatch(JavaResourceMethodDispatcherProvider.java:176)
	at org.glassfish.jersey.server.model.internal.AbstractJavaResourceMethodDispatcher.dispatch(AbstractJavaResourceMethodDispatcher.java:79)
	at org.glassfish.jersey.server.model.ResourceMethodInvoker.invoke(ResourceMethodInvoker.java:475)
	at org.glassfish.jersey.server.model.ResourceMethodInvoker.apply(ResourceMethodInvoker.java:397)
	at org.glassfish.jersey.server.model.ResourceMethodInvoker.apply(ResourceMethodInvoker.java:81)
	at org.glassfish.jersey.server.ServerRuntime$1.run(ServerRuntime.java:255)
	at org.glassfish.jersey.internal.Errors$1.call(Errors.java:248)
	at org.glassfish.jersey.internal.Errors$1.call(Errors.java:244)
	at org.glassfish.jersey.internal.Errors.process(Errors.java:292)
	at org.glassfish.jersey.internal.Errors.process(Errors.java:274)
	at org.glassfish.jersey.internal.Errors.process(Errors.java:244)
	at org.glassfish.jersey.process.internal.RequestScope.runInScope(RequestScope.java:265)
	at org.glassfish.jersey.server.ServerRuntime.process(ServerRuntime.java:234)
	at org.glassfish.jersey.server.ApplicationHandler.handle(ApplicationHandler.java:684)
	at org.glassfish.jersey.servlet.WebComponent.serviceImpl(WebComponent.java:394)
	at org.glassfish.jersey.servlet.WebComponent.service(WebComponent.java:346)
	at org.glassfish.jersey.servlet.ServletContainer.service(ServletContainer.java:366)
	at org.glassfish.jersey.servlet.ServletContainer.service(ServletContainer.java:319)
	at org.glassfish.jersey.servlet.ServletContainer.service(ServletContainer.java:205)
	at org.apache.catalina.core.ApplicationFilterChain.internalDoFilter(ApplicationFilterChain.java:199)
	at org.apache.catalina.core.ApplicationFilterChain.doFilter(ApplicationFilterChain.java:144)
	at org.apache.tomcat.websocket.server.WsFilter.doFilter(WsFilter.java:51)
	at org.apache.catalina.core.ApplicationFilterChain.internalDoFilter(ApplicationFilterChain.java:168)
	at org.apache.catalina.core.ApplicationFilterChain.doFilter(ApplicationFilterChain.java:144)
	at org.springframework.web.filter.RequestContextFilter.doFilterInternal(RequestContextFilter.java:100)
	at org.springframework.web.filter.OncePerRequestFilter.doFilter(OncePerRequestFilter.java:117)
	at org.apache.catalina.core.ApplicationFilterChain.internalDoFilter(ApplicationFilterChain.java:168)
	at org.apache.catalina.core.ApplicationFilterChain.doFilter(ApplicationFilterChain.java:144)
	at org.springframework.web.filter.FormContentFilter.doFilterInternal(FormContentFilter.java:93)
	at org.springframework.web.filter.OncePerRequestFilter.doFilter(OncePerRequestFilter.java:117)
	at org.apache.catalina.core.ApplicationFilterChain.internalDoFilter(ApplicationFilterChain.java:168)
	at org.apache.catalina.core.ApplicationFilterChain.doFilter(ApplicationFilterChain.java:144)
	at org.springframework.boot.actuate.metrics.web.servlet.WebMvcMetricsFilter.doFilterInternal(WebMvcMetricsFilter.java:96)
	at org.springframework.web.filter.OncePerRequestFilter.doFilter(OncePerRequestFilter.java:117)
	at org.apache.catalina.core.ApplicationFilterChain.internalDoFilter(ApplicationFilterChain.java:168)
	at org.apache.catalina.core.ApplicationFilterChain.doFilter(ApplicationFilterChain.java:144)
	at org.springframework.boot.web.servlet.support.ErrorPageFilter.doFilter(ErrorPageFilter.java:126)
	at org.springframework.boot.web.servlet.support.ErrorPageFilter.access$000(ErrorPageFilter.java:64)
	at org.springframework.boot.web.servlet.support.ErrorPageFilter$1.doFilterInternal(ErrorPageFilter.java:101)
	at org.springframework.web.filter.OncePerRequestFilter.doFilter(OncePerRequestFilter.java:117)
	at org.springframework.boot.web.servlet.support.ErrorPageFilter.doFilter(ErrorPageFilter.java:119)
	at org.apache.catalina.core.ApplicationFilterChain.internalDoFilter(ApplicationFilterChain.java:168)
	at org.apache.catalina.core.ApplicationFilterChain.doFilter(ApplicationFilterChain.java:144)
	at org.springframework.web.filter.CharacterEncodingFilter.doFilterInternal(CharacterEncodingFilter.java:201)
	at org.springframework.web.filter.OncePerRequestFilter.doFilter(OncePerRequestFilter.java:117)
	at org.apache.catalina.core.ApplicationFilterChain.internalDoFilter(ApplicationFilterChain.java:168)
	at org.apache.catalina.core.ApplicationFilterChain.doFilter(ApplicationFilterChain.java:144)
	at org.apache.catalina.core.StandardWrapperValve.invoke(StandardWrapperValve.java:168)
	at org.apache.catalina.core.StandardContextValve.invoke(StandardContextValve.java:90)
	at org.apache.catalina.authenticator.AuthenticatorBase.invoke(AuthenticatorBase.java:482)
	at org.apache.catalina.core.StandardHostValve.invoke(StandardHostValve.java:130)
	at org.apache.catalina.valves.ErrorReportValve.invoke(ErrorReportValve.java:93)
	at org.apache.catalina.core.StandardEngineValve.invoke(StandardEngineValve.java:74)
	at org.apache.catalina.connector.CoyoteAdapter.service(CoyoteAdapter.java:346)
	at org.apache.coyote.http11.Http11Processor.service(Http11Processor.java:396)
	at org.apache.coyote.AbstractProcessorLight.process(AbstractProcessorLight.java:63)
	at org.apache.coyote.AbstractProtocol$ConnectionHandler.process(AbstractProtocol.java:937)
	at org.apache.tomcat.util.net.NioEndpoint$SocketProcessor.doRun(NioEndpoint.java:1793)
	at org.apache.tomcat.util.net.SocketProcessorBase.run(SocketProcessorBase.java:52)
	at org.apache.tomcat.util.threads.ThreadPoolExecutor.runWorker(ThreadPoolExecutor.java:1190)
	at org.apache.tomcat.util.threads.ThreadPoolExecutor$Worker.run(ThreadPoolExecutor.java:659)
	at org.apache.tomcat.util.threads.TaskThread$WrappingRunnable.run(TaskThread.java:63)
	at java.base/java.lang.Thread.run(Unknown Source)
[2025-07-23 16:14:22]  WARN [http-nio-8085-exec-3] com.flatirons.pinpoint.server.common.utils.CommonUtils:1689 - DateFormat Exception for String value '2025-06-01T00:00:00-07:00[America/Los_Angeles]'.
[2025-07-23 16:14:23] ERROR [http-nio-8085-exec-3] com.flatirons.pinpoint.server.common.utils.CssParserErrorHandler:20 - Error in style rule. (Invalid token ".2". Was expecting one of: <S>, <LBRACE>, <COMMA>.)
[2025-07-23 16:14:23]  WARN [http-nio-8085-exec-3] com.flatirons.pinpoint.server.common.utils.CssParserErrorHandler:15 - Ignoring the following declarations in this rule.
[2025-07-23 16:14:23]  INFO [http-nio-8085-exec-3] com.flatirons.pinpoint.server.search.service.impl.FullTextSearchSubmitServiceImpl:520 - KeyWord query:(pps_document_html:(Ultragel* AND II*) OR ((pps_publication_title:(Ultragel* AND II*) OR pps_publication_desc:(Ultragel* AND II*)) AND pps_publication_type:pdf))
[2025-07-23 16:14:23]  INFO [http-nio-8085-exec-3] com.flatirons.pinpoint.server.search.service.impl.FullTextSearchSubmitServiceImpl:360 - Whole query string:(pps_document_html:(Ultragel* AND II*) OR ((pps_publication_title:(Ultragel* AND II*) OR pps_publication_desc:(Ultragel* AND II*)) AND pps_publication_type:pdf))
[2025-07-23 16:14:23]  INFO [http-nio-8085-exec-3] com.flatirons.pinpoint.server.search.service.impl.FullTextSearchSubmitServiceImpl:194 - Request handler:/select
[2025-07-23 16:14:23]  INFO [http-nio-8085-exec-3] com.flatirons.pinpoint.server.service.impl.SolrServiceImpl:79 - Start executing query for solr client.
[2025-07-23 16:14:23]  INFO [http-nio-8085-exec-3] com.flatirons.pinpoint.server.service.impl.SolrServiceImpl:84 - Finish executing query for solr client.
[2025-07-23 16:14:24]  INFO [http-nio-8085-exec-3] com.flatirons.pinpoint.server.service.impl.DocumentServiceImpl:4556 - Document %s's does not have any siblings.
[2025-07-23 16:14:30]  INFO [ThreadPoolTaskScheduler-9] com.flatirons.pinpoint.server.service.impl.ImportPinpointPackageServiceImpl:180 - No neutral packages to import from Data Directory - C:\Users\u8064927\Downloads\OMAT_8.5.0.9_Light_20250601_x64\pinpoint-autoimport
[2025-07-23 16:14:59]  WARN [Thread-57] com.flatirons.pinpoint.server.listener.CreateResourcesRunnable:59 - Have not managed to post ACM resources after 40 times. Cause: 403
<html><body><h1>Whitelabel Error Page</h1><p>This application has no explicit mapping for /error, so you are seeing this as a fallback.</p><div id='created'>Wed Jul 23 16:14:59 CEST 2025</div><div>There was an unexpected error (type=Forbidden, status=403).</div></body></html>
[2025-07-23 16:15:00]  INFO [ThreadPoolTaskScheduler-3] com.flatirons.pinpoint.server.scheduled.ArchivePublicationJob:61 - Archive Job Scheduler executing...
[2025-07-23 16:15:00]  INFO [ThreadPoolTaskScheduler-7] com.flatirons.pinpoint.server.scheduled.ArchivePublicationJob:86 - DM and PP Archive status Sync...
[2025-07-23 16:15:30]  INFO [ThreadPoolTaskScheduler-7] com.flatirons.pinpoint.server.service.impl.ImportPinpointPackageServiceImpl:180 - No neutral packages to import from Data Directory - C:\Users\u8064927\Downloads\OMAT_8.5.0.9_Light_20250601_x64\pinpoint-autoimport
[2025-07-23 16:15:49]  WARN [Thread-57] com.flatirons.pinpoint.server.listener.CreateResourcesRunnable:59 - Have not managed to post ACM resources after 50 times. Cause: 403
<html><body><h1>Whitelabel Error Page</h1><p>This application has no explicit mapping for /error, so you are seeing this as a fallback.</p><div id='created'>Wed Jul 23 16:15:49 CEST 2025</div><div>There was an unexpected error (type=Forbidden, status=403).</div></body></html>
[2025-07-23 16:16:00]  INFO [ThreadPoolTaskScheduler-7] com.flatirons.pinpoint.server.scheduled.ArchivePublicationJob:61 - Archive Job Scheduler executing...
[2025-07-23 16:16:00]  INFO [ThreadPoolTaskScheduler-5] com.flatirons.pinpoint.server.scheduled.ArchivePublicationJob:86 - DM and PP Archive status Sync...
[2025-07-23 16:16:30]  INFO [ThreadPoolTaskScheduler-9] com.flatirons.pinpoint.server.service.impl.ImportPinpointPackageServiceImpl:180 - No neutral packages to import from Data Directory - C:\Users\u8064927\Downloads\OMAT_8.5.0.9_Light_20250601_x64\pinpoint-autoimport
[2025-07-23 16:16:39]  WARN [Thread-57] com.flatirons.pinpoint.server.listener.CreateResourcesRunnable:59 - Have not managed to post ACM resources after 60 times. Cause: 403
<html><body><h1>Whitelabel Error Page</h1><p>This application has no explicit mapping for /error, so you are seeing this as a fallback.</p><div id='created'>Wed Jul 23 16:16:39 CEST 2025</div><div>There was an unexpected error (type=Forbidden, status=403).</div></body></html>
[2025-07-23 16:17:00]  INFO [ThreadPoolTaskScheduler-8] com.flatirons.pinpoint.server.scheduled.ArchivePublicationJob:61 - Archive Job Scheduler executing...
[2025-07-23 16:17:00]  INFO [ThreadPoolTaskScheduler-2] com.flatirons.pinpoint.server.scheduled.ArchivePublicationJob:86 - DM and PP Archive status Sync...
[2025-07-23 16:17:30]  INFO [ThreadPoolTaskScheduler-3] com.flatirons.pinpoint.server.service.impl.ImportPinpointPackageServiceImpl:180 - No neutral packages to import from Data Directory - C:\Users\u8064927\Downloads\OMAT_8.5.0.9_Light_20250601_x64\pinpoint-autoimport
[2025-07-23 16:17:30]  WARN [Thread-57] com.flatirons.pinpoint.server.listener.CreateResourcesRunnable:59 - Have not managed to post ACM resources after 70 times. Cause: 403
<html><body><h1>Whitelabel Error Page</h1><p>This application has no explicit mapping for /error, so you are seeing this as a fallback.</p><div id='created'>Wed Jul 23 16:17:30 CEST 2025</div><div>There was an unexpected error (type=Forbidden, status=403).</div></body></html>
[2025-07-23 16:18:00]  INFO [ThreadPoolTaskScheduler-5] com.flatirons.pinpoint.server.scheduled.ArchivePublicationJob:61 - Archive Job Scheduler executing...
[2025-07-23 16:18:00]  INFO [ThreadPoolTaskScheduler-6] com.flatirons.pinpoint.server.scheduled.ArchivePublicationJob:86 - DM and PP Archive status Sync...
[2025-07-23 16:18:20]  WARN [Thread-57] com.flatirons.pinpoint.server.listener.CreateResourcesRunnable:59 - Have not managed to post ACM resources after 80 times. Cause: 403
<html><body><h1>Whitelabel Error Page</h1><p>This application has no explicit mapping for /error, so you are seeing this as a fallback.</p><div id='created'>Wed Jul 23 16:18:20 CEST 2025</div><div>There was an unexpected error (type=Forbidden, status=403).</div></body></html>
[2025-07-23 16:18:30]  INFO [ThreadPoolTaskScheduler-1] com.flatirons.pinpoint.server.service.impl.ImportPinpointPackageServiceImpl:180 - No neutral packages to import from Data Directory - C:\Users\u8064927\Downloads\OMAT_8.5.0.9_Light_20250601_x64\pinpoint-autoimport
[2025-07-23 16:19:00]  INFO [ThreadPoolTaskScheduler-6] com.flatirons.pinpoint.server.scheduled.ArchivePublicationJob:86 - DM and PP Archive status Sync...
[2025-07-23 16:19:00]  INFO [ThreadPoolTaskScheduler-10] com.flatirons.pinpoint.server.scheduled.ArchivePublicationJob:61 - Archive Job Scheduler executing...
[2025-07-23 16:19:10]  WARN [Thread-57] com.flatirons.pinpoint.server.listener.CreateResourcesRunnable:59 - Have not managed to post ACM resources after 90 times. Cause: 403
<html><body><h1>Whitelabel Error Page</h1><p>This application has no explicit mapping for /error, so you are seeing this as a fallback.</p><div id='created'>Wed Jul 23 16:19:10 CEST 2025</div><div>There was an unexpected error (type=Forbidden, status=403).</div></body></html>
[2025-07-23 16:19:30]  INFO [ThreadPoolTaskScheduler-3] com.flatirons.pinpoint.server.service.impl.ImportPinpointPackageServiceImpl:180 - No neutral packages to import from Data Directory - C:\Users\u8064927\Downloads\OMAT_8.5.0.9_Light_20250601_x64\pinpoint-autoimport
[2025-07-23 16:20:00]  INFO [ThreadPoolTaskScheduler-10] com.flatirons.pinpoint.server.scheduled.ArchivePublicationJob:61 - Archive Job Scheduler executing...
[2025-07-23 16:20:00]  INFO [ThreadPoolTaskScheduler-5] com.flatirons.pinpoint.server.scheduled.ArchivePublicationJob:86 - DM and PP Archive status Sync...
[2025-07-23 16:20:01]  WARN [Thread-57] com.flatirons.pinpoint.server.listener.CreateResourcesRunnable:59 - Have not managed to post ACM resources after 100 times. Cause: 403
<html><body><h1>Whitelabel Error Page</h1><p>This application has no explicit mapping for /error, so you are seeing this as a fallback.</p><div id='created'>Wed Jul 23 16:20:01 CEST 2025</div><div>There was an unexpected error (type=Forbidden, status=403).</div></body></html>
[2025-07-23 16:20:30]  INFO [ThreadPoolTaskScheduler-7] com.flatirons.pinpoint.server.service.impl.ImportPinpointPackageServiceImpl:180 - No neutral packages to import from Data Directory - C:\Users\u8064927\Downloads\OMAT_8.5.0.9_Light_20250601_x64\pinpoint-autoimport
[2025-07-23 16:20:51]  WARN [Thread-57] com.flatirons.pinpoint.server.listener.CreateResourcesRunnable:59 - Have not managed to post ACM resources after 110 times. Cause: 403
<html><body><h1>Whitelabel Error Page</h1><p>This application has no explicit mapping for /error, so you are seeing this as a fallback.</p><div id='created'>Wed Jul 23 16:20:51 CEST 2025</div><div>There was an unexpected error (type=Forbidden, status=403).</div></body></html>
[2025-07-23 16:21:00]  INFO [ThreadPoolTaskScheduler-3] com.flatirons.pinpoint.server.scheduled.ArchivePublicationJob:61 - Archive Job Scheduler executing...
[2025-07-23 16:21:00]  INFO [ThreadPoolTaskScheduler-8] com.flatirons.pinpoint.server.scheduled.ArchivePublicationJob:86 - DM and PP Archive status Sync...
[2025-07-23 16:21:30]  INFO [ThreadPoolTaskScheduler-2] com.flatirons.pinpoint.server.service.impl.ImportPinpointPackageServiceImpl:180 - No neutral packages to import from Data Directory - C:\Users\u8064927\Downloads\OMAT_8.5.0.9_Light_20250601_x64\pinpoint-autoimport
[2025-07-23 16:21:42]  WARN [Thread-57] com.flatirons.pinpoint.server.listener.CreateResourcesRunnable:59 - Have not managed to post ACM resources after 120 times. Cause: 403
<html><body><h1>Whitelabel Error Page</h1><p>This application has no explicit mapping for /error, so you are seeing this as a fallback.</p><div id='created'>Wed Jul 23 16:21:42 CEST 2025</div><div>There was an unexpected error (type=Forbidden, status=403).</div></body></html>
[2025-07-23 16:22:00]  INFO [ThreadPoolTaskScheduler-3] com.flatirons.pinpoint.server.scheduled.ArchivePublicationJob:61 - Archive Job Scheduler executing...
[2025-07-23 16:22:00]  INFO [ThreadPoolTaskScheduler-2] com.flatirons.pinpoint.server.scheduled.ArchivePublicationJob:86 - DM and PP Archive status Sync...
[2025-07-23 16:22:30]  INFO [ThreadPoolTaskScheduler-7] com.flatirons.pinpoint.server.service.impl.ImportPinpointPackageServiceImpl:180 - No neutral packages to import from Data Directory - C:\Users\u8064927\Downloads\OMAT_8.5.0.9_Light_20250601_x64\pinpoint-autoimport
[2025-07-23 16:22:32]  WARN [Thread-57] com.flatirons.pinpoint.server.listener.CreateResourcesRunnable:59 - Have not managed to post ACM resources after 130 times. Cause: 403
<html><body><h1>Whitelabel Error Page</h1><p>This application has no explicit mapping for /error, so you are seeing this as a fallback.</p><div id='created'>Wed Jul 23 16:22:32 CEST 2025</div><div>There was an unexpected error (type=Forbidden, status=403).</div></body></html>
[2025-07-23 16:23:00]  INFO [ThreadPoolTaskScheduler-9] com.flatirons.pinpoint.server.scheduled.ArchivePublicationJob:61 - Archive Job Scheduler executing...
[2025-07-23 16:23:00]  INFO [ThreadPoolTaskScheduler-1] com.flatirons.pinpoint.server.scheduled.ArchivePublicationJob:86 - DM and PP Archive status Sync...
[2025-07-23 16:23:22]  WARN [Thread-57] com.flatirons.pinpoint.server.listener.CreateResourcesRunnable:59 - Have not managed to post ACM resources after 140 times. Cause: 403
<html><body><h1>Whitelabel Error Page</h1><p>This application has no explicit mapping for /error, so you are seeing this as a fallback.</p><div id='created'>Wed Jul 23 16:23:22 CEST 2025</div><div>There was an unexpected error (type=Forbidden, status=403).</div></body></html>
[2025-07-23 16:23:30]  INFO [ThreadPoolTaskScheduler-3] com.flatirons.pinpoint.server.service.impl.ImportPinpointPackageServiceImpl:180 - No neutral packages to import from Data Directory - C:\Users\u8064927\Downloads\OMAT_8.5.0.9_Light_20250601_x64\pinpoint-autoimport
[2025-07-23 16:24:00]  INFO [ThreadPoolTaskScheduler-7] com.flatirons.pinpoint.server.scheduled.ArchivePublicationJob:86 - DM and PP Archive status Sync...
[2025-07-23 16:24:00]  INFO [ThreadPoolTaskScheduler-4] com.flatirons.pinpoint.server.scheduled.ArchivePublicationJob:61 - Archive Job Scheduler executing...
[2025-07-23 16:24:13]  WARN [Thread-57] com.flatirons.pinpoint.server.listener.CreateResourcesRunnable:59 - Have not managed to post ACM resources after 150 times. Cause: 403
<html><body><h1>Whitelabel Error Page</h1><p>This application has no explicit mapping for /error, so you are seeing this as a fallback.</p><div id='created'>Wed Jul 23 16:24:13 CEST 2025</div><div>There was an unexpected error (type=Forbidden, status=403).</div></body></html>
[2025-07-23 16:24:30]  INFO [ThreadPoolTaskScheduler-3] com.flatirons.pinpoint.server.service.impl.ImportPinpointPackageServiceImpl:180 - No neutral packages to import from Data Directory - C:\Users\u8064927\Downloads\OMAT_8.5.0.9_Light_20250601_x64\pinpoint-autoimport
[2025-07-23 16:25:00]  INFO [ThreadPoolTaskScheduler-4] com.flatirons.pinpoint.server.scheduled.ArchivePublicationJob:86 - DM and PP Archive status Sync...
[2025-07-23 16:25:00]  INFO [ThreadPoolTaskScheduler-7] com.flatirons.pinpoint.server.scheduled.ArchivePublicationJob:61 - Archive Job Scheduler executing...
[2025-07-23 16:25:03]  WARN [Thread-57] com.flatirons.pinpoint.server.listener.CreateResourcesRunnable:59 - Have not managed to post ACM resources after 160 times. Cause: 403
<html><body><h1>Whitelabel Error Page</h1><p>This application has no explicit mapping for /error, so you are seeing this as a fallback.</p><div id='created'>Wed Jul 23 16:25:03 CEST 2025</div><div>There was an unexpected error (type=Forbidden, status=403).</div></body></html>
[2025-07-23 16:25:30]  INFO [ThreadPoolTaskScheduler-2] com.flatirons.pinpoint.server.service.impl.ImportPinpointPackageServiceImpl:180 - No neutral packages to import from Data Directory - C:\Users\u8064927\Downloads\OMAT_8.5.0.9_Light_20250601_x64\pinpoint-autoimport
[2025-07-23 16:25:53]  WARN [Thread-57] com.flatirons.pinpoint.server.listener.CreateResourcesRunnable:59 - Have not managed to post ACM resources after 170 times. Cause: 403
<html><body><h1>Whitelabel Error Page</h1><p>This application has no explicit mapping for /error, so you are seeing this as a fallback.</p><div id='created'>Wed Jul 23 16:25:53 CEST 2025</div><div>There was an unexpected error (type=Forbidden, status=403).</div></body></html>
[2025-07-23 16:26:00]  INFO [ThreadPoolTaskScheduler-2] com.flatirons.pinpoint.server.scheduled.ArchivePublicationJob:61 - Archive Job Scheduler executing...
[2025-07-23 16:26:00]  INFO [ThreadPoolTaskScheduler-6] com.flatirons.pinpoint.server.scheduled.ArchivePublicationJob:86 - DM and PP Archive status Sync...
[2025-07-23 16:26:30]  INFO [ThreadPoolTaskScheduler-7] com.flatirons.pinpoint.server.service.impl.ImportPinpointPackageServiceImpl:180 - No neutral packages to import from Data Directory - C:\Users\u8064927\Downloads\OMAT_8.5.0.9_Light_20250601_x64\pinpoint-autoimport
[2025-07-23 16:26:44]  WARN [Thread-57] com.flatirons.pinpoint.server.listener.CreateResourcesRunnable:59 - Have not managed to post ACM resources after 180 times. Cause: 403
<html><body><h1>Whitelabel Error Page</h1><p>This application has no explicit mapping for /error, so you are seeing this as a fallback.</p><div id='created'>Wed Jul 23 16:26:44 CEST 2025</div><div>There was an unexpected error (type=Forbidden, status=403).</div></body></html>
[2025-07-23 16:27:00]  INFO [ThreadPoolTaskScheduler-5] com.flatirons.pinpoint.server.scheduled.ArchivePublicationJob:61 - Archive Job Scheduler executing...
[2025-07-23 16:27:00]  INFO [ThreadPoolTaskScheduler-8] com.flatirons.pinpoint.server.scheduled.ArchivePublicationJob:86 - DM and PP Archive status Sync...
[2025-07-23 16:27:30]  INFO [ThreadPoolTaskScheduler-7] com.flatirons.pinpoint.server.service.impl.ImportPinpointPackageServiceImpl:180 - No neutral packages to import from Data Directory - C:\Users\u8064927\Downloads\OMAT_8.5.0.9_Light_20250601_x64\pinpoint-autoimport
[2025-07-23 16:27:34]  WARN [Thread-57] com.flatirons.pinpoint.server.listener.CreateResourcesRunnable:59 - Have not managed to post ACM resources after 190 times. Cause: 403
<html><body><h1>Whitelabel Error Page</h1><p>This application has no explicit mapping for /error, so you are seeing this as a fallback.</p><div id='created'>Wed Jul 23 16:27:34 CEST 2025</div><div>There was an unexpected error (type=Forbidden, status=403).</div></body></html>
[2025-07-23 16:28:00]  INFO [ThreadPoolTaskScheduler-7] com.flatirons.pinpoint.server.scheduled.ArchivePublicationJob:86 - DM and PP Archive status Sync...
[2025-07-23 16:28:00]  INFO [ThreadPoolTaskScheduler-6] com.flatirons.pinpoint.server.scheduled.ArchivePublicationJob:61 - Archive Job Scheduler executing...
[2025-07-23 16:28:24]  WARN [Thread-57] com.flatirons.pinpoint.server.listener.CreateResourcesRunnable:59 - Have not managed to post ACM resources after 200 times. Cause: 403
<html><body><h1>Whitelabel Error Page</h1><p>This application has no explicit mapping for /error, so you are seeing this as a fallback.</p><div id='created'>Wed Jul 23 16:28:24 CEST 2025</div><div>There was an unexpected error (type=Forbidden, status=403).</div></body></html>
[2025-07-23 16:28:30]  INFO [ThreadPoolTaskScheduler-1] com.flatirons.pinpoint.server.service.impl.ImportPinpointPackageServiceImpl:180 - No neutral packages to import from Data Directory - C:\Users\u8064927\Downloads\OMAT_8.5.0.9_Light_20250601_x64\pinpoint-autoimport
[2025-07-23 16:29:00]  INFO [ThreadPoolTaskScheduler-3] com.flatirons.pinpoint.server.scheduled.ArchivePublicationJob:86 - DM and PP Archive status Sync...
[2025-07-23 16:29:00]  INFO [ThreadPoolTaskScheduler-10] com.flatirons.pinpoint.server.scheduled.ArchivePublicationJob:61 - Archive Job Scheduler executing...
[2025-07-23 16:29:15]  WARN [Thread-57] com.flatirons.pinpoint.server.listener.CreateResourcesRunnable:59 - Have not managed to post ACM resources after 210 times. Cause: 403
<html><body><h1>Whitelabel Error Page</h1><p>This application has no explicit mapping for /error, so you are seeing this as a fallback.</p><div id='created'>Wed Jul 23 16:29:15 CEST 2025</div><div>There was an unexpected error (type=Forbidden, status=403).</div></body></html>
[2025-07-23 16:29:30]  INFO [ThreadPoolTaskScheduler-10] com.flatirons.pinpoint.server.service.impl.ImportPinpointPackageServiceImpl:180 - No neutral packages to import from Data Directory - C:\Users\u8064927\Downloads\OMAT_8.5.0.9_Light_20250601_x64\pinpoint-autoimport
[2025-07-23 16:30:00]  INFO [ThreadPoolTaskScheduler-3] com.flatirons.pinpoint.server.scheduled.ArchivePublicationJob:86 - DM and PP Archive status Sync...
[2025-07-23 16:30:00]  INFO [ThreadPoolTaskScheduler-9] com.flatirons.pinpoint.server.scheduled.ArchivePublicationJob:61 - Archive Job Scheduler executing...
[2025-07-23 16:30:05]  WARN [Thread-57] com.flatirons.pinpoint.server.listener.CreateResourcesRunnable:59 - Have not managed to post ACM resources after 220 times. Cause: 403
<html><body><h1>Whitelabel Error Page</h1><p>This application has no explicit mapping for /error, so you are seeing this as a fallback.</p><div id='created'>Wed Jul 23 16:30:05 CEST 2025</div><div>There was an unexpected error (type=Forbidden, status=403).</div></body></html>
[2025-07-23 16:30:30]  INFO [ThreadPoolTaskScheduler-6] com.flatirons.pinpoint.server.service.impl.ImportPinpointPackageServiceImpl:180 - No neutral packages to import from Data Directory - C:\Users\u8064927\Downloads\OMAT_8.5.0.9_Light_20250601_x64\pinpoint-autoimport
[2025-07-23 16:30:56]  WARN [Thread-57] com.flatirons.pinpoint.server.listener.CreateResourcesRunnable:59 - Have not managed to post ACM resources after 230 times. Cause: 403
<html><body><h1>Whitelabel Error Page</h1><p>This application has no explicit mapping for /error, so you are seeing this as a fallback.</p><div id='created'>Wed Jul 23 16:30:56 CEST 2025</div><div>There was an unexpected error (type=Forbidden, status=403).</div></body></html>
[2025-07-23 16:31:00]  INFO [ThreadPoolTaskScheduler-2] com.flatirons.pinpoint.server.scheduled.ArchivePublicationJob:86 - DM and PP Archive status Sync...
[2025-07-23 16:31:00]  INFO [ThreadPoolTaskScheduler-4] com.flatirons.pinpoint.server.scheduled.ArchivePublicationJob:61 - Archive Job Scheduler executing...
[2025-07-23 16:31:30]  INFO [ThreadPoolTaskScheduler-10] com.flatirons.pinpoint.server.service.impl.ImportPinpointPackageServiceImpl:180 - No neutral packages to import from Data Directory - C:\Users\u8064927\Downloads\OMAT_8.5.0.9_Light_20250601_x64\pinpoint-autoimport
[2025-07-23 16:31:46] ERROR [Thread-57] com.flatirons.pinpoint.server.listener.CreateResourcesRunnable:32 - Failed to post ACM resources to ACM. Application might not work.
[2025-07-23 16:32:00]  INFO [ThreadPoolTaskScheduler-9] com.flatirons.pinpoint.server.scheduled.ArchivePublicationJob:61 - Archive Job Scheduler executing...
[2025-07-23 16:32:00]  INFO [ThreadPoolTaskScheduler-2] com.flatirons.pinpoint.server.scheduled.ArchivePublicationJob:86 - DM and PP Archive status Sync...
[2025-07-23 16:32:30]  INFO [ThreadPoolTaskScheduler-9] com.flatirons.pinpoint.server.service.impl.ImportPinpointPackageServiceImpl:180 - No neutral packages to import from Data Directory - C:\Users\u8064927\Downloads\OMAT_8.5.0.9_Light_20250601_x64\pinpoint-autoimport
[2025-07-23 16:33:00]  INFO [ThreadPoolTaskScheduler-2] com.flatirons.pinpoint.server.scheduled.ArchivePublicationJob:61 - Archive Job Scheduler executing...
[2025-07-23 16:33:00]  INFO [ThreadPoolTaskScheduler-5] com.flatirons.pinpoint.server.scheduled.ArchivePublicationJob:86 - DM and PP Archive status Sync...
[2025-07-23 16:33:30]  INFO [ThreadPoolTaskScheduler-2] com.flatirons.pinpoint.server.service.impl.ImportPinpointPackageServiceImpl:180 - No neutral packages to import from Data Directory - C:\Users\u8064927\Downloads\OMAT_8.5.0.9_Light_20250601_x64\pinpoint-autoimport
[2025-07-23 16:34:00]  INFO [ThreadPoolTaskScheduler-7] com.flatirons.pinpoint.server.scheduled.ArchivePublicationJob:86 - DM and PP Archive status Sync...
[2025-07-23 16:34:00]  INFO [ThreadPoolTaskScheduler-10] com.flatirons.pinpoint.server.scheduled.ArchivePublicationJob:61 - Archive Job Scheduler executing...
[2025-07-23 16:34:30]  INFO [ThreadPoolTaskScheduler-4] com.flatirons.pinpoint.server.service.impl.ImportPinpointPackageServiceImpl:180 - No neutral packages to import from Data Directory - C:\Users\u8064927\Downloads\OMAT_8.5.0.9_Light_20250601_x64\pinpoint-autoimport
[2025-07-23 16:35:00]  INFO [ThreadPoolTaskScheduler-9] com.flatirons.pinpoint.server.scheduled.ArchivePublicationJob:61 - Archive Job Scheduler executing...
[2025-07-23 16:35:00]  INFO [ThreadPoolTaskScheduler-2] com.flatirons.pinpoint.server.scheduled.ArchivePublicationJob:86 - DM and PP Archive status Sync...
[2025-07-23 16:35:30]  INFO [ThreadPoolTaskScheduler-1] com.flatirons.pinpoint.server.service.impl.ImportPinpointPackageServiceImpl:180 - No neutral packages to import from Data Directory - C:\Users\u8064927\Downloads\OMAT_8.5.0.9_Light_20250601_x64\pinpoint-autoimport
[2025-07-23 16:36:00]  INFO [ThreadPoolTaskScheduler-9] com.flatirons.pinpoint.server.scheduled.ArchivePublicationJob:86 - DM and PP Archive status Sync...
[2025-07-23 16:36:00]  INFO [ThreadPoolTaskScheduler-7] com.flatirons.pinpoint.server.scheduled.ArchivePublicationJob:61 - Archive Job Scheduler executing...
[2025-07-23 16:36:30]  INFO [ThreadPoolTaskScheduler-10] com.flatirons.pinpoint.server.service.impl.ImportPinpointPackageServiceImpl:180 - No neutral packages to import from Data Directory - C:\Users\u8064927\Downloads\OMAT_8.5.0.9_Light_20250601_x64\pinpoint-autoimport
[2025-07-23 16:37:00]  INFO [ThreadPoolTaskScheduler-3] com.flatirons.pinpoint.server.scheduled.ArchivePublicationJob:61 - Archive Job Scheduler executing...
[2025-07-23 16:37:00]  INFO [ThreadPoolTaskScheduler-6] com.flatirons.pinpoint.server.scheduled.ArchivePublicationJob:86 - DM and PP Archive status Sync...
[2025-07-23 16:37:30]  INFO [ThreadPoolTaskScheduler-9] com.flatirons.pinpoint.server.service.impl.ImportPinpointPackageServiceImpl:180 - No neutral packages to import from Data Directory - C:\Users\u8064927\Downloads\OMAT_8.5.0.9_Light_20250601_x64\pinpoint-autoimport
[2025-07-23 16:38:00]  INFO [ThreadPoolTaskScheduler-1] com.flatirons.pinpoint.server.scheduled.ArchivePublicationJob:61 - Archive Job Scheduler executing...
[2025-07-23 16:38:00]  INFO [ThreadPoolTaskScheduler-8] com.flatirons.pinpoint.server.scheduled.ArchivePublicationJob:86 - DM and PP Archive status Sync...
[2025-07-23 16:38:30]  INFO [ThreadPoolTaskScheduler-3] com.flatirons.pinpoint.server.service.impl.ImportPinpointPackageServiceImpl:180 - No neutral packages to import from Data Directory - C:\Users\u8064927\Downloads\OMAT_8.5.0.9_Light_20250601_x64\pinpoint-autoimport
[2025-07-23 16:39:00]  INFO [ThreadPoolTaskScheduler-3] com.flatirons.pinpoint.server.scheduled.ArchivePublicationJob:86 - DM and PP Archive status Sync...
[2025-07-23 16:39:00]  INFO [ThreadPoolTaskScheduler-7] com.flatirons.pinpoint.server.scheduled.ArchivePublicationJob:61 - Archive Job Scheduler executing...
[2025-07-23 16:39:30]  INFO [ThreadPoolTaskScheduler-3] com.flatirons.pinpoint.server.service.impl.ImportPinpointPackageServiceImpl:180 - No neutral packages to import from Data Directory - C:\Users\u8064927\Downloads\OMAT_8.5.0.9_Light_20250601_x64\pinpoint-autoimport
[2025-07-23 16:40:00]  INFO [ThreadPoolTaskScheduler-10] com.flatirons.pinpoint.server.scheduled.ArchivePublicationJob:61 - Archive Job Scheduler executing...
[2025-07-23 16:40:00]  INFO [ThreadPoolTaskScheduler-7] com.flatirons.pinpoint.server.scheduled.ArchivePublicationJob:86 - DM and PP Archive status Sync...
[2025-07-23 16:40:30]  INFO [ThreadPoolTaskScheduler-10] com.flatirons.pinpoint.server.service.impl.ImportPinpointPackageServiceImpl:180 - No neutral packages to import from Data Directory - C:\Users\u8064927\Downloads\OMAT_8.5.0.9_Light_20250601_x64\pinpoint-autoimport
[2025-07-23 16:41:00]  INFO [ThreadPoolTaskScheduler-3] com.flatirons.pinpoint.server.scheduled.ArchivePublicationJob:61 - Archive Job Scheduler executing...
[2025-07-23 16:41:00]  INFO [ThreadPoolTaskScheduler-4] com.flatirons.pinpoint.server.scheduled.ArchivePublicationJob:86 - DM and PP Archive status Sync...
[2025-07-23 16:41:30]  INFO [ThreadPoolTaskScheduler-2] com.flatirons.pinpoint.server.service.impl.ImportPinpointPackageServiceImpl:180 - No neutral packages to import from Data Directory - C:\Users\u8064927\Downloads\OMAT_8.5.0.9_Light_20250601_x64\pinpoint-autoimport
[2025-07-23 16:42:00]  INFO [ThreadPoolTaskScheduler-2] com.flatirons.pinpoint.server.scheduled.ArchivePublicationJob:61 - Archive Job Scheduler executing...
[2025-07-23 16:42:00]  INFO [ThreadPoolTaskScheduler-3] com.flatirons.pinpoint.server.scheduled.ArchivePublicationJob:86 - DM and PP Archive status Sync...
[2025-07-23 16:42:30]  INFO [ThreadPoolTaskScheduler-9] com.flatirons.pinpoint.server.service.impl.ImportPinpointPackageServiceImpl:180 - No neutral packages to import from Data Directory - C:\Users\u8064927\Downloads\OMAT_8.5.0.9_Light_20250601_x64\pinpoint-autoimport
[2025-07-23 16:43:00]  INFO [ThreadPoolTaskScheduler-4] com.flatirons.pinpoint.server.scheduled.ArchivePublicationJob:61 - Archive Job Scheduler executing...
[2025-07-23 16:43:00]  INFO [ThreadPoolTaskScheduler-1] com.flatirons.pinpoint.server.scheduled.ArchivePublicationJob:86 - DM and PP Archive status Sync...
[2025-07-23 16:43:30]  INFO [ThreadPoolTaskScheduler-10] com.flatirons.pinpoint.server.service.impl.ImportPinpointPackageServiceImpl:180 - No neutral packages to import from Data Directory - C:\Users\u8064927\Downloads\OMAT_8.5.0.9_Light_20250601_x64\pinpoint-autoimport
[2025-07-23 16:44:00]  INFO [ThreadPoolTaskScheduler-1] com.flatirons.pinpoint.server.scheduled.ArchivePublicationJob:86 - DM and PP Archive status Sync...
[2025-07-23 16:44:00]  INFO [ThreadPoolTaskScheduler-1] com.flatirons.pinpoint.server.scheduled.ArchivePublicationJob:61 - Archive Job Scheduler executing...
[2025-07-23 16:44:30]  INFO [ThreadPoolTaskScheduler-10] com.flatirons.pinpoint.server.service.impl.ImportPinpointPackageServiceImpl:180 - No neutral packages to import from Data Directory - C:\Users\u8064927\Downloads\OMAT_8.5.0.9_Light_20250601_x64\pinpoint-autoimport
[2025-07-23 16:45:00]  INFO [ThreadPoolTaskScheduler-9] com.flatirons.pinpoint.server.scheduled.ArchivePublicationJob:86 - DM and PP Archive status Sync...
[2025-07-23 16:45:00]  INFO [ThreadPoolTaskScheduler-1] com.flatirons.pinpoint.server.scheduled.ArchivePublicationJob:61 - Archive Job Scheduler executing...
[2025-07-23 16:45:30]  INFO [ThreadPoolTaskScheduler-9] com.flatirons.pinpoint.server.service.impl.ImportPinpointPackageServiceImpl:180 - No neutral packages to import from Data Directory - C:\Users\u8064927\Downloads\OMAT_8.5.0.9_Light_20250601_x64\pinpoint-autoimport
[2025-07-23 16:46:00]  INFO [ThreadPoolTaskScheduler-10] com.flatirons.pinpoint.server.scheduled.ArchivePublicationJob:86 - DM and PP Archive status Sync...
[2025-07-23 16:46:00]  INFO [ThreadPoolTaskScheduler-4] com.flatirons.pinpoint.server.scheduled.ArchivePublicationJob:61 - Archive Job Scheduler executing...
[2025-07-23 16:46:30]  INFO [ThreadPoolTaskScheduler-8] com.flatirons.pinpoint.server.service.impl.ImportPinpointPackageServiceImpl:180 - No neutral packages to import from Data Directory - C:\Users\u8064927\Downloads\OMAT_8.5.0.9_Light_20250601_x64\pinpoint-autoimport
[2025-07-23 16:47:00]  INFO [ThreadPoolTaskScheduler-8] com.flatirons.pinpoint.server.scheduled.ArchivePublicationJob:61 - Archive Job Scheduler executing...
[2025-07-23 16:47:00]  INFO [ThreadPoolTaskScheduler-2] com.flatirons.pinpoint.server.scheduled.ArchivePublicationJob:86 - DM and PP Archive status Sync...
[2025-07-23 16:47:30]  INFO [ThreadPoolTaskScheduler-10] com.flatirons.pinpoint.server.service.impl.ImportPinpointPackageServiceImpl:180 - No neutral packages to import from Data Directory - C:\Users\u8064927\Downloads\OMAT_8.5.0.9_Light_20250601_x64\pinpoint-autoimport
[2025-07-23 16:48:00]  INFO [ThreadPoolTaskScheduler-8] com.flatirons.pinpoint.server.scheduled.ArchivePublicationJob:86 - DM and PP Archive status Sync...
[2025-07-23 16:48:00]  INFO [ThreadPoolTaskScheduler-3] com.flatirons.pinpoint.server.scheduled.ArchivePublicationJob:61 - Archive Job Scheduler executing...
[2025-07-23 16:48:30]  INFO [ThreadPoolTaskScheduler-10] com.flatirons.pinpoint.server.service.impl.ImportPinpointPackageServiceImpl:180 - No neutral packages to import from Data Directory - C:\Users\u8064927\Downloads\OMAT_8.5.0.9_Light_20250601_x64\pinpoint-autoimport
[2025-07-23 16:49:00]  INFO [ThreadPoolTaskScheduler-1] com.flatirons.pinpoint.server.scheduled.ArchivePublicationJob:61 - Archive Job Scheduler executing...
[2025-07-23 16:49:00]  INFO [ThreadPoolTaskScheduler-7] com.flatirons.pinpoint.server.scheduled.ArchivePublicationJob:86 - DM and PP Archive status Sync...
[2025-07-23 16:49:30]  INFO [ThreadPoolTaskScheduler-4] com.flatirons.pinpoint.server.service.impl.ImportPinpointPackageServiceImpl:180 - No neutral packages to import from Data Directory - C:\Users\u8064927\Downloads\OMAT_8.5.0.9_Light_20250601_x64\pinpoint-autoimport
[2025-07-23 16:50:00]  INFO [ThreadPoolTaskScheduler-2] com.flatirons.pinpoint.server.scheduled.ArchivePublicationJob:61 - Archive Job Scheduler executing...
[2025-07-23 16:50:00]  INFO [ThreadPoolTaskScheduler-8] com.flatirons.pinpoint.server.scheduled.ArchivePublicationJob:86 - DM and PP Archive status Sync...
[2025-07-23 16:50:30]  INFO [ThreadPoolTaskScheduler-9] com.flatirons.pinpoint.server.service.impl.ImportPinpointPackageServiceImpl:180 - No neutral packages to import from Data Directory - C:\Users\u8064927\Downloads\OMAT_8.5.0.9_Light_20250601_x64\pinpoint-autoimport
[2025-07-23 16:51:00]  INFO [ThreadPoolTaskScheduler-6] com.flatirons.pinpoint.server.scheduled.ArchivePublicationJob:61 - Archive Job Scheduler executing...
[2025-07-23 16:51:00]  INFO [ThreadPoolTaskScheduler-10] com.flatirons.pinpoint.server.scheduled.ArchivePublicationJob:86 - DM and PP Archive status Sync...
[2025-07-23 16:51:30]  INFO [ThreadPoolTaskScheduler-2] com.flatirons.pinpoint.server.service.impl.ImportPinpointPackageServiceImpl:180 - No neutral packages to import from Data Directory - C:\Users\u8064927\Downloads\OMAT_8.5.0.9_Light_20250601_x64\pinpoint-autoimport
[2025-07-23 16:52:00]  INFO [ThreadPoolTaskScheduler-7] com.flatirons.pinpoint.server.scheduled.ArchivePublicationJob:61 - Archive Job Scheduler executing...
[2025-07-23 16:52:00]  INFO [ThreadPoolTaskScheduler-6] com.flatirons.pinpoint.server.scheduled.ArchivePublicationJob:86 - DM and PP Archive status Sync...
[2025-07-23 16:52:30]  INFO [ThreadPoolTaskScheduler-10] com.flatirons.pinpoint.server.service.impl.ImportPinpointPackageServiceImpl:180 - No neutral packages to import from Data Directory - C:\Users\u8064927\Downloads\OMAT_8.5.0.9_Light_20250601_x64\pinpoint-autoimport
[2025-07-23 16:53:00]  INFO [ThreadPoolTaskScheduler-8] com.flatirons.pinpoint.server.scheduled.ArchivePublicationJob:86 - DM and PP Archive status Sync...
[2025-07-23 16:53:00]  INFO [ThreadPoolTaskScheduler-10] com.flatirons.pinpoint.server.scheduled.ArchivePublicationJob:61 - Archive Job Scheduler executing...
[2025-07-23 16:53:14]  INFO [http-nio-8085-exec-4] com.flatirons.pinpoint.server.service.impl.ClientContentServiceImpl:104 - Client logo not available as configured absolute path. Hence, checking in configDir path.
com.flatirons.pinpoint.server.common.exceptions.PinpointRuntimeException: Failed to encode file to base 64 string.
	at com.flatirons.pinpoint.server.common.utils.CommonUtils.getBase64ImageContent(CommonUtils.java:2470)
	at com.flatirons.pinpoint.server.service.impl.ClientContentServiceImpl.getEncodedLogoImage(ClientContentServiceImpl.java:101)
	at com.flatirons.pinpoint.server.service.impl.ClientContentServiceImpl.getEncodedClientLogo(ClientContentServiceImpl.java:80)
	at com.flatirons.pinpoint.server.service.impl.ClientContentServiceImpl$$FastClassBySpringCGLIB$$bb98f11b.invoke(<generated>)
	at org.springframework.cglib.proxy.MethodProxy.invoke(MethodProxy.java:218)
	at org.springframework.aop.framework.CglibAopProxy$CglibMethodInvocation.invokeJoinpoint(CglibAopProxy.java:792)
	at org.springframework.aop.framework.ReflectiveMethodInvocation.proceed(ReflectiveMethodInvocation.java:163)
	at org.springframework.aop.framework.CglibAopProxy$CglibMethodInvocation.proceed(CglibAopProxy.java:762)
	at org.springframework.transaction.interceptor.TransactionInterceptor$1.proceedWithInvocation(TransactionInterceptor.java:123)
	at org.springframework.transaction.interceptor.TransactionAspectSupport.invokeWithinTransaction(TransactionAspectSupport.java:388)
	at org.springframework.transaction.interceptor.TransactionInterceptor.invoke(TransactionInterceptor.java:119)
	at org.springframework.aop.framework.ReflectiveMethodInvocation.proceed(ReflectiveMethodInvocation.java:186)
	at org.springframework.aop.framework.CglibAopProxy$CglibMethodInvocation.proceed(CglibAopProxy.java:762)
	at org.springframework.aop.interceptor.ExposeInvocationInterceptor.invoke(ExposeInvocationInterceptor.java:97)
	at org.springframework.aop.framework.ReflectiveMethodInvocation.proceed(ReflectiveMethodInvocation.java:186)
	at org.springframework.aop.framework.CglibAopProxy$CglibMethodInvocation.proceed(CglibAopProxy.java:762)
	at org.springframework.aop.framework.CglibAopProxy$DynamicAdvisedInterceptor.intercept(CglibAopProxy.java:707)
	at com.flatirons.pinpoint.server.service.impl.ClientContentServiceImpl$$EnhancerBySpringCGLIB$$4bd44680.getEncodedClientLogo(<generated>)
	at com.flatirons.pinpoint.server.rest.resource.FileResource.getLogo(FileResource.java:82)
	at java.base/jdk.internal.reflect.NativeMethodAccessorImpl.invoke0(Native Method)
	at java.base/jdk.internal.reflect.NativeMethodAccessorImpl.invoke(Unknown Source)
	at java.base/jdk.internal.reflect.DelegatingMethodAccessorImpl.invoke(Unknown Source)
	at java.base/java.lang.reflect.Method.invoke(Unknown Source)
	at org.glassfish.jersey.server.model.internal.ResourceMethodInvocationHandlerFactory.lambda$static$0(ResourceMethodInvocationHandlerFactory.java:52)
	at org.glassfish.jersey.server.model.internal.AbstractJavaResourceMethodDispatcher$1.run(AbstractJavaResourceMethodDispatcher.java:124)
	at org.glassfish.jersey.server.model.internal.AbstractJavaResourceMethodDispatcher.invoke(AbstractJavaResourceMethodDispatcher.java:167)
	at org.glassfish.jersey.server.model.internal.JavaResourceMethodDispatcherProvider$ResponseOutInvoker.doDispatch(JavaResourceMethodDispatcherProvider.java:176)
	at org.glassfish.jersey.server.model.internal.AbstractJavaResourceMethodDispatcher.dispatch(AbstractJavaResourceMethodDispatcher.java:79)
	at org.glassfish.jersey.server.model.ResourceMethodInvoker.invoke(ResourceMethodInvoker.java:475)
	at org.glassfish.jersey.server.model.ResourceMethodInvoker.apply(ResourceMethodInvoker.java:397)
	at org.glassfish.jersey.server.model.ResourceMethodInvoker.apply(ResourceMethodInvoker.java:81)
	at org.glassfish.jersey.server.ServerRuntime$1.run(ServerRuntime.java:255)
	at org.glassfish.jersey.internal.Errors$1.call(Errors.java:248)
	at org.glassfish.jersey.internal.Errors$1.call(Errors.java:244)
	at org.glassfish.jersey.internal.Errors.process(Errors.java:292)
	at org.glassfish.jersey.internal.Errors.process(Errors.java:274)
	at org.glassfish.jersey.internal.Errors.process(Errors.java:244)
	at org.glassfish.jersey.process.internal.RequestScope.runInScope(RequestScope.java:265)
	at org.glassfish.jersey.server.ServerRuntime.process(ServerRuntime.java:234)
	at org.glassfish.jersey.server.ApplicationHandler.handle(ApplicationHandler.java:684)
	at org.glassfish.jersey.servlet.WebComponent.serviceImpl(WebComponent.java:394)
	at org.glassfish.jersey.servlet.WebComponent.service(WebComponent.java:346)
	at org.glassfish.jersey.servlet.ServletContainer.service(ServletContainer.java:366)
	at org.glassfish.jersey.servlet.ServletContainer.service(ServletContainer.java:319)
	at org.glassfish.jersey.servlet.ServletContainer.service(ServletContainer.java:205)
	at org.apache.catalina.core.ApplicationFilterChain.internalDoFilter(ApplicationFilterChain.java:199)
	at org.apache.catalina.core.ApplicationFilterChain.doFilter(ApplicationFilterChain.java:144)
	at org.apache.tomcat.websocket.server.WsFilter.doFilter(WsFilter.java:51)
	at org.apache.catalina.core.ApplicationFilterChain.internalDoFilter(ApplicationFilterChain.java:168)
	at org.apache.catalina.core.ApplicationFilterChain.doFilter(ApplicationFilterChain.java:144)
	at org.springframework.web.filter.RequestContextFilter.doFilterInternal(RequestContextFilter.java:100)
	at org.springframework.web.filter.OncePerRequestFilter.doFilter(OncePerRequestFilter.java:117)
	at org.apache.catalina.core.ApplicationFilterChain.internalDoFilter(ApplicationFilterChain.java:168)
	at org.apache.catalina.core.ApplicationFilterChain.doFilter(ApplicationFilterChain.java:144)
	at org.springframework.web.filter.FormContentFilter.doFilterInternal(FormContentFilter.java:93)
	at org.springframework.web.filter.OncePerRequestFilter.doFilter(OncePerRequestFilter.java:117)
	at org.apache.catalina.core.ApplicationFilterChain.internalDoFilter(ApplicationFilterChain.java:168)
	at org.apache.catalina.core.ApplicationFilterChain.doFilter(ApplicationFilterChain.java:144)
	at org.springframework.boot.actuate.metrics.web.servlet.WebMvcMetricsFilter.doFilterInternal(WebMvcMetricsFilter.java:96)
	at org.springframework.web.filter.OncePerRequestFilter.doFilter(OncePerRequestFilter.java:117)
	at org.apache.catalina.core.ApplicationFilterChain.internalDoFilter(ApplicationFilterChain.java:168)
	at org.apache.catalina.core.ApplicationFilterChain.doFilter(ApplicationFilterChain.java:144)
	at org.springframework.boot.web.servlet.support.ErrorPageFilter.doFilter(ErrorPageFilter.java:126)
	at org.springframework.boot.web.servlet.support.ErrorPageFilter.access$000(ErrorPageFilter.java:64)
	at org.springframework.boot.web.servlet.support.ErrorPageFilter$1.doFilterInternal(ErrorPageFilter.java:101)
	at org.springframework.web.filter.OncePerRequestFilter.doFilter(OncePerRequestFilter.java:117)
	at org.springframework.boot.web.servlet.support.ErrorPageFilter.doFilter(ErrorPageFilter.java:119)
	at org.apache.catalina.core.ApplicationFilterChain.internalDoFilter(ApplicationFilterChain.java:168)
	at org.apache.catalina.core.ApplicationFilterChain.doFilter(ApplicationFilterChain.java:144)
	at org.springframework.web.filter.CharacterEncodingFilter.doFilterInternal(CharacterEncodingFilter.java:201)
	at org.springframework.web.filter.OncePerRequestFilter.doFilter(OncePerRequestFilter.java:117)
	at org.apache.catalina.core.ApplicationFilterChain.internalDoFilter(ApplicationFilterChain.java:168)
	at org.apache.catalina.core.ApplicationFilterChain.doFilter(ApplicationFilterChain.java:144)
	at org.apache.catalina.core.StandardWrapperValve.invoke(StandardWrapperValve.java:168)
	at org.apache.catalina.core.StandardContextValve.invoke(StandardContextValve.java:90)
	at org.apache.catalina.authenticator.AuthenticatorBase.invoke(AuthenticatorBase.java:482)
	at org.apache.catalina.core.StandardHostValve.invoke(StandardHostValve.java:130)
	at org.apache.catalina.valves.ErrorReportValve.invoke(ErrorReportValve.java:93)
	at org.apache.catalina.core.StandardEngineValve.invoke(StandardEngineValve.java:74)
	at org.apache.catalina.connector.CoyoteAdapter.service(CoyoteAdapter.java:346)
	at org.apache.coyote.http11.Http11Processor.service(Http11Processor.java:396)
	at org.apache.coyote.AbstractProcessorLight.process(AbstractProcessorLight.java:63)
	at org.apache.coyote.AbstractProtocol$ConnectionHandler.process(AbstractProtocol.java:937)
	at org.apache.tomcat.util.net.NioEndpoint$SocketProcessor.doRun(NioEndpoint.java:1793)
	at org.apache.tomcat.util.net.SocketProcessorBase.run(SocketProcessorBase.java:52)
	at org.apache.tomcat.util.threads.ThreadPoolExecutor.runWorker(ThreadPoolExecutor.java:1190)
	at org.apache.tomcat.util.threads.ThreadPoolExecutor$Worker.run(ThreadPoolExecutor.java:659)
	at org.apache.tomcat.util.threads.TaskThread$WrappingRunnable.run(TaskThread.java:63)
	at java.base/java.lang.Thread.run(Unknown Source)
[2025-07-23 16:53:30]  INFO [ThreadPoolTaskScheduler-10] com.flatirons.pinpoint.server.service.impl.ImportPinpointPackageServiceImpl:180 - No neutral packages to import from Data Directory - C:\Users\u8064927\Downloads\OMAT_8.5.0.9_Light_20250601_x64\pinpoint-autoimport
[2025-07-23 16:54:00]  INFO [ThreadPoolTaskScheduler-8] com.flatirons.pinpoint.server.scheduled.ArchivePublicationJob:61 - Archive Job Scheduler executing...
[2025-07-23 16:54:00]  INFO [ThreadPoolTaskScheduler-10] com.flatirons.pinpoint.server.scheduled.ArchivePublicationJob:86 - DM and PP Archive status Sync...
[2025-07-23 16:54:30]  INFO [ThreadPoolTaskScheduler-6] com.flatirons.pinpoint.server.service.impl.ImportPinpointPackageServiceImpl:180 - No neutral packages to import from Data Directory - C:\Users\u8064927\Downloads\OMAT_8.5.0.9_Light_20250601_x64\pinpoint-autoimport
[2025-07-23 16:55:00]  INFO [ThreadPoolTaskScheduler-1] com.flatirons.pinpoint.server.scheduled.ArchivePublicationJob:86 - DM and PP Archive status Sync...
[2025-07-23 16:55:00]  INFO [ThreadPoolTaskScheduler-1] com.flatirons.pinpoint.server.scheduled.ArchivePublicationJob:61 - Archive Job Scheduler executing...
[2025-07-23 16:55:30]  INFO [ThreadPoolTaskScheduler-4] com.flatirons.pinpoint.server.service.impl.ImportPinpointPackageServiceImpl:180 - No neutral packages to import from Data Directory - C:\Users\u8064927\Downloads\OMAT_8.5.0.9_Light_20250601_x64\pinpoint-autoimport
[2025-07-23 16:56:00]  INFO [ThreadPoolTaskScheduler-10] com.flatirons.pinpoint.server.scheduled.ArchivePublicationJob:86 - DM and PP Archive status Sync...
[2025-07-23 16:56:00]  INFO [ThreadPoolTaskScheduler-4] com.flatirons.pinpoint.server.scheduled.ArchivePublicationJob:61 - Archive Job Scheduler executing...
[2025-07-23 16:56:30]  INFO [ThreadPoolTaskScheduler-8] com.flatirons.pinpoint.server.service.impl.ImportPinpointPackageServiceImpl:180 - No neutral packages to import from Data Directory - C:\Users\u8064927\Downloads\OMAT_8.5.0.9_Light_20250601_x64\pinpoint-autoimport
[2025-07-23 16:57:00]  INFO [ThreadPoolTaskScheduler-6] com.flatirons.pinpoint.server.scheduled.ArchivePublicationJob:61 - Archive Job Scheduler executing...
[2025-07-23 16:57:00]  INFO [ThreadPoolTaskScheduler-3] com.flatirons.pinpoint.server.scheduled.ArchivePublicationJob:86 - DM and PP Archive status Sync...
[2025-07-23 16:57:30]  INFO [ThreadPoolTaskScheduler-10] com.flatirons.pinpoint.server.service.impl.ImportPinpointPackageServiceImpl:180 - No neutral packages to import from Data Directory - C:\Users\u8064927\Downloads\OMAT_8.5.0.9_Light_20250601_x64\pinpoint-autoimport
[2025-07-23 16:58:00]  INFO [ThreadPoolTaskScheduler-10] com.flatirons.pinpoint.server.scheduled.ArchivePublicationJob:86 - DM and PP Archive status Sync...
[2025-07-23 16:58:00]  INFO [ThreadPoolTaskScheduler-2] com.flatirons.pinpoint.server.scheduled.ArchivePublicationJob:61 - Archive Job Scheduler executing...
[2025-07-23 16:58:30]  INFO [ThreadPoolTaskScheduler-4] com.flatirons.pinpoint.server.service.impl.ImportPinpointPackageServiceImpl:180 - No neutral packages to import from Data Directory - C:\Users\u8064927\Downloads\OMAT_8.5.0.9_Light_20250601_x64\pinpoint-autoimport
[2025-07-23 16:59:00]  INFO [ThreadPoolTaskScheduler-1] com.flatirons.pinpoint.server.scheduled.ArchivePublicationJob:86 - DM and PP Archive status Sync...
[2025-07-23 16:59:00]  INFO [ThreadPoolTaskScheduler-6] com.flatirons.pinpoint.server.scheduled.ArchivePublicationJob:61 - Archive Job Scheduler executing...
[2025-07-23 16:59:30]  INFO [ThreadPoolTaskScheduler-4] com.flatirons.pinpoint.server.service.impl.ImportPinpointPackageServiceImpl:180 - No neutral packages to import from Data Directory - C:\Users\u8064927\Downloads\OMAT_8.5.0.9_Light_20250601_x64\pinpoint-autoimport
[2025-07-23 17:00:00]  INFO [ThreadPoolTaskScheduler-3] com.flatirons.pinpoint.server.scheduled.ArchivePublicationJob:86 - DM and PP Archive status Sync...
[2025-07-23 17:00:00]  INFO [ThreadPoolTaskScheduler-3] com.flatirons.pinpoint.server.scheduled.ArchivePublicationJob:61 - Archive Job Scheduler executing...
[2025-07-23 17:00:30]  INFO [ThreadPoolTaskScheduler-5] com.flatirons.pinpoint.server.service.impl.ImportPinpointPackageServiceImpl:180 - No neutral packages to import from Data Directory - C:\Users\u8064927\Downloads\OMAT_8.5.0.9_Light_20250601_x64\pinpoint-autoimport
[2025-07-23 17:01:00]  INFO [ThreadPoolTaskScheduler-1] com.flatirons.pinpoint.server.scheduled.ArchivePublicationJob:86 - DM and PP Archive status Sync...
[2025-07-23 17:01:00]  INFO [ThreadPoolTaskScheduler-10] com.flatirons.pinpoint.server.scheduled.ArchivePublicationJob:61 - Archive Job Scheduler executing...
[2025-07-23 17:01:30]  INFO [ThreadPoolTaskScheduler-3] com.flatirons.pinpoint.server.service.impl.ImportPinpointPackageServiceImpl:180 - No neutral packages to import from Data Directory - C:\Users\u8064927\Downloads\OMAT_8.5.0.9_Light_20250601_x64\pinpoint-autoimport
[2025-07-23 17:02:00]  INFO [ThreadPoolTaskScheduler-8] com.flatirons.pinpoint.server.scheduled.ArchivePublicationJob:86 - DM and PP Archive status Sync...
[2025-07-23 17:02:00]  INFO [ThreadPoolTaskScheduler-3] com.flatirons.pinpoint.server.scheduled.ArchivePublicationJob:61 - Archive Job Scheduler executing...
[2025-07-23 17:02:30]  INFO [ThreadPoolTaskScheduler-4] com.flatirons.pinpoint.server.service.impl.ImportPinpointPackageServiceImpl:180 - No neutral packages to import from Data Directory - C:\Users\u8064927\Downloads\OMAT_8.5.0.9_Light_20250601_x64\pinpoint-autoimport
[2025-07-23 17:03:00]  INFO [ThreadPoolTaskScheduler-10] com.flatirons.pinpoint.server.scheduled.ArchivePublicationJob:61 - Archive Job Scheduler executing...
[2025-07-23 17:03:00]  INFO [ThreadPoolTaskScheduler-3] com.flatirons.pinpoint.server.scheduled.ArchivePublicationJob:86 - DM and PP Archive status Sync...
[2025-07-23 17:03:30]  INFO [ThreadPoolTaskScheduler-7] com.flatirons.pinpoint.server.service.impl.ImportPinpointPackageServiceImpl:180 - No neutral packages to import from Data Directory - C:\Users\u8064927\Downloads\OMAT_8.5.0.9_Light_20250601_x64\pinpoint-autoimport
[2025-07-23 17:04:00]  INFO [ThreadPoolTaskScheduler-1] com.flatirons.pinpoint.server.scheduled.ArchivePublicationJob:61 - Archive Job Scheduler executing...
[2025-07-23 17:04:00]  INFO [ThreadPoolTaskScheduler-10] com.flatirons.pinpoint.server.scheduled.ArchivePublicationJob:86 - DM and PP Archive status Sync...
[2025-07-23 17:04:30]  INFO [ThreadPoolTaskScheduler-9] com.flatirons.pinpoint.server.service.impl.ImportPinpointPackageServiceImpl:180 - No neutral packages to import from Data Directory - C:\Users\u8064927\Downloads\OMAT_8.5.0.9_Light_20250601_x64\pinpoint-autoimport
[2025-07-23 17:05:00]  INFO [ThreadPoolTaskScheduler-8] com.flatirons.pinpoint.server.scheduled.ArchivePublicationJob:86 - DM and PP Archive status Sync...
[2025-07-23 17:05:00]  INFO [ThreadPoolTaskScheduler-6] com.flatirons.pinpoint.server.scheduled.ArchivePublicationJob:61 - Archive Job Scheduler executing...
[2025-07-23 17:05:30]  INFO [ThreadPoolTaskScheduler-4] com.flatirons.pinpoint.server.service.impl.ImportPinpointPackageServiceImpl:180 - No neutral packages to import from Data Directory - C:\Users\u8064927\Downloads\OMAT_8.5.0.9_Light_20250601_x64\pinpoint-autoimport
[2025-07-23 17:06:00]  INFO [ThreadPoolTaskScheduler-5] com.flatirons.pinpoint.server.scheduled.ArchivePublicationJob:61 - Archive Job Scheduler executing...
[2025-07-23 17:06:00]  INFO [ThreadPoolTaskScheduler-6] com.flatirons.pinpoint.server.scheduled.ArchivePublicationJob:86 - DM and PP Archive status Sync...
[2025-07-23 17:06:30]  INFO [ThreadPoolTaskScheduler-5] com.flatirons.pinpoint.server.service.impl.ImportPinpointPackageServiceImpl:180 - No neutral packages to import from Data Directory - C:\Users\u8064927\Downloads\OMAT_8.5.0.9_Light_20250601_x64\pinpoint-autoimport
[2025-07-23 17:07:00]  INFO [ThreadPoolTaskScheduler-2] com.flatirons.pinpoint.server.scheduled.ArchivePublicationJob:86 - DM and PP Archive status Sync...
[2025-07-23 17:07:00]  INFO [ThreadPoolTaskScheduler-8] com.flatirons.pinpoint.server.scheduled.ArchivePublicationJob:61 - Archive Job Scheduler executing...
[2025-07-23 17:07:30]  INFO [ThreadPoolTaskScheduler-6] com.flatirons.pinpoint.server.service.impl.ImportPinpointPackageServiceImpl:180 - No neutral packages to import from Data Directory - C:\Users\u8064927\Downloads\OMAT_8.5.0.9_Light_20250601_x64\pinpoint-autoimport
[2025-07-23 17:08:00]  INFO [ThreadPoolTaskScheduler-7] com.flatirons.pinpoint.server.scheduled.ArchivePublicationJob:61 - Archive Job Scheduler executing...
[2025-07-23 17:08:00]  INFO [ThreadPoolTaskScheduler-6] com.flatirons.pinpoint.server.scheduled.ArchivePublicationJob:86 - DM and PP Archive status Sync...
[2025-07-23 17:08:30]  INFO [ThreadPoolTaskScheduler-6] com.flatirons.pinpoint.server.service.impl.ImportPinpointPackageServiceImpl:180 - No neutral packages to import from Data Directory - C:\Users\u8064927\Downloads\OMAT_8.5.0.9_Light_20250601_x64\pinpoint-autoimport
[2025-07-23 17:09:00]  INFO [ThreadPoolTaskScheduler-8] com.flatirons.pinpoint.server.scheduled.ArchivePublicationJob:61 - Archive Job Scheduler executing...
[2025-07-23 17:09:00]  INFO [ThreadPoolTaskScheduler-1] com.flatirons.pinpoint.server.scheduled.ArchivePublicationJob:86 - DM and PP Archive status Sync...
[2025-07-23 17:09:30]  INFO [ThreadPoolTaskScheduler-8] com.flatirons.pinpoint.server.service.impl.ImportPinpointPackageServiceImpl:180 - No neutral packages to import from Data Directory - C:\Users\u8064927\Downloads\OMAT_8.5.0.9_Light_20250601_x64\pinpoint-autoimport
[2025-07-23 17:10:00]  INFO [ThreadPoolTaskScheduler-3] com.flatirons.pinpoint.server.scheduled.ArchivePublicationJob:61 - Archive Job Scheduler executing...
[2025-07-23 17:10:00]  INFO [ThreadPoolTaskScheduler-5] com.flatirons.pinpoint.server.scheduled.ArchivePublicationJob:86 - DM and PP Archive status Sync...
[2025-07-23 17:10:30]  INFO [ThreadPoolTaskScheduler-2] com.flatirons.pinpoint.server.service.impl.ImportPinpointPackageServiceImpl:180 - No neutral packages to import from Data Directory - C:\Users\u8064927\Downloads\OMAT_8.5.0.9_Light_20250601_x64\pinpoint-autoimport
[2025-07-23 17:11:00]  INFO [ThreadPoolTaskScheduler-2] com.flatirons.pinpoint.server.scheduled.ArchivePublicationJob:86 - DM and PP Archive status Sync...
[2025-07-23 17:11:00]  INFO [ThreadPoolTaskScheduler-1] com.flatirons.pinpoint.server.scheduled.ArchivePublicationJob:61 - Archive Job Scheduler executing...
[2025-07-23 17:11:30]  INFO [ThreadPoolTaskScheduler-4] com.flatirons.pinpoint.server.service.impl.ImportPinpointPackageServiceImpl:180 - No neutral packages to import from Data Directory - C:\Users\u8064927\Downloads\OMAT_8.5.0.9_Light_20250601_x64\pinpoint-autoimport
[2025-07-23 17:12:00]  INFO [ThreadPoolTaskScheduler-1] com.flatirons.pinpoint.server.scheduled.ArchivePublicationJob:86 - DM and PP Archive status Sync...
[2025-07-23 17:12:00]  INFO [ThreadPoolTaskScheduler-10] com.flatirons.pinpoint.server.scheduled.ArchivePublicationJob:61 - Archive Job Scheduler executing...
[2025-07-23 17:12:30]  INFO [ThreadPoolTaskScheduler-5] com.flatirons.pinpoint.server.service.impl.ImportPinpointPackageServiceImpl:180 - No neutral packages to import from Data Directory - C:\Users\u8064927\Downloads\OMAT_8.5.0.9_Light_20250601_x64\pinpoint-autoimport
[2025-07-23 17:13:00]  INFO [ThreadPoolTaskScheduler-10] com.flatirons.pinpoint.server.scheduled.ArchivePublicationJob:86 - DM and PP Archive status Sync...
[2025-07-23 17:13:00]  INFO [ThreadPoolTaskScheduler-2] com.flatirons.pinpoint.server.scheduled.ArchivePublicationJob:61 - Archive Job Scheduler executing...
[2025-07-23 17:13:30]  INFO [ThreadPoolTaskScheduler-1] com.flatirons.pinpoint.server.service.impl.ImportPinpointPackageServiceImpl:180 - No neutral packages to import from Data Directory - C:\Users\u8064927\Downloads\OMAT_8.5.0.9_Light_20250601_x64\pinpoint-autoimport
[2025-07-23 17:14:00]  INFO [ThreadPoolTaskScheduler-2] com.flatirons.pinpoint.server.scheduled.ArchivePublicationJob:86 - DM and PP Archive status Sync...
[2025-07-23 17:14:00]  INFO [ThreadPoolTaskScheduler-9] com.flatirons.pinpoint.server.scheduled.ArchivePublicationJob:61 - Archive Job Scheduler executing...
[2025-07-23 17:14:30]  INFO [ThreadPoolTaskScheduler-8] com.flatirons.pinpoint.server.service.impl.ImportPinpointPackageServiceImpl:180 - No neutral packages to import from Data Directory - C:\Users\u8064927\Downloads\OMAT_8.5.0.9_Light_20250601_x64\pinpoint-autoimport
[2025-07-23 17:15:00]  INFO [ThreadPoolTaskScheduler-7] com.flatirons.pinpoint.server.scheduled.ArchivePublicationJob:86 - DM and PP Archive status Sync...
[2025-07-23 17:15:00]  INFO [ThreadPoolTaskScheduler-2] com.flatirons.pinpoint.server.scheduled.ArchivePublicationJob:61 - Archive Job Scheduler executing...
[2025-07-23 17:15:30]  INFO [ThreadPoolTaskScheduler-3] com.flatirons.pinpoint.server.service.impl.ImportPinpointPackageServiceImpl:180 - No neutral packages to import from Data Directory - C:\Users\u8064927\Downloads\OMAT_8.5.0.9_Light_20250601_x64\pinpoint-autoimport
[2025-07-23 17:16:00]  INFO [ThreadPoolTaskScheduler-7] com.flatirons.pinpoint.server.scheduled.ArchivePublicationJob:61 - Archive Job Scheduler executing...
[2025-07-23 17:16:00]  INFO [ThreadPoolTaskScheduler-9] com.flatirons.pinpoint.server.scheduled.ArchivePublicationJob:86 - DM and PP Archive status Sync...
[2025-07-23 17:16:30]  INFO [ThreadPoolTaskScheduler-3] com.flatirons.pinpoint.server.service.impl.ImportPinpointPackageServiceImpl:180 - No neutral packages to import from Data Directory - C:\Users\u8064927\Downloads\OMAT_8.5.0.9_Light_20250601_x64\pinpoint-autoimport
[2025-07-23 17:17:00]  INFO [ThreadPoolTaskScheduler-3] com.flatirons.pinpoint.server.scheduled.ArchivePublicationJob:61 - Archive Job Scheduler executing...
[2025-07-23 17:17:00]  INFO [ThreadPoolTaskScheduler-10] com.flatirons.pinpoint.server.scheduled.ArchivePublicationJob:86 - DM and PP Archive status Sync...
[2025-07-23 17:17:30]  INFO [ThreadPoolTaskScheduler-1] com.flatirons.pinpoint.server.service.impl.ImportPinpointPackageServiceImpl:180 - No neutral packages to import from Data Directory - C:\Users\u8064927\Downloads\OMAT_8.5.0.9_Light_20250601_x64\pinpoint-autoimport
[2025-07-23 17:18:00]  INFO [ThreadPoolTaskScheduler-2] com.flatirons.pinpoint.server.scheduled.ArchivePublicationJob:86 - DM and PP Archive status Sync...
[2025-07-23 17:18:00]  INFO [ThreadPoolTaskScheduler-3] com.flatirons.pinpoint.server.scheduled.ArchivePublicationJob:61 - Archive Job Scheduler executing...
[2025-07-23 17:18:30]  INFO [ThreadPoolTaskScheduler-8] com.flatirons.pinpoint.server.service.impl.ImportPinpointPackageServiceImpl:180 - No neutral packages to import from Data Directory - C:\Users\u8064927\Downloads\OMAT_8.5.0.9_Light_20250601_x64\pinpoint-autoimport
[2025-07-23 17:19:00]  INFO [ThreadPoolTaskScheduler-3] com.flatirons.pinpoint.server.scheduled.ArchivePublicationJob:61 - Archive Job Scheduler executing...
[2025-07-23 17:19:00]  INFO [ThreadPoolTaskScheduler-7] com.flatirons.pinpoint.server.scheduled.ArchivePublicationJob:86 - DM and PP Archive status Sync...
[2025-07-23 17:19:30]  INFO [ThreadPoolTaskScheduler-1] com.flatirons.pinpoint.server.service.impl.ImportPinpointPackageServiceImpl:180 - No neutral packages to import from Data Directory - C:\Users\u8064927\Downloads\OMAT_8.5.0.9_Light_20250601_x64\pinpoint-autoimport
[2025-07-23 17:20:00]  INFO [ThreadPoolTaskScheduler-6] com.flatirons.pinpoint.server.scheduled.ArchivePublicationJob:86 - DM and PP Archive status Sync...
[2025-07-23 17:20:00]  INFO [ThreadPoolTaskScheduler-10] com.flatirons.pinpoint.server.scheduled.ArchivePublicationJob:61 - Archive Job Scheduler executing...
[2025-07-23 17:20:30]  INFO [ThreadPoolTaskScheduler-5] com.flatirons.pinpoint.server.service.impl.ImportPinpointPackageServiceImpl:180 - No neutral packages to import from Data Directory - C:\Users\u8064927\Downloads\OMAT_8.5.0.9_Light_20250601_x64\pinpoint-autoimport
[2025-07-23 17:21:00]  INFO [ThreadPoolTaskScheduler-4] com.flatirons.pinpoint.server.scheduled.ArchivePublicationJob:86 - DM and PP Archive status Sync...
[2025-07-23 17:21:00]  INFO [ThreadPoolTaskScheduler-8] com.flatirons.pinpoint.server.scheduled.ArchivePublicationJob:61 - Archive Job Scheduler executing...
[2025-07-23 17:21:30]  INFO [ThreadPoolTaskScheduler-10] com.flatirons.pinpoint.server.service.impl.ImportPinpointPackageServiceImpl:180 - No neutral packages to import from Data Directory - C:\Users\u8064927\Downloads\OMAT_8.5.0.9_Light_20250601_x64\pinpoint-autoimport
[2025-07-23 17:22:00]  INFO [ThreadPoolTaskScheduler-2] com.flatirons.pinpoint.server.scheduled.ArchivePublicationJob:61 - Archive Job Scheduler executing...
[2025-07-23 17:22:00]  INFO [ThreadPoolTaskScheduler-1] com.flatirons.pinpoint.server.scheduled.ArchivePublicationJob:86 - DM and PP Archive status Sync...
[2025-07-23 17:22:30]  INFO [ThreadPoolTaskScheduler-8] com.flatirons.pinpoint.server.service.impl.ImportPinpointPackageServiceImpl:180 - No neutral packages to import from Data Directory - C:\Users\u8064927\Downloads\OMAT_8.5.0.9_Light_20250601_x64\pinpoint-autoimport
[2025-07-23 17:23:00]  INFO [ThreadPoolTaskScheduler-1] com.flatirons.pinpoint.server.scheduled.ArchivePublicationJob:86 - DM and PP Archive status Sync...
[2025-07-23 17:23:00]  INFO [ThreadPoolTaskScheduler-3] com.flatirons.pinpoint.server.scheduled.ArchivePublicationJob:61 - Archive Job Scheduler executing...
[2025-07-23 17:23:30]  INFO [ThreadPoolTaskScheduler-6] com.flatirons.pinpoint.server.service.impl.ImportPinpointPackageServiceImpl:180 - No neutral packages to import from Data Directory - C:\Users\u8064927\Downloads\OMAT_8.5.0.9_Light_20250601_x64\pinpoint-autoimport
[2025-07-23 17:24:00]  INFO [ThreadPoolTaskScheduler-7] com.flatirons.pinpoint.server.scheduled.ArchivePublicationJob:61 - Archive Job Scheduler executing...
[2025-07-23 17:24:00]  INFO [ThreadPoolTaskScheduler-3] com.flatirons.pinpoint.server.scheduled.ArchivePublicationJob:86 - DM and PP Archive status Sync...
[2025-07-23 17:24:30]  INFO [ThreadPoolTaskScheduler-8] com.flatirons.pinpoint.server.service.impl.ImportPinpointPackageServiceImpl:180 - No neutral packages to import from Data Directory - C:\Users\u8064927\Downloads\OMAT_8.5.0.9_Light_20250601_x64\pinpoint-autoimport
[2025-07-23 17:25:00]  INFO [ThreadPoolTaskScheduler-1] com.flatirons.pinpoint.server.scheduled.ArchivePublicationJob:61 - Archive Job Scheduler executing...
[2025-07-23 17:25:00]  INFO [ThreadPoolTaskScheduler-9] com.flatirons.pinpoint.server.scheduled.ArchivePublicationJob:86 - DM and PP Archive status Sync...
[2025-07-23 17:25:30]  INFO [ThreadPoolTaskScheduler-6] com.flatirons.pinpoint.server.service.impl.ImportPinpointPackageServiceImpl:180 - No neutral packages to import from Data Directory - C:\Users\u8064927\Downloads\OMAT_8.5.0.9_Light_20250601_x64\pinpoint-autoimport
[2025-07-23 17:26:00]  INFO [ThreadPoolTaskScheduler-3] com.flatirons.pinpoint.server.scheduled.ArchivePublicationJob:86 - DM and PP Archive status Sync...
[2025-07-23 17:26:00]  INFO [ThreadPoolTaskScheduler-9] com.flatirons.pinpoint.server.scheduled.ArchivePublicationJob:61 - Archive Job Scheduler executing...
[2025-07-23 17:26:30]  INFO [ThreadPoolTaskScheduler-5] com.flatirons.pinpoint.server.service.impl.ImportPinpointPackageServiceImpl:180 - No neutral packages to import from Data Directory - C:\Users\u8064927\Downloads\OMAT_8.5.0.9_Light_20250601_x64\pinpoint-autoimport
[2025-07-23 17:27:00]  INFO [ThreadPoolTaskScheduler-9] com.flatirons.pinpoint.server.scheduled.ArchivePublicationJob:86 - DM and PP Archive status Sync...
[2025-07-23 17:27:00]  INFO [ThreadPoolTaskScheduler-2] com.flatirons.pinpoint.server.scheduled.ArchivePublicationJob:61 - Archive Job Scheduler executing...
[2025-07-23 17:27:30]  INFO [ThreadPoolTaskScheduler-2] com.flatirons.pinpoint.server.service.impl.ImportPinpointPackageServiceImpl:180 - No neutral packages to import from Data Directory - C:\Users\u8064927\Downloads\OMAT_8.5.0.9_Light_20250601_x64\pinpoint-autoimport
[2025-07-23 17:28:00]  INFO [ThreadPoolTaskScheduler-10] com.flatirons.pinpoint.server.scheduled.ArchivePublicationJob:61 - Archive Job Scheduler executing...
[2025-07-23 17:28:00]  INFO [ThreadPoolTaskScheduler-4] com.flatirons.pinpoint.server.scheduled.ArchivePublicationJob:86 - DM and PP Archive status Sync...
[2025-07-23 17:28:30]  INFO [ThreadPoolTaskScheduler-4] com.flatirons.pinpoint.server.service.impl.ImportPinpointPackageServiceImpl:180 - No neutral packages to import from Data Directory - C:\Users\u8064927\Downloads\OMAT_8.5.0.9_Light_20250601_x64\pinpoint-autoimport
[2025-07-23 17:29:00]  INFO [ThreadPoolTaskScheduler-9] com.flatirons.pinpoint.server.scheduled.ArchivePublicationJob:86 - DM and PP Archive status Sync...
[2025-07-23 17:29:00]  INFO [ThreadPoolTaskScheduler-6] com.flatirons.pinpoint.server.scheduled.ArchivePublicationJob:61 - Archive Job Scheduler executing...
[2025-07-23 17:29:30]  INFO [ThreadPoolTaskScheduler-3] com.flatirons.pinpoint.server.service.impl.ImportPinpointPackageServiceImpl:180 - No neutral packages to import from Data Directory - C:\Users\u8064927\Downloads\OMAT_8.5.0.9_Light_20250601_x64\pinpoint-autoimport
[2025-07-23 17:30:00]  INFO [ThreadPoolTaskScheduler-2] com.flatirons.pinpoint.server.scheduled.ArchivePublicationJob:86 - DM and PP Archive status Sync...
[2025-07-23 17:30:00]  INFO [ThreadPoolTaskScheduler-5] com.flatirons.pinpoint.server.scheduled.ArchivePublicationJob:61 - Archive Job Scheduler executing...
[2025-07-23 17:30:30]  INFO [ThreadPoolTaskScheduler-4] com.flatirons.pinpoint.server.service.impl.ImportPinpointPackageServiceImpl:180 - No neutral packages to import from Data Directory - C:\Users\u8064927\Downloads\OMAT_8.5.0.9_Light_20250601_x64\pinpoint-autoimport
[2025-07-23 17:31:00]  INFO [ThreadPoolTaskScheduler-2] com.flatirons.pinpoint.server.scheduled.ArchivePublicationJob:86 - DM and PP Archive status Sync...
[2025-07-23 17:31:00]  INFO [ThreadPoolTaskScheduler-8] com.flatirons.pinpoint.server.scheduled.ArchivePublicationJob:61 - Archive Job Scheduler executing...
[2025-07-23 17:31:30]  INFO [ThreadPoolTaskScheduler-1] com.flatirons.pinpoint.server.service.impl.ImportPinpointPackageServiceImpl:180 - No neutral packages to import from Data Directory - C:\Users\u8064927\Downloads\OMAT_8.5.0.9_Light_20250601_x64\pinpoint-autoimport
[2025-07-23 17:32:00]  INFO [ThreadPoolTaskScheduler-6] com.flatirons.pinpoint.server.scheduled.ArchivePublicationJob:61 - Archive Job Scheduler executing...
[2025-07-23 17:32:00]  INFO [ThreadPoolTaskScheduler-9] com.flatirons.pinpoint.server.scheduled.ArchivePublicationJob:86 - DM and PP Archive status Sync...
[2025-07-23 17:32:30]  INFO [ThreadPoolTaskScheduler-6] com.flatirons.pinpoint.server.service.impl.ImportPinpointPackageServiceImpl:180 - No neutral packages to import from Data Directory - C:\Users\u8064927\Downloads\OMAT_8.5.0.9_Light_20250601_x64\pinpoint-autoimport
[2025-07-23 17:33:00]  INFO [ThreadPoolTaskScheduler-10] com.flatirons.pinpoint.server.scheduled.ArchivePublicationJob:61 - Archive Job Scheduler executing...
[2025-07-23 17:33:00]  INFO [ThreadPoolTaskScheduler-3] com.flatirons.pinpoint.server.scheduled.ArchivePublicationJob:86 - DM and PP Archive status Sync...
[2025-07-23 17:33:30]  INFO [ThreadPoolTaskScheduler-4] com.flatirons.pinpoint.server.service.impl.ImportPinpointPackageServiceImpl:180 - No neutral packages to import from Data Directory - C:\Users\u8064927\Downloads\OMAT_8.5.0.9_Light_20250601_x64\pinpoint-autoimport
[2025-07-23 17:34:00]  INFO [ThreadPoolTaskScheduler-7] com.flatirons.pinpoint.server.scheduled.ArchivePublicationJob:61 - Archive Job Scheduler executing...
[2025-07-23 17:34:00]  INFO [ThreadPoolTaskScheduler-10] com.flatirons.pinpoint.server.scheduled.ArchivePublicationJob:86 - DM and PP Archive status Sync...
[2025-07-23 17:34:30]  INFO [ThreadPoolTaskScheduler-10] com.flatirons.pinpoint.server.service.impl.ImportPinpointPackageServiceImpl:180 - No neutral packages to import from Data Directory - C:\Users\u8064927\Downloads\OMAT_8.5.0.9_Light_20250601_x64\pinpoint-autoimport
[2025-07-23 17:35:00]  INFO [ThreadPoolTaskScheduler-6] com.flatirons.pinpoint.server.scheduled.ArchivePublicationJob:61 - Archive Job Scheduler executing...
[2025-07-23 17:35:00]  INFO [ThreadPoolTaskScheduler-3] com.flatirons.pinpoint.server.scheduled.ArchivePublicationJob:86 - DM and PP Archive status Sync...
[2025-07-23 17:35:30]  INFO [ThreadPoolTaskScheduler-1] com.flatirons.pinpoint.server.service.impl.ImportPinpointPackageServiceImpl:180 - No neutral packages to import from Data Directory - C:\Users\u8064927\Downloads\OMAT_8.5.0.9_Light_20250601_x64\pinpoint-autoimport
[2025-07-23 17:36:00]  INFO [ThreadPoolTaskScheduler-6] com.flatirons.pinpoint.server.scheduled.ArchivePublicationJob:61 - Archive Job Scheduler executing...
[2025-07-23 17:36:00]  INFO [ThreadPoolTaskScheduler-8] com.flatirons.pinpoint.server.scheduled.ArchivePublicationJob:86 - DM and PP Archive status Sync...
[2025-07-23 17:36:30]  INFO [ThreadPoolTaskScheduler-7] com.flatirons.pinpoint.server.service.impl.ImportPinpointPackageServiceImpl:180 - No neutral packages to import from Data Directory - C:\Users\u8064927\Downloads\OMAT_8.5.0.9_Light_20250601_x64\pinpoint-autoimport
[2025-07-23 17:37:00]  INFO [ThreadPoolTaskScheduler-9] com.flatirons.pinpoint.server.scheduled.ArchivePublicationJob:86 - DM and PP Archive status Sync...
[2025-07-23 17:37:00]  INFO [ThreadPoolTaskScheduler-4] com.flatirons.pinpoint.server.scheduled.ArchivePublicationJob:61 - Archive Job Scheduler executing...
[2025-07-23 17:37:30]  INFO [ThreadPoolTaskScheduler-10] com.flatirons.pinpoint.server.service.impl.ImportPinpointPackageServiceImpl:180 - No neutral packages to import from Data Directory - C:\Users\u8064927\Downloads\OMAT_8.5.0.9_Light_20250601_x64\pinpoint-autoimport
[2025-07-23 17:38:00]  INFO [ThreadPoolTaskScheduler-10] com.flatirons.pinpoint.server.scheduled.ArchivePublicationJob:61 - Archive Job Scheduler executing...
[2025-07-23 17:38:00]  INFO [ThreadPoolTaskScheduler-5] com.flatirons.pinpoint.server.scheduled.ArchivePublicationJob:86 - DM and PP Archive status Sync...
[2025-07-23 17:38:30]  INFO [ThreadPoolTaskScheduler-5] com.flatirons.pinpoint.server.service.impl.ImportPinpointPackageServiceImpl:180 - No neutral packages to import from Data Directory - C:\Users\u8064927\Downloads\OMAT_8.5.0.9_Light_20250601_x64\pinpoint-autoimport
[2025-07-23 17:39:00]  INFO [ThreadPoolTaskScheduler-10] com.flatirons.pinpoint.server.scheduled.ArchivePublicationJob:86 - DM and PP Archive status Sync...
[2025-07-23 17:39:00]  INFO [ThreadPoolTaskScheduler-6] com.flatirons.pinpoint.server.scheduled.ArchivePublicationJob:61 - Archive Job Scheduler executing...
[2025-07-23 17:39:30]  INFO [ThreadPoolTaskScheduler-10] com.flatirons.pinpoint.server.service.impl.ImportPinpointPackageServiceImpl:180 - No neutral packages to import from Data Directory - C:\Users\u8064927\Downloads\OMAT_8.5.0.9_Light_20250601_x64\pinpoint-autoimport
[2025-07-23 17:40:00]  INFO [ThreadPoolTaskScheduler-6] com.flatirons.pinpoint.server.scheduled.ArchivePublicationJob:86 - DM and PP Archive status Sync...
[2025-07-23 17:40:00]  INFO [ThreadPoolTaskScheduler-7] com.flatirons.pinpoint.server.scheduled.ArchivePublicationJob:61 - Archive Job Scheduler executing...
[2025-07-23 17:40:30]  INFO [ThreadPoolTaskScheduler-3] com.flatirons.pinpoint.server.service.impl.ImportPinpointPackageServiceImpl:180 - No neutral packages to import from Data Directory - C:\Users\u8064927\Downloads\OMAT_8.5.0.9_Light_20250601_x64\pinpoint-autoimport
[2025-07-23 17:41:00]  INFO [ThreadPoolTaskScheduler-9] com.flatirons.pinpoint.server.scheduled.ArchivePublicationJob:61 - Archive Job Scheduler executing...
[2025-07-23 17:41:00]  INFO [ThreadPoolTaskScheduler-3] com.flatirons.pinpoint.server.scheduled.ArchivePublicationJob:86 - DM and PP Archive status Sync...
[2025-07-23 17:41:30]  INFO [ThreadPoolTaskScheduler-8] com.flatirons.pinpoint.server.service.impl.ImportPinpointPackageServiceImpl:180 - No neutral packages to import from Data Directory - C:\Users\u8064927\Downloads\OMAT_8.5.0.9_Light_20250601_x64\pinpoint-autoimport
[2025-07-23 17:42:00]  INFO [ThreadPoolTaskScheduler-10] com.flatirons.pinpoint.server.scheduled.ArchivePublicationJob:86 - DM and PP Archive status Sync...
[2025-07-23 17:42:00]  INFO [ThreadPoolTaskScheduler-6] com.flatirons.pinpoint.server.scheduled.ArchivePublicationJob:61 - Archive Job Scheduler executing...
[2025-07-23 17:42:30]  INFO [ThreadPoolTaskScheduler-8] com.flatirons.pinpoint.server.service.impl.ImportPinpointPackageServiceImpl:180 - No neutral packages to import from Data Directory - C:\Users\u8064927\Downloads\OMAT_8.5.0.9_Light_20250601_x64\pinpoint-autoimport
[2025-07-23 17:43:00]  INFO [ThreadPoolTaskScheduler-3] com.flatirons.pinpoint.server.scheduled.ArchivePublicationJob:61 - Archive Job Scheduler executing...
[2025-07-23 17:43:00]  INFO [ThreadPoolTaskScheduler-10] com.flatirons.pinpoint.server.scheduled.ArchivePublicationJob:86 - DM and PP Archive status Sync...
[2025-07-23 17:43:30]  INFO [ThreadPoolTaskScheduler-7] com.flatirons.pinpoint.server.service.impl.ImportPinpointPackageServiceImpl:180 - No neutral packages to import from Data Directory - C:\Users\u8064927\Downloads\OMAT_8.5.0.9_Light_20250601_x64\pinpoint-autoimport
[2025-07-23 17:44:00]  INFO [ThreadPoolTaskScheduler-9] com.flatirons.pinpoint.server.scheduled.ArchivePublicationJob:86 - DM and PP Archive status Sync...
[2025-07-23 17:44:00]  INFO [ThreadPoolTaskScheduler-6] com.flatirons.pinpoint.server.scheduled.ArchivePublicationJob:61 - Archive Job Scheduler executing...
[2025-07-23 17:44:30]  INFO [ThreadPoolTaskScheduler-6] com.flatirons.pinpoint.server.service.impl.ImportPinpointPackageServiceImpl:180 - No neutral packages to import from Data Directory - C:\Users\u8064927\Downloads\OMAT_8.5.0.9_Light_20250601_x64\pinpoint-autoimport
[2025-07-23 17:45:00]  INFO [ThreadPoolTaskScheduler-1] com.flatirons.pinpoint.server.scheduled.ArchivePublicationJob:61 - Archive Job Scheduler executing...
[2025-07-23 17:45:00]  INFO [ThreadPoolTaskScheduler-10] com.flatirons.pinpoint.server.scheduled.ArchivePublicationJob:86 - DM and PP Archive status Sync...
[2025-07-23 17:45:30]  INFO [ThreadPoolTaskScheduler-1] com.flatirons.pinpoint.server.service.impl.ImportPinpointPackageServiceImpl:180 - No neutral packages to import from Data Directory - C:\Users\u8064927\Downloads\OMAT_8.5.0.9_Light_20250601_x64\pinpoint-autoimport
[2025-07-23 17:46:00]  INFO [ThreadPoolTaskScheduler-7] com.flatirons.pinpoint.server.scheduled.ArchivePublicationJob:86 - DM and PP Archive status Sync...
[2025-07-23 17:46:00]  INFO [ThreadPoolTaskScheduler-6] com.flatirons.pinpoint.server.scheduled.ArchivePublicationJob:61 - Archive Job Scheduler executing...
[2025-07-23 17:46:30]  INFO [ThreadPoolTaskScheduler-8] com.flatirons.pinpoint.server.service.impl.ImportPinpointPackageServiceImpl:180 - No neutral packages to import from Data Directory - C:\Users\u8064927\Downloads\OMAT_8.5.0.9_Light_20250601_x64\pinpoint-autoimport
[2025-07-23 17:47:00]  INFO [ThreadPoolTaskScheduler-8] com.flatirons.pinpoint.server.scheduled.ArchivePublicationJob:86 - DM and PP Archive status Sync...
[2025-07-23 17:47:00]  INFO [ThreadPoolTaskScheduler-7] com.flatirons.pinpoint.server.scheduled.ArchivePublicationJob:61 - Archive Job Scheduler executing...
[2025-07-23 17:47:29]  INFO [ThreadPoolTaskScheduler-6] com.flatirons.pinpoint.server.service.impl.ImportPinpointPackageServiceImpl:180 - No neutral packages to import from Data Directory - C:\Users\u8064927\Downloads\OMAT_8.5.0.9_Light_20250601_x64\pinpoint-autoimport
[2025-07-23 17:48:00]  INFO [ThreadPoolTaskScheduler-7] com.flatirons.pinpoint.server.scheduled.ArchivePublicationJob:86 - DM and PP Archive status Sync...
[2025-07-23 17:48:00]  INFO [ThreadPoolTaskScheduler-2] com.flatirons.pinpoint.server.scheduled.ArchivePublicationJob:61 - Archive Job Scheduler executing...
[2025-07-23 17:48:30]  INFO [ThreadPoolTaskScheduler-8] com.flatirons.pinpoint.server.service.impl.ImportPinpointPackageServiceImpl:180 - No neutral packages to import from Data Directory - C:\Users\u8064927\Downloads\OMAT_8.5.0.9_Light_20250601_x64\pinpoint-autoimport
[2025-07-23 17:49:00]  INFO [ThreadPoolTaskScheduler-4] com.flatirons.pinpoint.server.scheduled.ArchivePublicationJob:86 - DM and PP Archive status Sync...
[2025-07-23 17:49:00]  INFO [ThreadPoolTaskScheduler-8] com.flatirons.pinpoint.server.scheduled.ArchivePublicationJob:61 - Archive Job Scheduler executing...
[2025-07-23 17:49:30]  INFO [ThreadPoolTaskScheduler-8] com.flatirons.pinpoint.server.service.impl.ImportPinpointPackageServiceImpl:180 - No neutral packages to import from Data Directory - C:\Users\u8064927\Downloads\OMAT_8.5.0.9_Light_20250601_x64\pinpoint-autoimport
[2025-07-23 17:50:00]  INFO [ThreadPoolTaskScheduler-2] com.flatirons.pinpoint.server.scheduled.ArchivePublicationJob:61 - Archive Job Scheduler executing...
[2025-07-23 17:50:00]  INFO [ThreadPoolTaskScheduler-6] com.flatirons.pinpoint.server.scheduled.ArchivePublicationJob:86 - DM and PP Archive status Sync...
[2025-07-23 17:50:30]  INFO [ThreadPoolTaskScheduler-9] com.flatirons.pinpoint.server.service.impl.ImportPinpointPackageServiceImpl:180 - No neutral packages to import from Data Directory - C:\Users\u8064927\Downloads\OMAT_8.5.0.9_Light_20250601_x64\pinpoint-autoimport
[2025-07-23 17:51:00]  INFO [ThreadPoolTaskScheduler-2] com.flatirons.pinpoint.server.scheduled.ArchivePublicationJob:86 - DM and PP Archive status Sync...
[2025-07-23 17:51:00]  INFO [ThreadPoolTaskScheduler-6] com.flatirons.pinpoint.server.scheduled.ArchivePublicationJob:61 - Archive Job Scheduler executing...
[2025-07-23 17:51:30]  INFO [ThreadPoolTaskScheduler-5] com.flatirons.pinpoint.server.service.impl.ImportPinpointPackageServiceImpl:180 - No neutral packages to import from Data Directory - C:\Users\u8064927\Downloads\OMAT_8.5.0.9_Light_20250601_x64\pinpoint-autoimport
[2025-07-23 17:52:00]  INFO [ThreadPoolTaskScheduler-4] com.flatirons.pinpoint.server.scheduled.ArchivePublicationJob:61 - Archive Job Scheduler executing...
[2025-07-23 17:52:00]  INFO [ThreadPoolTaskScheduler-9] com.flatirons.pinpoint.server.scheduled.ArchivePublicationJob:86 - DM and PP Archive status Sync...
[2025-07-23 17:52:30]  INFO [ThreadPoolTaskScheduler-2] com.flatirons.pinpoint.server.service.impl.ImportPinpointPackageServiceImpl:180 - No neutral packages to import from Data Directory - C:\Users\u8064927\Downloads\OMAT_8.5.0.9_Light_20250601_x64\pinpoint-autoimport
[2025-07-23 17:53:00]  INFO [ThreadPoolTaskScheduler-8] com.flatirons.pinpoint.server.scheduled.ArchivePublicationJob:86 - DM and PP Archive status Sync...
[2025-07-23 17:53:00]  INFO [ThreadPoolTaskScheduler-4] com.flatirons.pinpoint.server.scheduled.ArchivePublicationJob:61 - Archive Job Scheduler executing...
[2025-07-23 17:53:30]  INFO [ThreadPoolTaskScheduler-6] com.flatirons.pinpoint.server.service.impl.ImportPinpointPackageServiceImpl:180 - No neutral packages to import from Data Directory - C:\Users\u8064927\Downloads\OMAT_8.5.0.9_Light_20250601_x64\pinpoint-autoimport
[2025-07-23 17:54:00]  INFO [ThreadPoolTaskScheduler-6] com.flatirons.pinpoint.server.scheduled.ArchivePublicationJob:61 - Archive Job Scheduler executing...
[2025-07-23 17:54:00]  INFO [ThreadPoolTaskScheduler-4] com.flatirons.pinpoint.server.scheduled.ArchivePublicationJob:86 - DM and PP Archive status Sync...
[2025-07-23 17:54:30]  INFO [ThreadPoolTaskScheduler-10] com.flatirons.pinpoint.server.service.impl.ImportPinpointPackageServiceImpl:180 - No neutral packages to import from Data Directory - C:\Users\u8064927\Downloads\OMAT_8.5.0.9_Light_20250601_x64\pinpoint-autoimport
[2025-07-23 17:55:00]  INFO [ThreadPoolTaskScheduler-9] com.flatirons.pinpoint.server.scheduled.ArchivePublicationJob:61 - Archive Job Scheduler executing...
[2025-07-23 17:55:00]  INFO [ThreadPoolTaskScheduler-3] com.flatirons.pinpoint.server.scheduled.ArchivePublicationJob:86 - DM and PP Archive status Sync...
[2025-07-23 17:55:30]  INFO [ThreadPoolTaskScheduler-8] com.flatirons.pinpoint.server.service.impl.ImportPinpointPackageServiceImpl:180 - No neutral packages to import from Data Directory - C:\Users\u8064927\Downloads\OMAT_8.5.0.9_Light_20250601_x64\pinpoint-autoimport
[2025-07-23 17:56:00]  INFO [ThreadPoolTaskScheduler-8] com.flatirons.pinpoint.server.scheduled.ArchivePublicationJob:86 - DM and PP Archive status Sync...
[2025-07-23 17:56:00]  INFO [ThreadPoolTaskScheduler-3] com.flatirons.pinpoint.server.scheduled.ArchivePublicationJob:61 - Archive Job Scheduler executing...
[2025-07-23 17:56:30]  INFO [ThreadPoolTaskScheduler-7] com.flatirons.pinpoint.server.service.impl.ImportPinpointPackageServiceImpl:180 - No neutral packages to import from Data Directory - C:\Users\u8064927\Downloads\OMAT_8.5.0.9_Light_20250601_x64\pinpoint-autoimport
[2025-07-23 17:56:59]  INFO [ThreadPoolTaskScheduler-6] com.flatirons.pinpoint.server.scheduled.ArchivePublicationJob:86 - DM and PP Archive status Sync...
[2025-07-23 17:57:00]  INFO [ThreadPoolTaskScheduler-9] com.flatirons.pinpoint.server.scheduled.ArchivePublicationJob:61 - Archive Job Scheduler executing...
[2025-07-23 17:57:30]  INFO [ThreadPoolTaskScheduler-2] com.flatirons.pinpoint.server.service.impl.ImportPinpointPackageServiceImpl:180 - No neutral packages to import from Data Directory - C:\Users\u8064927\Downloads\OMAT_8.5.0.9_Light_20250601_x64\pinpoint-autoimport
[2025-07-23 17:58:00]  INFO [ThreadPoolTaskScheduler-2] com.flatirons.pinpoint.server.scheduled.ArchivePublicationJob:61 - Archive Job Scheduler executing...
[2025-07-23 17:58:00]  INFO [ThreadPoolTaskScheduler-6] com.flatirons.pinpoint.server.scheduled.ArchivePublicationJob:86 - DM and PP Archive status Sync...
[2025-07-23 17:58:30]  INFO [ThreadPoolTaskScheduler-1] com.flatirons.pinpoint.server.service.impl.ImportPinpointPackageServiceImpl:180 - No neutral packages to import from Data Directory - C:\Users\u8064927\Downloads\OMAT_8.5.0.9_Light_20250601_x64\pinpoint-autoimport
[2025-07-23 17:59:00]  INFO [ThreadPoolTaskScheduler-5] com.flatirons.pinpoint.server.scheduled.ArchivePublicationJob:61 - Archive Job Scheduler executing...
[2025-07-23 17:59:00]  INFO [ThreadPoolTaskScheduler-4] com.flatirons.pinpoint.server.scheduled.ArchivePublicationJob:86 - DM and PP Archive status Sync...
[2025-07-23 17:59:30]  INFO [ThreadPoolTaskScheduler-4] com.flatirons.pinpoint.server.service.impl.ImportPinpointPackageServiceImpl:180 - No neutral packages to import from Data Directory - C:\Users\u8064927\Downloads\OMAT_8.5.0.9_Light_20250601_x64\pinpoint-autoimport
[2025-07-23 18:00:00]  INFO [ThreadPoolTaskScheduler-10] com.flatirons.pinpoint.server.scheduled.ArchivePublicationJob:61 - Archive Job Scheduler executing...
[2025-07-23 18:00:00]  INFO [ThreadPoolTaskScheduler-1] com.flatirons.pinpoint.server.scheduled.ArchivePublicationJob:86 - DM and PP Archive status Sync...
[2025-07-23 18:00:30]  INFO [ThreadPoolTaskScheduler-4] com.flatirons.pinpoint.server.service.impl.ImportPinpointPackageServiceImpl:180 - No neutral packages to import from Data Directory - C:\Users\u8064927\Downloads\OMAT_8.5.0.9_Light_20250601_x64\pinpoint-autoimport
[2025-07-23 18:01:00]  INFO [ThreadPoolTaskScheduler-6] com.flatirons.pinpoint.server.scheduled.ArchivePublicationJob:86 - DM and PP Archive status Sync...
[2025-07-23 18:01:00]  INFO [ThreadPoolTaskScheduler-3] com.flatirons.pinpoint.server.scheduled.ArchivePublicationJob:61 - Archive Job Scheduler executing...
[2025-07-23 18:01:30]  INFO [ThreadPoolTaskScheduler-2] com.flatirons.pinpoint.server.service.impl.ImportPinpointPackageServiceImpl:180 - No neutral packages to import from Data Directory - C:\Users\u8064927\Downloads\OMAT_8.5.0.9_Light_20250601_x64\pinpoint-autoimport
[2025-07-23 18:02:00]  INFO [ThreadPoolTaskScheduler-2] com.flatirons.pinpoint.server.scheduled.ArchivePublicationJob:61 - Archive Job Scheduler executing...
[2025-07-23 18:02:00]  INFO [ThreadPoolTaskScheduler-3] com.flatirons.pinpoint.server.scheduled.ArchivePublicationJob:86 - DM and PP Archive status Sync...
[2025-07-23 18:02:30]  INFO [ThreadPoolTaskScheduler-2] com.flatirons.pinpoint.server.service.impl.ImportPinpointPackageServiceImpl:180 - No neutral packages to import from Data Directory - C:\Users\u8064927\Downloads\OMAT_8.5.0.9_Light_20250601_x64\pinpoint-autoimport
[2025-07-23 18:03:00]  INFO [ThreadPoolTaskScheduler-8] com.flatirons.pinpoint.server.scheduled.ArchivePublicationJob:86 - DM and PP Archive status Sync...
[2025-07-23 18:03:00]  INFO [ThreadPoolTaskScheduler-2] com.flatirons.pinpoint.server.scheduled.ArchivePublicationJob:61 - Archive Job Scheduler executing...
[2025-07-23 18:03:30]  INFO [ThreadPoolTaskScheduler-8] com.flatirons.pinpoint.server.service.impl.ImportPinpointPackageServiceImpl:180 - No neutral packages to import from Data Directory - C:\Users\u8064927\Downloads\OMAT_8.5.0.9_Light_20250601_x64\pinpoint-autoimport
[2025-07-23 18:04:00]  INFO [ThreadPoolTaskScheduler-10] com.flatirons.pinpoint.server.scheduled.ArchivePublicationJob:86 - DM and PP Archive status Sync...
[2025-07-23 18:04:00]  INFO [ThreadPoolTaskScheduler-9] com.flatirons.pinpoint.server.scheduled.ArchivePublicationJob:61 - Archive Job Scheduler executing...
[2025-07-23 18:04:30]  INFO [ThreadPoolTaskScheduler-1] com.flatirons.pinpoint.server.service.impl.ImportPinpointPackageServiceImpl:180 - No neutral packages to import from Data Directory - C:\Users\u8064927\Downloads\OMAT_8.5.0.9_Light_20250601_x64\pinpoint-autoimport
[2025-07-23 18:05:00]  INFO [ThreadPoolTaskScheduler-7] com.flatirons.pinpoint.server.scheduled.ArchivePublicationJob:86 - DM and PP Archive status Sync...
[2025-07-23 18:05:00]  INFO [ThreadPoolTaskScheduler-4] com.flatirons.pinpoint.server.scheduled.ArchivePublicationJob:61 - Archive Job Scheduler executing...
[2025-07-23 18:05:30]  INFO [ThreadPoolTaskScheduler-9] com.flatirons.pinpoint.server.service.impl.ImportPinpointPackageServiceImpl:180 - No neutral packages to import from Data Directory - C:\Users\u8064927\Downloads\OMAT_8.5.0.9_Light_20250601_x64\pinpoint-autoimport
[2025-07-23 18:06:00]  INFO [ThreadPoolTaskScheduler-7] com.flatirons.pinpoint.server.scheduled.ArchivePublicationJob:61 - Archive Job Scheduler executing...
[2025-07-23 18:06:00]  INFO [ThreadPoolTaskScheduler-1] com.flatirons.pinpoint.server.scheduled.ArchivePublicationJob:86 - DM and PP Archive status Sync...
[2025-07-23 18:06:30]  INFO [ThreadPoolTaskScheduler-1] com.flatirons.pinpoint.server.service.impl.ImportPinpointPackageServiceImpl:180 - No neutral packages to import from Data Directory - C:\Users\u8064927\Downloads\OMAT_8.5.0.9_Light_20250601_x64\pinpoint-autoimport
[2025-07-23 18:07:00]  INFO [ThreadPoolTaskScheduler-5] com.flatirons.pinpoint.server.scheduled.ArchivePublicationJob:86 - DM and PP Archive status Sync...
[2025-07-23 18:07:00]  INFO [ThreadPoolTaskScheduler-7] com.flatirons.pinpoint.server.scheduled.ArchivePublicationJob:61 - Archive Job Scheduler executing...
[2025-07-23 18:07:30]  INFO [ThreadPoolTaskScheduler-9] com.flatirons.pinpoint.server.service.impl.ImportPinpointPackageServiceImpl:180 - No neutral packages to import from Data Directory - C:\Users\u8064927\Downloads\OMAT_8.5.0.9_Light_20250601_x64\pinpoint-autoimport
[2025-07-23 18:08:00]  INFO [ThreadPoolTaskScheduler-7] com.flatirons.pinpoint.server.scheduled.ArchivePublicationJob:86 - DM and PP Archive status Sync...
[2025-07-23 18:08:00]  INFO [ThreadPoolTaskScheduler-2] com.flatirons.pinpoint.server.scheduled.ArchivePublicationJob:61 - Archive Job Scheduler executing...
[2025-07-23 18:08:30]  INFO [ThreadPoolTaskScheduler-9] com.flatirons.pinpoint.server.service.impl.ImportPinpointPackageServiceImpl:180 - No neutral packages to import from Data Directory - C:\Users\u8064927\Downloads\OMAT_8.5.0.9_Light_20250601_x64\pinpoint-autoimport
[2025-07-23 18:09:00]  INFO [ThreadPoolTaskScheduler-5] com.flatirons.pinpoint.server.scheduled.ArchivePublicationJob:61 - Archive Job Scheduler executing...
[2025-07-23 18:09:00]  INFO [ThreadPoolTaskScheduler-2] com.flatirons.pinpoint.server.scheduled.ArchivePublicationJob:86 - DM and PP Archive status Sync...
[2025-07-23 18:09:30]  INFO [ThreadPoolTaskScheduler-9] com.flatirons.pinpoint.server.service.impl.ImportPinpointPackageServiceImpl:180 - No neutral packages to import from Data Directory - C:\Users\u8064927\Downloads\OMAT_8.5.0.9_Light_20250601_x64\pinpoint-autoimport
[2025-07-23 18:10:00]  INFO [ThreadPoolTaskScheduler-6] com.flatirons.pinpoint.server.scheduled.ArchivePublicationJob:86 - DM and PP Archive status Sync...
[2025-07-23 18:10:00]  INFO [ThreadPoolTaskScheduler-1] com.flatirons.pinpoint.server.scheduled.ArchivePublicationJob:61 - Archive Job Scheduler executing...
[2025-07-23 18:10:30]  INFO [ThreadPoolTaskScheduler-3] com.flatirons.pinpoint.server.service.impl.ImportPinpointPackageServiceImpl:180 - No neutral packages to import from Data Directory - C:\Users\u8064927\Downloads\OMAT_8.5.0.9_Light_20250601_x64\pinpoint-autoimport
[2025-07-23 18:11:00]  INFO [ThreadPoolTaskScheduler-5] com.flatirons.pinpoint.server.scheduled.ArchivePublicationJob:86 - DM and PP Archive status Sync...
[2025-07-23 18:11:00]  INFO [ThreadPoolTaskScheduler-9] com.flatirons.pinpoint.server.scheduled.ArchivePublicationJob:61 - Archive Job Scheduler executing...
[2025-07-23 18:11:30]  INFO [ThreadPoolTaskScheduler-8] com.flatirons.pinpoint.server.service.impl.ImportPinpointPackageServiceImpl:180 - No neutral packages to import from Data Directory - C:\Users\u8064927\Downloads\OMAT_8.5.0.9_Light_20250601_x64\pinpoint-autoimport
[2025-07-23 18:12:00]  INFO [ThreadPoolTaskScheduler-8] com.flatirons.pinpoint.server.scheduled.ArchivePublicationJob:86 - DM and PP Archive status Sync...
[2025-07-23 18:12:00]  INFO [ThreadPoolTaskScheduler-1] com.flatirons.pinpoint.server.scheduled.ArchivePublicationJob:61 - Archive Job Scheduler executing...
[2025-07-23 18:12:30]  INFO [ThreadPoolTaskScheduler-6] com.flatirons.pinpoint.server.service.impl.ImportPinpointPackageServiceImpl:180 - No neutral packages to import from Data Directory - C:\Users\u8064927\Downloads\OMAT_8.5.0.9_Light_20250601_x64\pinpoint-autoimport
[2025-07-23 18:13:00]  INFO [ThreadPoolTaskScheduler-6] com.flatirons.pinpoint.server.scheduled.ArchivePublicationJob:61 - Archive Job Scheduler executing...
[2025-07-23 18:13:00]  INFO [ThreadPoolTaskScheduler-3] com.flatirons.pinpoint.server.scheduled.ArchivePublicationJob:86 - DM and PP Archive status Sync...
[2025-07-23 18:13:30]  INFO [ThreadPoolTaskScheduler-5] com.flatirons.pinpoint.server.service.impl.ImportPinpointPackageServiceImpl:180 - No neutral packages to import from Data Directory - C:\Users\u8064927\Downloads\OMAT_8.5.0.9_Light_20250601_x64\pinpoint-autoimport
[2025-07-23 18:14:00]  INFO [ThreadPoolTaskScheduler-4] com.flatirons.pinpoint.server.scheduled.ArchivePublicationJob:86 - DM and PP Archive status Sync...
[2025-07-23 18:14:00]  INFO [ThreadPoolTaskScheduler-7] com.flatirons.pinpoint.server.scheduled.ArchivePublicationJob:61 - Archive Job Scheduler executing...
[2025-07-23 18:14:30]  INFO [ThreadPoolTaskScheduler-2] com.flatirons.pinpoint.server.service.impl.ImportPinpointPackageServiceImpl:180 - No neutral packages to import from Data Directory - C:\Users\u8064927\Downloads\OMAT_8.5.0.9_Light_20250601_x64\pinpoint-autoimport
[2025-07-23 18:15:00]  INFO [ThreadPoolTaskScheduler-4] com.flatirons.pinpoint.server.scheduled.ArchivePublicationJob:86 - DM and PP Archive status Sync...
[2025-07-23 18:15:00]  INFO [ThreadPoolTaskScheduler-6] com.flatirons.pinpoint.server.scheduled.ArchivePublicationJob:61 - Archive Job Scheduler executing...
[2025-07-23 18:15:30]  INFO [ThreadPoolTaskScheduler-8] com.flatirons.pinpoint.server.service.impl.ImportPinpointPackageServiceImpl:180 - No neutral packages to import from Data Directory - C:\Users\u8064927\Downloads\OMAT_8.5.0.9_Light_20250601_x64\pinpoint-autoimport
[2025-07-23 18:16:00]  INFO [ThreadPoolTaskScheduler-2] com.flatirons.pinpoint.server.scheduled.ArchivePublicationJob:86 - DM and PP Archive status Sync...
[2025-07-23 18:16:00]  INFO [ThreadPoolTaskScheduler-3] com.flatirons.pinpoint.server.scheduled.ArchivePublicationJob:61 - Archive Job Scheduler executing...
[2025-07-23 18:16:30]  INFO [ThreadPoolTaskScheduler-1] com.flatirons.pinpoint.server.service.impl.ImportPinpointPackageServiceImpl:180 - No neutral packages to import from Data Directory - C:\Users\u8064927\Downloads\OMAT_8.5.0.9_Light_20250601_x64\pinpoint-autoimport
[2025-07-23 18:17:00]  INFO [ThreadPoolTaskScheduler-10] com.flatirons.pinpoint.server.scheduled.ArchivePublicationJob:86 - DM and PP Archive status Sync...
[2025-07-23 18:17:00]  INFO [ThreadPoolTaskScheduler-4] com.flatirons.pinpoint.server.scheduled.ArchivePublicationJob:61 - Archive Job Scheduler executing...
[2025-07-23 18:17:30]  INFO [ThreadPoolTaskScheduler-7] com.flatirons.pinpoint.server.service.impl.ImportPinpointPackageServiceImpl:180 - No neutral packages to import from Data Directory - C:\Users\u8064927\Downloads\OMAT_8.5.0.9_Light_20250601_x64\pinpoint-autoimport
[2025-07-23 18:18:00]  INFO [ThreadPoolTaskScheduler-6] com.flatirons.pinpoint.server.scheduled.ArchivePublicationJob:61 - Archive Job Scheduler executing...
[2025-07-23 18:18:00]  INFO [ThreadPoolTaskScheduler-3] com.flatirons.pinpoint.server.scheduled.ArchivePublicationJob:86 - DM and PP Archive status Sync...
[2025-07-23 18:18:30]  INFO [ThreadPoolTaskScheduler-6] com.flatirons.pinpoint.server.service.impl.ImportPinpointPackageServiceImpl:180 - No neutral packages to import from Data Directory - C:\Users\u8064927\Downloads\OMAT_8.5.0.9_Light_20250601_x64\pinpoint-autoimport
[2025-07-23 18:19:00]  INFO [ThreadPoolTaskScheduler-2] com.flatirons.pinpoint.server.scheduled.ArchivePublicationJob:61 - Archive Job Scheduler executing...
[2025-07-23 18:19:00]  INFO [ThreadPoolTaskScheduler-6] com.flatirons.pinpoint.server.scheduled.ArchivePublicationJob:86 - DM and PP Archive status Sync...
[2025-07-23 18:19:30]  INFO [ThreadPoolTaskScheduler-4] com.flatirons.pinpoint.server.service.impl.ImportPinpointPackageServiceImpl:180 - No neutral packages to import from Data Directory - C:\Users\u8064927\Downloads\OMAT_8.5.0.9_Light_20250601_x64\pinpoint-autoimport
[2025-07-23 18:20:00]  INFO [ThreadPoolTaskScheduler-5] com.flatirons.pinpoint.server.scheduled.ArchivePublicationJob:86 - DM and PP Archive status Sync...
[2025-07-23 18:20:00]  INFO [ThreadPoolTaskScheduler-10] com.flatirons.pinpoint.server.scheduled.ArchivePublicationJob:61 - Archive Job Scheduler executing...
[2025-07-23 18:20:30]  INFO [ThreadPoolTaskScheduler-8] com.flatirons.pinpoint.server.service.impl.ImportPinpointPackageServiceImpl:180 - No neutral packages to import from Data Directory - C:\Users\u8064927\Downloads\OMAT_8.5.0.9_Light_20250601_x64\pinpoint-autoimport
[2025-07-23 18:21:00]  INFO [ThreadPoolTaskScheduler-5] com.flatirons.pinpoint.server.scheduled.ArchivePublicationJob:86 - DM and PP Archive status Sync...
[2025-07-23 18:21:00]  INFO [ThreadPoolTaskScheduler-6] com.flatirons.pinpoint.server.scheduled.ArchivePublicationJob:61 - Archive Job Scheduler executing...
[2025-07-23 18:21:30]  INFO [ThreadPoolTaskScheduler-7] com.flatirons.pinpoint.server.service.impl.ImportPinpointPackageServiceImpl:180 - No neutral packages to import from Data Directory - C:\Users\u8064927\Downloads\OMAT_8.5.0.9_Light_20250601_x64\pinpoint-autoimport
[2025-07-23 18:22:00]  INFO [ThreadPoolTaskScheduler-4] com.flatirons.pinpoint.server.scheduled.ArchivePublicationJob:86 - DM and PP Archive status Sync...
[2025-07-23 18:22:00]  INFO [ThreadPoolTaskScheduler-9] com.flatirons.pinpoint.server.scheduled.ArchivePublicationJob:61 - Archive Job Scheduler executing...
[2025-07-23 18:22:30]  INFO [ThreadPoolTaskScheduler-6] com.flatirons.pinpoint.server.service.impl.ImportPinpointPackageServiceImpl:180 - No neutral packages to import from Data Directory - C:\Users\u8064927\Downloads\OMAT_8.5.0.9_Light_20250601_x64\pinpoint-autoimport
[2025-07-23 18:23:00]  INFO [ThreadPoolTaskScheduler-4] com.flatirons.pinpoint.server.scheduled.ArchivePublicationJob:61 - Archive Job Scheduler executing...
[2025-07-23 18:23:00]  INFO [ThreadPoolTaskScheduler-6] com.flatirons.pinpoint.server.scheduled.ArchivePublicationJob:86 - DM and PP Archive status Sync...
[2025-07-23 18:23:30]  INFO [ThreadPoolTaskScheduler-6] com.flatirons.pinpoint.server.service.impl.ImportPinpointPackageServiceImpl:180 - No neutral packages to import from Data Directory - C:\Users\u8064927\Downloads\OMAT_8.5.0.9_Light_20250601_x64\pinpoint-autoimport
[2025-07-23 18:24:00]  INFO [ThreadPoolTaskScheduler-2] com.flatirons.pinpoint.server.scheduled.ArchivePublicationJob:86 - DM and PP Archive status Sync...
[2025-07-23 18:24:00]  INFO [ThreadPoolTaskScheduler-1] com.flatirons.pinpoint.server.scheduled.ArchivePublicationJob:61 - Archive Job Scheduler executing...
[2025-07-23 18:24:30]  INFO [ThreadPoolTaskScheduler-1] com.flatirons.pinpoint.server.service.impl.ImportPinpointPackageServiceImpl:180 - No neutral packages to import from Data Directory - C:\Users\u8064927\Downloads\OMAT_8.5.0.9_Light_20250601_x64\pinpoint-autoimport
[2025-07-23 18:25:00]  INFO [ThreadPoolTaskScheduler-4] com.flatirons.pinpoint.server.scheduled.ArchivePublicationJob:86 - DM and PP Archive status Sync...
[2025-07-23 18:25:00]  INFO [ThreadPoolTaskScheduler-8] com.flatirons.pinpoint.server.scheduled.ArchivePublicationJob:61 - Archive Job Scheduler executing...
[2025-07-23 18:25:30]  INFO [ThreadPoolTaskScheduler-2] com.flatirons.pinpoint.server.service.impl.ImportPinpointPackageServiceImpl:180 - No neutral packages to import from Data Directory - C:\Users\u8064927\Downloads\OMAT_8.5.0.9_Light_20250601_x64\pinpoint-autoimport
[2025-07-23 18:26:00]  INFO [ThreadPoolTaskScheduler-6] com.flatirons.pinpoint.server.scheduled.ArchivePublicationJob:86 - DM and PP Archive status Sync...
[2025-07-23 18:26:00]  INFO [ThreadPoolTaskScheduler-10] com.flatirons.pinpoint.server.scheduled.ArchivePublicationJob:61 - Archive Job Scheduler executing...
[2025-07-23 18:26:30]  INFO [ThreadPoolTaskScheduler-6] com.flatirons.pinpoint.server.service.impl.ImportPinpointPackageServiceImpl:180 - No neutral packages to import from Data Directory - C:\Users\u8064927\Downloads\OMAT_8.5.0.9_Light_20250601_x64\pinpoint-autoimport
[2025-07-23 18:27:00]  INFO [ThreadPoolTaskScheduler-9] com.flatirons.pinpoint.server.scheduled.ArchivePublicationJob:86 - DM and PP Archive status Sync...
[2025-07-23 18:27:00]  INFO [ThreadPoolTaskScheduler-8] com.flatirons.pinpoint.server.scheduled.ArchivePublicationJob:61 - Archive Job Scheduler executing...
[2025-07-23 18:27:30]  INFO [ThreadPoolTaskScheduler-2] com.flatirons.pinpoint.server.service.impl.ImportPinpointPackageServiceImpl:180 - No neutral packages to import from Data Directory - C:\Users\u8064927\Downloads\OMAT_8.5.0.9_Light_20250601_x64\pinpoint-autoimport
[2025-07-23 18:28:00]  INFO [ThreadPoolTaskScheduler-5] com.flatirons.pinpoint.server.scheduled.ArchivePublicationJob:61 - Archive Job Scheduler executing...
[2025-07-23 18:28:00]  INFO [ThreadPoolTaskScheduler-6] com.flatirons.pinpoint.server.scheduled.ArchivePublicationJob:86 - DM and PP Archive status Sync...
[2025-07-23 18:28:30]  INFO [ThreadPoolTaskScheduler-2] com.flatirons.pinpoint.server.service.impl.ImportPinpointPackageServiceImpl:180 - No neutral packages to import from Data Directory - C:\Users\u8064927\Downloads\OMAT_8.5.0.9_Light_20250601_x64\pinpoint-autoimport
[2025-07-23 18:29:00]  INFO [ThreadPoolTaskScheduler-6] com.flatirons.pinpoint.server.scheduled.ArchivePublicationJob:61 - Archive Job Scheduler executing...
[2025-07-23 18:29:00]  INFO [ThreadPoolTaskScheduler-8] com.flatirons.pinpoint.server.scheduled.ArchivePublicationJob:86 - DM and PP Archive status Sync...
[2025-07-23 18:29:30]  INFO [ThreadPoolTaskScheduler-9] com.flatirons.pinpoint.server.service.impl.ImportPinpointPackageServiceImpl:180 - No neutral packages to import from Data Directory - C:\Users\u8064927\Downloads\OMAT_8.5.0.9_Light_20250601_x64\pinpoint-autoimport
[2025-07-23 18:30:00]  INFO [ThreadPoolTaskScheduler-6] com.flatirons.pinpoint.server.scheduled.ArchivePublicationJob:86 - DM and PP Archive status Sync...
[2025-07-23 18:30:00]  INFO [ThreadPoolTaskScheduler-3] com.flatirons.pinpoint.server.scheduled.ArchivePublicationJob:61 - Archive Job Scheduler executing...
[2025-07-23 18:30:30]  INFO [ThreadPoolTaskScheduler-9] com.flatirons.pinpoint.server.service.impl.ImportPinpointPackageServiceImpl:180 - No neutral packages to import from Data Directory - C:\Users\u8064927\Downloads\OMAT_8.5.0.9_Light_20250601_x64\pinpoint-autoimport
[2025-07-23 18:31:00]  INFO [ThreadPoolTaskScheduler-10] com.flatirons.pinpoint.server.scheduled.ArchivePublicationJob:61 - Archive Job Scheduler executing...
[2025-07-23 18:31:00]  INFO [ThreadPoolTaskScheduler-8] com.flatirons.pinpoint.server.scheduled.ArchivePublicationJob:86 - DM and PP Archive status Sync...
[2025-07-23 18:31:30]  INFO [ThreadPoolTaskScheduler-2] com.flatirons.pinpoint.server.service.impl.ImportPinpointPackageServiceImpl:180 - No neutral packages to import from Data Directory - C:\Users\u8064927\Downloads\OMAT_8.5.0.9_Light_20250601_x64\pinpoint-autoimport
[2025-07-23 18:32:00]  INFO [ThreadPoolTaskScheduler-3] com.flatirons.pinpoint.server.scheduled.ArchivePublicationJob:61 - Archive Job Scheduler executing...
[2025-07-23 18:32:00]  INFO [ThreadPoolTaskScheduler-4] com.flatirons.pinpoint.server.scheduled.ArchivePublicationJob:86 - DM and PP Archive status Sync...
[2025-07-23 18:32:30]  INFO [ThreadPoolTaskScheduler-3] com.flatirons.pinpoint.server.service.impl.ImportPinpointPackageServiceImpl:180 - No neutral packages to import from Data Directory - C:\Users\u8064927\Downloads\OMAT_8.5.0.9_Light_20250601_x64\pinpoint-autoimport
[2025-07-23 18:33:00]  INFO [ThreadPoolTaskScheduler-2] com.flatirons.pinpoint.server.scheduled.ArchivePublicationJob:86 - DM and PP Archive status Sync...
[2025-07-23 18:33:00]  INFO [ThreadPoolTaskScheduler-1] com.flatirons.pinpoint.server.scheduled.ArchivePublicationJob:61 - Archive Job Scheduler executing...
[2025-07-23 18:33:30]  INFO [ThreadPoolTaskScheduler-6] com.flatirons.pinpoint.server.service.impl.ImportPinpointPackageServiceImpl:180 - No neutral packages to import from Data Directory - C:\Users\u8064927\Downloads\OMAT_8.5.0.9_Light_20250601_x64\pinpoint-autoimport
[2025-07-23 18:34:00]  INFO [ThreadPoolTaskScheduler-2] com.flatirons.pinpoint.server.scheduled.ArchivePublicationJob:61 - Archive Job Scheduler executing...
[2025-07-23 18:34:00]  INFO [ThreadPoolTaskScheduler-10] com.flatirons.pinpoint.server.scheduled.ArchivePublicationJob:86 - DM and PP Archive status Sync...
[2025-07-23 18:34:30]  INFO [ThreadPoolTaskScheduler-5] com.flatirons.pinpoint.server.service.impl.ImportPinpointPackageServiceImpl:180 - No neutral packages to import from Data Directory - C:\Users\u8064927\Downloads\OMAT_8.5.0.9_Light_20250601_x64\pinpoint-autoimport
[2025-07-23 18:35:00]  INFO [ThreadPoolTaskScheduler-3] com.flatirons.pinpoint.server.scheduled.ArchivePublicationJob:61 - Archive Job Scheduler executing...
[2025-07-23 18:35:00]  INFO [ThreadPoolTaskScheduler-9] com.flatirons.pinpoint.server.scheduled.ArchivePublicationJob:86 - DM and PP Archive status Sync...
[2025-07-23 18:35:30]  INFO [ThreadPoolTaskScheduler-5] com.flatirons.pinpoint.server.service.impl.ImportPinpointPackageServiceImpl:180 - No neutral packages to import from Data Directory - C:\Users\u8064927\Downloads\OMAT_8.5.0.9_Light_20250601_x64\pinpoint-autoimport
[2025-07-23 18:36:00]  INFO [ThreadPoolTaskScheduler-5] com.flatirons.pinpoint.server.scheduled.ArchivePublicationJob:86 - DM and PP Archive status Sync...
[2025-07-23 18:36:00]  INFO [ThreadPoolTaskScheduler-7] com.flatirons.pinpoint.server.scheduled.ArchivePublicationJob:61 - Archive Job Scheduler executing...
[2025-07-23 18:36:30]  INFO [ThreadPoolTaskScheduler-10] com.flatirons.pinpoint.server.service.impl.ImportPinpointPackageServiceImpl:180 - No neutral packages to import from Data Directory - C:\Users\u8064927\Downloads\OMAT_8.5.0.9_Light_20250601_x64\pinpoint-autoimport
[2025-07-23 18:37:00]  INFO [ThreadPoolTaskScheduler-8] com.flatirons.pinpoint.server.scheduled.ArchivePublicationJob:61 - Archive Job Scheduler executing...
[2025-07-23 18:37:00]  INFO [ThreadPoolTaskScheduler-6] com.flatirons.pinpoint.server.scheduled.ArchivePublicationJob:86 - DM and PP Archive status Sync...
[2025-07-23 18:37:30]  INFO [ThreadPoolTaskScheduler-3] com.flatirons.pinpoint.server.service.impl.ImportPinpointPackageServiceImpl:180 - No neutral packages to import from Data Directory - C:\Users\u8064927\Downloads\OMAT_8.5.0.9_Light_20250601_x64\pinpoint-autoimport
[2025-07-23 18:38:00]  INFO [ThreadPoolTaskScheduler-1] com.flatirons.pinpoint.server.scheduled.ArchivePublicationJob:61 - Archive Job Scheduler executing...
[2025-07-23 18:38:00]  INFO [ThreadPoolTaskScheduler-7] com.flatirons.pinpoint.server.scheduled.ArchivePublicationJob:86 - DM and PP Archive status Sync...
[2025-07-23 18:38:30]  INFO [ThreadPoolTaskScheduler-6] com.flatirons.pinpoint.server.service.impl.ImportPinpointPackageServiceImpl:180 - No neutral packages to import from Data Directory - C:\Users\u8064927\Downloads\OMAT_8.5.0.9_Light_20250601_x64\pinpoint-autoimport
[2025-07-23 18:39:00]  INFO [ThreadPoolTaskScheduler-5] com.flatirons.pinpoint.server.scheduled.ArchivePublicationJob:61 - Archive Job Scheduler executing...
[2025-07-23 18:39:00]  INFO [ThreadPoolTaskScheduler-1] com.flatirons.pinpoint.server.scheduled.ArchivePublicationJob:86 - DM and PP Archive status Sync...
[2025-07-23 18:39:30]  INFO [ThreadPoolTaskScheduler-8] com.flatirons.pinpoint.server.service.impl.ImportPinpointPackageServiceImpl:180 - No neutral packages to import from Data Directory - C:\Users\u8064927\Downloads\OMAT_8.5.0.9_Light_20250601_x64\pinpoint-autoimport
[2025-07-23 18:40:00]  INFO [ThreadPoolTaskScheduler-4] com.flatirons.pinpoint.server.scheduled.ArchivePublicationJob:86 - DM and PP Archive status Sync...
[2025-07-23 18:40:00]  INFO [ThreadPoolTaskScheduler-6] com.flatirons.pinpoint.server.scheduled.ArchivePublicationJob:61 - Archive Job Scheduler executing...
[2025-07-23 18:40:30]  INFO [ThreadPoolTaskScheduler-10] com.flatirons.pinpoint.server.service.impl.ImportPinpointPackageServiceImpl:180 - No neutral packages to import from Data Directory - C:\Users\u8064927\Downloads\OMAT_8.5.0.9_Light_20250601_x64\pinpoint-autoimport
[2025-07-23 18:41:00]  INFO [ThreadPoolTaskScheduler-3] com.flatirons.pinpoint.server.scheduled.ArchivePublicationJob:61 - Archive Job Scheduler executing...
[2025-07-23 18:41:00]  INFO [ThreadPoolTaskScheduler-9] com.flatirons.pinpoint.server.scheduled.ArchivePublicationJob:86 - DM and PP Archive status Sync...
[2025-07-23 18:41:30]  INFO [ThreadPoolTaskScheduler-5] com.flatirons.pinpoint.server.service.impl.ImportPinpointPackageServiceImpl:180 - No neutral packages to import from Data Directory - C:\Users\u8064927\Downloads\OMAT_8.5.0.9_Light_20250601_x64\pinpoint-autoimport
[2025-07-23 18:42:00]  INFO [ThreadPoolTaskScheduler-4] com.flatirons.pinpoint.server.scheduled.ArchivePublicationJob:86 - DM and PP Archive status Sync...
[2025-07-23 18:42:00]  INFO [ThreadPoolTaskScheduler-6] com.flatirons.pinpoint.server.scheduled.ArchivePublicationJob:61 - Archive Job Scheduler executing...
[2025-07-23 18:42:30]  INFO [ThreadPoolTaskScheduler-8] com.flatirons.pinpoint.server.service.impl.ImportPinpointPackageServiceImpl:180 - No neutral packages to import from Data Directory - C:\Users\u8064927\Downloads\OMAT_8.5.0.9_Light_20250601_x64\pinpoint-autoimport
[2025-07-23 18:43:00]  INFO [ThreadPoolTaskScheduler-4] com.flatirons.pinpoint.server.scheduled.ArchivePublicationJob:61 - Archive Job Scheduler executing...
[2025-07-23 18:43:00]  INFO [ThreadPoolTaskScheduler-10] com.flatirons.pinpoint.server.scheduled.ArchivePublicationJob:86 - DM and PP Archive status Sync...
[2025-07-23 18:43:30]  INFO [ThreadPoolTaskScheduler-10] com.flatirons.pinpoint.server.service.impl.ImportPinpointPackageServiceImpl:180 - No neutral packages to import from Data Directory - C:\Users\u8064927\Downloads\OMAT_8.5.0.9_Light_20250601_x64\pinpoint-autoimport
[2025-07-23 18:44:00]  INFO [ThreadPoolTaskScheduler-3] com.flatirons.pinpoint.server.scheduled.ArchivePublicationJob:86 - DM and PP Archive status Sync...
[2025-07-23 18:44:00]  INFO [ThreadPoolTaskScheduler-2] com.flatirons.pinpoint.server.scheduled.ArchivePublicationJob:61 - Archive Job Scheduler executing...
[2025-07-23 18:44:30]  INFO [ThreadPoolTaskScheduler-1] com.flatirons.pinpoint.server.service.impl.ImportPinpointPackageServiceImpl:180 - No neutral packages to import from Data Directory - C:\Users\u8064927\Downloads\OMAT_8.5.0.9_Light_20250601_x64\pinpoint-autoimport
[2025-07-23 18:45:00]  INFO [ThreadPoolTaskScheduler-3] com.flatirons.pinpoint.server.scheduled.ArchivePublicationJob:86 - DM and PP Archive status Sync...
[2025-07-23 18:45:00]  INFO [ThreadPoolTaskScheduler-5] com.flatirons.pinpoint.server.scheduled.ArchivePublicationJob:61 - Archive Job Scheduler executing...
[2025-07-23 18:45:30]  INFO [ThreadPoolTaskScheduler-3] com.flatirons.pinpoint.server.service.impl.ImportPinpointPackageServiceImpl:180 - No neutral packages to import from Data Directory - C:\Users\u8064927\Downloads\OMAT_8.5.0.9_Light_20250601_x64\pinpoint-autoimport
[2025-07-23 18:46:00]  INFO [ThreadPoolTaskScheduler-4] com.flatirons.pinpoint.server.scheduled.ArchivePublicationJob:61 - Archive Job Scheduler executing...
[2025-07-23 18:46:00]  INFO [ThreadPoolTaskScheduler-9] com.flatirons.pinpoint.server.scheduled.ArchivePublicationJob:86 - DM and PP Archive status Sync...
[2025-07-23 18:46:30]  INFO [ThreadPoolTaskScheduler-5] com.flatirons.pinpoint.server.service.impl.ImportPinpointPackageServiceImpl:180 - No neutral packages to import from Data Directory - C:\Users\u8064927\Downloads\OMAT_8.5.0.9_Light_20250601_x64\pinpoint-autoimport
[2025-07-23 18:47:00]  INFO [ThreadPoolTaskScheduler-9] com.flatirons.pinpoint.server.scheduled.ArchivePublicationJob:61 - Archive Job Scheduler executing...
[2025-07-23 18:47:00]  INFO [ThreadPoolTaskScheduler-3] com.flatirons.pinpoint.server.scheduled.ArchivePublicationJob:86 - DM and PP Archive status Sync...
[2025-07-23 18:47:30]  INFO [ThreadPoolTaskScheduler-9] com.flatirons.pinpoint.server.service.impl.ImportPinpointPackageServiceImpl:180 - No neutral packages to import from Data Directory - C:\Users\u8064927\Downloads\OMAT_8.5.0.9_Light_20250601_x64\pinpoint-autoimport
[2025-07-23 18:48:00]  INFO [ThreadPoolTaskScheduler-6] com.flatirons.pinpoint.server.scheduled.ArchivePublicationJob:61 - Archive Job Scheduler executing...
[2025-07-23 18:48:00]  INFO [ThreadPoolTaskScheduler-10] com.flatirons.pinpoint.server.scheduled.ArchivePublicationJob:86 - DM and PP Archive status Sync...
[2025-07-23 18:48:30]  INFO [ThreadPoolTaskScheduler-8] com.flatirons.pinpoint.server.service.impl.ImportPinpointPackageServiceImpl:180 - No neutral packages to import from Data Directory - C:\Users\u8064927\Downloads\OMAT_8.5.0.9_Light_20250601_x64\pinpoint-autoimport
[2025-07-23 18:49:00]  INFO [ThreadPoolTaskScheduler-3] com.flatirons.pinpoint.server.scheduled.ArchivePublicationJob:61 - Archive Job Scheduler executing...
[2025-07-23 18:49:00]  INFO [ThreadPoolTaskScheduler-7] com.flatirons.pinpoint.server.scheduled.ArchivePublicationJob:86 - DM and PP Archive status Sync...
[2025-07-23 18:49:30]  INFO [ThreadPoolTaskScheduler-3] com.flatirons.pinpoint.server.service.impl.ImportPinpointPackageServiceImpl:180 - No neutral packages to import from Data Directory - C:\Users\u8064927\Downloads\OMAT_8.5.0.9_Light_20250601_x64\pinpoint-autoimport
[2025-07-23 18:50:00]  INFO [ThreadPoolTaskScheduler-2] com.flatirons.pinpoint.server.scheduled.ArchivePublicationJob:61 - Archive Job Scheduler executing...
[2025-07-23 18:50:00]  INFO [ThreadPoolTaskScheduler-8] com.flatirons.pinpoint.server.scheduled.ArchivePublicationJob:86 - DM and PP Archive status Sync...
[2025-07-23 18:50:30]  INFO [ThreadPoolTaskScheduler-1] com.flatirons.pinpoint.server.service.impl.ImportPinpointPackageServiceImpl:180 - No neutral packages to import from Data Directory - C:\Users\u8064927\Downloads\OMAT_8.5.0.9_Light_20250601_x64\pinpoint-autoimport
[2025-07-23 18:51:00]  INFO [ThreadPoolTaskScheduler-7] com.flatirons.pinpoint.server.scheduled.ArchivePublicationJob:86 - DM and PP Archive status Sync...
[2025-07-23 18:51:00]  INFO [ThreadPoolTaskScheduler-8] com.flatirons.pinpoint.server.scheduled.ArchivePublicationJob:61 - Archive Job Scheduler executing...
[2025-07-23 18:51:30]  INFO [ThreadPoolTaskScheduler-10] com.flatirons.pinpoint.server.service.impl.ImportPinpointPackageServiceImpl:180 - No neutral packages to import from Data Directory - C:\Users\u8064927\Downloads\OMAT_8.5.0.9_Light_20250601_x64\pinpoint-autoimport
[2025-07-23 18:52:00]  INFO [ThreadPoolTaskScheduler-1] com.flatirons.pinpoint.server.scheduled.ArchivePublicationJob:86 - DM and PP Archive status Sync...
[2025-07-23 18:52:00]  INFO [ThreadPoolTaskScheduler-2] com.flatirons.pinpoint.server.scheduled.ArchivePublicationJob:61 - Archive Job Scheduler executing...
[2025-07-23 18:52:30]  INFO [ThreadPoolTaskScheduler-1] com.flatirons.pinpoint.server.service.impl.ImportPinpointPackageServiceImpl:180 - No neutral packages to import from Data Directory - C:\Users\u8064927\Downloads\OMAT_8.5.0.9_Light_20250601_x64\pinpoint-autoimport
[2025-07-23 18:53:00]  INFO [ThreadPoolTaskScheduler-7] com.flatirons.pinpoint.server.scheduled.ArchivePublicationJob:61 - Archive Job Scheduler executing...
[2025-07-23 18:53:00]  INFO [ThreadPoolTaskScheduler-9] com.flatirons.pinpoint.server.scheduled.ArchivePublicationJob:86 - DM and PP Archive status Sync...
[2025-07-23 18:53:30]  INFO [ThreadPoolTaskScheduler-6] com.flatirons.pinpoint.server.service.impl.ImportPinpointPackageServiceImpl:180 - No neutral packages to import from Data Directory - C:\Users\u8064927\Downloads\OMAT_8.5.0.9_Light_20250601_x64\pinpoint-autoimport
[2025-07-23 18:54:00]  INFO [ThreadPoolTaskScheduler-10] com.flatirons.pinpoint.server.scheduled.ArchivePublicationJob:86 - DM and PP Archive status Sync...
[2025-07-23 18:54:00]  INFO [ThreadPoolTaskScheduler-5] com.flatirons.pinpoint.server.scheduled.ArchivePublicationJob:61 - Archive Job Scheduler executing...
[2025-07-23 18:54:30]  INFO [ThreadPoolTaskScheduler-5] com.flatirons.pinpoint.server.service.impl.ImportPinpointPackageServiceImpl:180 - No neutral packages to import from Data Directory - C:\Users\u8064927\Downloads\OMAT_8.5.0.9_Light_20250601_x64\pinpoint-autoimport
[2025-07-23 18:55:00]  INFO [ThreadPoolTaskScheduler-7] com.flatirons.pinpoint.server.scheduled.ArchivePublicationJob:61 - Archive Job Scheduler executing...
[2025-07-23 18:55:00]  INFO [ThreadPoolTaskScheduler-9] com.flatirons.pinpoint.server.scheduled.ArchivePublicationJob:86 - DM and PP Archive status Sync...
[2025-07-23 18:55:30]  INFO [ThreadPoolTaskScheduler-9] com.flatirons.pinpoint.server.service.impl.ImportPinpointPackageServiceImpl:180 - No neutral packages to import from Data Directory - C:\Users\u8064927\Downloads\OMAT_8.5.0.9_Light_20250601_x64\pinpoint-autoimport
[2025-07-23 18:56:00]  INFO [ThreadPoolTaskScheduler-8] com.flatirons.pinpoint.server.scheduled.ArchivePublicationJob:61 - Archive Job Scheduler executing...
[2025-07-23 18:56:00]  INFO [ThreadPoolTaskScheduler-5] com.flatirons.pinpoint.server.scheduled.ArchivePublicationJob:86 - DM and PP Archive status Sync...
[2025-07-23 18:56:30]  INFO [ThreadPoolTaskScheduler-10] com.flatirons.pinpoint.server.service.impl.ImportPinpointPackageServiceImpl:180 - No neutral packages to import from Data Directory - C:\Users\u8064927\Downloads\OMAT_8.5.0.9_Light_20250601_x64\pinpoint-autoimport
[2025-07-23 18:57:00]  INFO [ThreadPoolTaskScheduler-1] com.flatirons.pinpoint.server.scheduled.ArchivePublicationJob:61 - Archive Job Scheduler executing...
[2025-07-23 18:57:00]  INFO [ThreadPoolTaskScheduler-5] com.flatirons.pinpoint.server.scheduled.ArchivePublicationJob:86 - DM and PP Archive status Sync...
[2025-07-23 18:57:30]  INFO [ThreadPoolTaskScheduler-7] com.flatirons.pinpoint.server.service.impl.ImportPinpointPackageServiceImpl:180 - No neutral packages to import from Data Directory - C:\Users\u8064927\Downloads\OMAT_8.5.0.9_Light_20250601_x64\pinpoint-autoimport
[2025-07-23 18:58:00]  INFO [ThreadPoolTaskScheduler-8] com.flatirons.pinpoint.server.scheduled.ArchivePublicationJob:61 - Archive Job Scheduler executing...
[2025-07-23 18:58:00]  INFO [ThreadPoolTaskScheduler-3] com.flatirons.pinpoint.server.scheduled.ArchivePublicationJob:86 - DM and PP Archive status Sync...
[2025-07-23 18:58:30]  INFO [ThreadPoolTaskScheduler-4] com.flatirons.pinpoint.server.service.impl.ImportPinpointPackageServiceImpl:180 - No neutral packages to import from Data Directory - C:\Users\u8064927\Downloads\OMAT_8.5.0.9_Light_20250601_x64\pinpoint-autoimport
[2025-07-23 18:59:00]  INFO [ThreadPoolTaskScheduler-10] com.flatirons.pinpoint.server.scheduled.ArchivePublicationJob:86 - DM and PP Archive status Sync...
[2025-07-23 18:59:00]  INFO [ThreadPoolTaskScheduler-8] com.flatirons.pinpoint.server.scheduled.ArchivePublicationJob:61 - Archive Job Scheduler executing...
[2025-07-23 18:59:30]  INFO [ThreadPoolTaskScheduler-9] com.flatirons.pinpoint.server.service.impl.ImportPinpointPackageServiceImpl:180 - No neutral packages to import from Data Directory - C:\Users\u8064927\Downloads\OMAT_8.5.0.9_Light_20250601_x64\pinpoint-autoimport
[2025-07-23 19:00:00]  INFO [ThreadPoolTaskScheduler-6] com.flatirons.pinpoint.server.scheduled.ArchivePublicationJob:86 - DM and PP Archive status Sync...
[2025-07-23 19:00:00]  INFO [ThreadPoolTaskScheduler-1] com.flatirons.pinpoint.server.scheduled.ArchivePublicationJob:61 - Archive Job Scheduler executing...
[2025-07-23 19:00:30]  INFO [ThreadPoolTaskScheduler-5] com.flatirons.pinpoint.server.service.impl.ImportPinpointPackageServiceImpl:180 - No neutral packages to import from Data Directory - C:\Users\u8064927\Downloads\OMAT_8.5.0.9_Light_20250601_x64\pinpoint-autoimport
[2025-07-23 19:01:00]  INFO [ThreadPoolTaskScheduler-4] com.flatirons.pinpoint.server.scheduled.ArchivePublicationJob:86 - DM and PP Archive status Sync...
[2025-07-23 19:01:00]  INFO [ThreadPoolTaskScheduler-5] com.flatirons.pinpoint.server.scheduled.ArchivePublicationJob:61 - Archive Job Scheduler executing...
[2025-07-23 19:01:30]  INFO [ThreadPoolTaskScheduler-6] com.flatirons.pinpoint.server.service.impl.ImportPinpointPackageServiceImpl:180 - No neutral packages to import from Data Directory - C:\Users\u8064927\Downloads\OMAT_8.5.0.9_Light_20250601_x64\pinpoint-autoimport
[2025-07-23 19:02:00]  INFO [ThreadPoolTaskScheduler-6] com.flatirons.pinpoint.server.scheduled.ArchivePublicationJob:86 - DM and PP Archive status Sync...
[2025-07-23 19:02:00]  INFO [ThreadPoolTaskScheduler-3] com.flatirons.pinpoint.server.scheduled.ArchivePublicationJob:61 - Archive Job Scheduler executing...
[2025-07-23 19:02:30]  INFO [ThreadPoolTaskScheduler-7] com.flatirons.pinpoint.server.service.impl.ImportPinpointPackageServiceImpl:180 - No neutral packages to import from Data Directory - C:\Users\u8064927\Downloads\OMAT_8.5.0.9_Light_20250601_x64\pinpoint-autoimport
[2025-07-23 19:03:00]  INFO [ThreadPoolTaskScheduler-4] com.flatirons.pinpoint.server.scheduled.ArchivePublicationJob:61 - Archive Job Scheduler executing...
[2025-07-23 19:03:00]  INFO [ThreadPoolTaskScheduler-6] com.flatirons.pinpoint.server.scheduled.ArchivePublicationJob:86 - DM and PP Archive status Sync...
[2025-07-23 19:03:30]  INFO [ThreadPoolTaskScheduler-5] com.flatirons.pinpoint.server.service.impl.ImportPinpointPackageServiceImpl:180 - No neutral packages to import from Data Directory - C:\Users\u8064927\Downloads\OMAT_8.5.0.9_Light_20250601_x64\pinpoint-autoimport
[2025-07-23 19:04:00]  INFO [ThreadPoolTaskScheduler-5] com.flatirons.pinpoint.server.scheduled.ArchivePublicationJob:86 - DM and PP Archive status Sync...
[2025-07-23 19:04:00]  INFO [ThreadPoolTaskScheduler-7] com.flatirons.pinpoint.server.scheduled.ArchivePublicationJob:61 - Archive Job Scheduler executing...
[2025-07-23 19:04:30]  INFO [ThreadPoolTaskScheduler-7] com.flatirons.pinpoint.server.service.impl.ImportPinpointPackageServiceImpl:180 - No neutral packages to import from Data Directory - C:\Users\u8064927\Downloads\OMAT_8.5.0.9_Light_20250601_x64\pinpoint-autoimport
[2025-07-23 19:05:00]  INFO [ThreadPoolTaskScheduler-10] com.flatirons.pinpoint.server.scheduled.ArchivePublicationJob:86 - DM and PP Archive status Sync...
[2025-07-23 19:05:00]  INFO [ThreadPoolTaskScheduler-5] com.flatirons.pinpoint.server.scheduled.ArchivePublicationJob:61 - Archive Job Scheduler executing...
[2025-07-23 19:05:30]  INFO [ThreadPoolTaskScheduler-8] com.flatirons.pinpoint.server.service.impl.ImportPinpointPackageServiceImpl:180 - No neutral packages to import from Data Directory - C:\Users\u8064927\Downloads\OMAT_8.5.0.9_Light_20250601_x64\pinpoint-autoimport
[2025-07-23 19:06:00]  INFO [ThreadPoolTaskScheduler-9] com.flatirons.pinpoint.server.scheduled.ArchivePublicationJob:86 - DM and PP Archive status Sync...
[2025-07-23 19:06:00]  INFO [ThreadPoolTaskScheduler-7] com.flatirons.pinpoint.server.scheduled.ArchivePublicationJob:61 - Archive Job Scheduler executing...
[2025-07-23 19:06:30]  INFO [ThreadPoolTaskScheduler-2] com.flatirons.pinpoint.server.service.impl.ImportPinpointPackageServiceImpl:180 - No neutral packages to import from Data Directory - C:\Users\u8064927\Downloads\OMAT_8.5.0.9_Light_20250601_x64\pinpoint-autoimport
[2025-07-23 19:07:00]  INFO [ThreadPoolTaskScheduler-6] com.flatirons.pinpoint.server.scheduled.ArchivePublicationJob:61 - Archive Job Scheduler executing...
[2025-07-23 19:07:00]  INFO [ThreadPoolTaskScheduler-8] com.flatirons.pinpoint.server.scheduled.ArchivePublicationJob:86 - DM and PP Archive status Sync...
[2025-07-23 19:07:30]  INFO [ThreadPoolTaskScheduler-6] com.flatirons.pinpoint.server.service.impl.ImportPinpointPackageServiceImpl:180 - No neutral packages to import from Data Directory - C:\Users\u8064927\Downloads\OMAT_8.5.0.9_Light_20250601_x64\pinpoint-autoimport
[2025-07-23 19:08:00]  INFO [ThreadPoolTaskScheduler-10] com.flatirons.pinpoint.server.scheduled.ArchivePublicationJob:86 - DM and PP Archive status Sync...
[2025-07-23 19:08:00]  INFO [ThreadPoolTaskScheduler-8] com.flatirons.pinpoint.server.scheduled.ArchivePublicationJob:61 - Archive Job Scheduler executing...
[2025-07-23 19:08:30]  INFO [ThreadPoolTaskScheduler-1] com.flatirons.pinpoint.server.service.impl.ImportPinpointPackageServiceImpl:180 - No neutral packages to import from Data Directory - C:\Users\u8064927\Downloads\OMAT_8.5.0.9_Light_20250601_x64\pinpoint-autoimport
[2025-07-23 19:09:00]  INFO [ThreadPoolTaskScheduler-5] com.flatirons.pinpoint.server.scheduled.ArchivePublicationJob:86 - DM and PP Archive status Sync...
[2025-07-23 19:09:00]  INFO [ThreadPoolTaskScheduler-2] com.flatirons.pinpoint.server.scheduled.ArchivePublicationJob:61 - Archive Job Scheduler executing...
[2025-07-23 19:09:30]  INFO [ThreadPoolTaskScheduler-2] com.flatirons.pinpoint.server.service.impl.ImportPinpointPackageServiceImpl:180 - No neutral packages to import from Data Directory - C:\Users\u8064927\Downloads\OMAT_8.5.0.9_Light_20250601_x64\pinpoint-autoimport
[2025-07-23 19:10:00]  INFO [ThreadPoolTaskScheduler-7] com.flatirons.pinpoint.server.scheduled.ArchivePublicationJob:61 - Archive Job Scheduler executing...
[2025-07-23 19:10:00]  INFO [ThreadPoolTaskScheduler-8] com.flatirons.pinpoint.server.scheduled.ArchivePublicationJob:86 - DM and PP Archive status Sync...
[2025-07-23 19:10:30]  INFO [ThreadPoolTaskScheduler-5] com.flatirons.pinpoint.server.service.impl.ImportPinpointPackageServiceImpl:180 - No neutral packages to import from Data Directory - C:\Users\u8064927\Downloads\OMAT_8.5.0.9_Light_20250601_x64\pinpoint-autoimport
[2025-07-23 19:11:00]  INFO [ThreadPoolTaskScheduler-6] com.flatirons.pinpoint.server.scheduled.ArchivePublicationJob:61 - Archive Job Scheduler executing...
[2025-07-23 19:11:00]  INFO [ThreadPoolTaskScheduler-2] com.flatirons.pinpoint.server.scheduled.ArchivePublicationJob:86 - DM and PP Archive status Sync...
[2025-07-23 19:11:30]  INFO [ThreadPoolTaskScheduler-5] com.flatirons.pinpoint.server.service.impl.ImportPinpointPackageServiceImpl:180 - No neutral packages to import from Data Directory - C:\Users\u8064927\Downloads\OMAT_8.5.0.9_Light_20250601_x64\pinpoint-autoimport
[2025-07-23 19:12:00]  INFO [ThreadPoolTaskScheduler-4] com.flatirons.pinpoint.server.scheduled.ArchivePublicationJob:86 - DM and PP Archive status Sync...
[2025-07-23 19:12:00]  INFO [ThreadPoolTaskScheduler-2] com.flatirons.pinpoint.server.scheduled.ArchivePublicationJob:61 - Archive Job Scheduler executing...
[2025-07-23 19:12:30]  INFO [ThreadPoolTaskScheduler-7] com.flatirons.pinpoint.server.service.impl.ImportPinpointPackageServiceImpl:180 - No neutral packages to import from Data Directory - C:\Users\u8064927\Downloads\OMAT_8.5.0.9_Light_20250601_x64\pinpoint-autoimport
[2025-07-23 19:13:00]  INFO [ThreadPoolTaskScheduler-2] com.flatirons.pinpoint.server.scheduled.ArchivePublicationJob:61 - Archive Job Scheduler executing...
[2025-07-23 19:13:00]  INFO [ThreadPoolTaskScheduler-9] com.flatirons.pinpoint.server.scheduled.ArchivePublicationJob:86 - DM and PP Archive status Sync...
[2025-07-23 19:13:30]  INFO [ThreadPoolTaskScheduler-3] com.flatirons.pinpoint.server.service.impl.ImportPinpointPackageServiceImpl:180 - No neutral packages to import from Data Directory - C:\Users\u8064927\Downloads\OMAT_8.5.0.9_Light_20250601_x64\pinpoint-autoimport
[2025-07-23 19:14:00]  INFO [ThreadPoolTaskScheduler-9] com.flatirons.pinpoint.server.scheduled.ArchivePublicationJob:86 - DM and PP Archive status Sync...
[2025-07-23 19:14:00]  INFO [ThreadPoolTaskScheduler-7] com.flatirons.pinpoint.server.scheduled.ArchivePublicationJob:61 - Archive Job Scheduler executing...
[2025-07-23 19:14:30]  INFO [ThreadPoolTaskScheduler-6] com.flatirons.pinpoint.server.service.impl.ImportPinpointPackageServiceImpl:180 - No neutral packages to import from Data Directory - C:\Users\u8064927\Downloads\OMAT_8.5.0.9_Light_20250601_x64\pinpoint-autoimport
[2025-07-23 19:15:00]  INFO [ThreadPoolTaskScheduler-1] com.flatirons.pinpoint.server.scheduled.ArchivePublicationJob:86 - DM and PP Archive status Sync...
[2025-07-23 19:15:00]  INFO [ThreadPoolTaskScheduler-7] com.flatirons.pinpoint.server.scheduled.ArchivePublicationJob:61 - Archive Job Scheduler executing...
[2025-07-23 19:15:30]  INFO [ThreadPoolTaskScheduler-5] com.flatirons.pinpoint.server.service.impl.ImportPinpointPackageServiceImpl:180 - No neutral packages to import from Data Directory - C:\Users\u8064927\Downloads\OMAT_8.5.0.9_Light_20250601_x64\pinpoint-autoimport
[2025-07-23 19:16:00]  INFO [ThreadPoolTaskScheduler-6] com.flatirons.pinpoint.server.scheduled.ArchivePublicationJob:86 - DM and PP Archive status Sync...
[2025-07-23 19:16:00]  INFO [ThreadPoolTaskScheduler-8] com.flatirons.pinpoint.server.scheduled.ArchivePublicationJob:61 - Archive Job Scheduler executing...
[2025-07-23 19:16:30]  INFO [ThreadPoolTaskScheduler-10] com.flatirons.pinpoint.server.service.impl.ImportPinpointPackageServiceImpl:180 - No neutral packages to import from Data Directory - C:\Users\u8064927\Downloads\OMAT_8.5.0.9_Light_20250601_x64\pinpoint-autoimport
[2025-07-23 19:17:00]  INFO [ThreadPoolTaskScheduler-5] com.flatirons.pinpoint.server.scheduled.ArchivePublicationJob:86 - DM and PP Archive status Sync...
[2025-07-23 19:17:00]  INFO [ThreadPoolTaskScheduler-6] com.flatirons.pinpoint.server.scheduled.ArchivePublicationJob:61 - Archive Job Scheduler executing...
[2025-07-23 19:17:30]  INFO [ThreadPoolTaskScheduler-1] com.flatirons.pinpoint.server.service.impl.ImportPinpointPackageServiceImpl:180 - No neutral packages to import from Data Directory - C:\Users\u8064927\Downloads\OMAT_8.5.0.9_Light_20250601_x64\pinpoint-autoimport
[2025-07-23 19:18:00]  INFO [ThreadPoolTaskScheduler-6] com.flatirons.pinpoint.server.scheduled.ArchivePublicationJob:61 - Archive Job Scheduler executing...
[2025-07-23 19:18:00]  INFO [ThreadPoolTaskScheduler-5] com.flatirons.pinpoint.server.scheduled.ArchivePublicationJob:86 - DM and PP Archive status Sync...
[2025-07-23 19:18:30]  INFO [ThreadPoolTaskScheduler-2] com.flatirons.pinpoint.server.service.impl.ImportPinpointPackageServiceImpl:180 - No neutral packages to import from Data Directory - C:\Users\u8064927\Downloads\OMAT_8.5.0.9_Light_20250601_x64\pinpoint-autoimport
[2025-07-23 19:19:00]  INFO [ThreadPoolTaskScheduler-1] com.flatirons.pinpoint.server.scheduled.ArchivePublicationJob:61 - Archive Job Scheduler executing...
[2025-07-23 19:19:00]  INFO [ThreadPoolTaskScheduler-8] com.flatirons.pinpoint.server.scheduled.ArchivePublicationJob:86 - DM and PP Archive status Sync...
[2025-07-23 19:19:30]  INFO [ThreadPoolTaskScheduler-8] com.flatirons.pinpoint.server.service.impl.ImportPinpointPackageServiceImpl:180 - No neutral packages to import from Data Directory - C:\Users\u8064927\Downloads\OMAT_8.5.0.9_Light_20250601_x64\pinpoint-autoimport
[2025-07-23 19:20:00]  INFO [ThreadPoolTaskScheduler-8] com.flatirons.pinpoint.server.scheduled.ArchivePublicationJob:86 - DM and PP Archive status Sync...
[2025-07-23 19:20:00]  INFO [ThreadPoolTaskScheduler-1] com.flatirons.pinpoint.server.scheduled.ArchivePublicationJob:61 - Archive Job Scheduler executing...
[2025-07-23 19:20:30]  INFO [ThreadPoolTaskScheduler-5] com.flatirons.pinpoint.server.service.impl.ImportPinpointPackageServiceImpl:180 - No neutral packages to import from Data Directory - C:\Users\u8064927\Downloads\OMAT_8.5.0.9_Light_20250601_x64\pinpoint-autoimport
[2025-07-23 19:21:00]  INFO [ThreadPoolTaskScheduler-9] com.flatirons.pinpoint.server.scheduled.ArchivePublicationJob:61 - Archive Job Scheduler executing...
[2025-07-23 19:21:00]  INFO [ThreadPoolTaskScheduler-4] com.flatirons.pinpoint.server.scheduled.ArchivePublicationJob:86 - DM and PP Archive status Sync...
[2025-07-23 19:21:30]  INFO [ThreadPoolTaskScheduler-9] com.flatirons.pinpoint.server.service.impl.ImportPinpointPackageServiceImpl:180 - No neutral packages to import from Data Directory - C:\Users\u8064927\Downloads\OMAT_8.5.0.9_Light_20250601_x64\pinpoint-autoimport
[2025-07-23 19:22:00]  INFO [ThreadPoolTaskScheduler-6] com.flatirons.pinpoint.server.scheduled.ArchivePublicationJob:61 - Archive Job Scheduler executing...
[2025-07-23 19:22:00]  INFO [ThreadPoolTaskScheduler-3] com.flatirons.pinpoint.server.scheduled.ArchivePublicationJob:86 - DM and PP Archive status Sync...
[2025-07-23 19:22:30]  INFO [ThreadPoolTaskScheduler-7] com.flatirons.pinpoint.server.service.impl.ImportPinpointPackageServiceImpl:180 - No neutral packages to import from Data Directory - C:\Users\u8064927\Downloads\OMAT_8.5.0.9_Light_20250601_x64\pinpoint-autoimport
[2025-07-23 19:23:00]  INFO [ThreadPoolTaskScheduler-6] com.flatirons.pinpoint.server.scheduled.ArchivePublicationJob:86 - DM and PP Archive status Sync...
[2025-07-23 19:23:00]  INFO [ThreadPoolTaskScheduler-5] com.flatirons.pinpoint.server.scheduled.ArchivePublicationJob:61 - Archive Job Scheduler executing...
[2025-07-23 19:23:30]  INFO [ThreadPoolTaskScheduler-7] com.flatirons.pinpoint.server.service.impl.ImportPinpointPackageServiceImpl:180 - No neutral packages to import from Data Directory - C:\Users\u8064927\Downloads\OMAT_8.5.0.9_Light_20250601_x64\pinpoint-autoimport
[2025-07-23 19:24:00]  INFO [ThreadPoolTaskScheduler-5] com.flatirons.pinpoint.server.scheduled.ArchivePublicationJob:61 - Archive Job Scheduler executing...
[2025-07-23 19:24:00]  INFO [ThreadPoolTaskScheduler-9] com.flatirons.pinpoint.server.scheduled.ArchivePublicationJob:86 - DM and PP Archive status Sync...
[2025-07-23 19:24:30]  INFO [ThreadPoolTaskScheduler-6] com.flatirons.pinpoint.server.service.impl.ImportPinpointPackageServiceImpl:180 - No neutral packages to import from Data Directory - C:\Users\u8064927\Downloads\OMAT_8.5.0.9_Light_20250601_x64\pinpoint-autoimport
[2025-07-23 19:25:00]  INFO [ThreadPoolTaskScheduler-10] com.flatirons.pinpoint.server.scheduled.ArchivePublicationJob:61 - Archive Job Scheduler executing...
[2025-07-23 19:25:00]  INFO [ThreadPoolTaskScheduler-6] com.flatirons.pinpoint.server.scheduled.ArchivePublicationJob:86 - DM and PP Archive status Sync...
[2025-07-23 19:25:30]  INFO [ThreadPoolTaskScheduler-5] com.flatirons.pinpoint.server.service.impl.ImportPinpointPackageServiceImpl:180 - No neutral packages to import from Data Directory - C:\Users\u8064927\Downloads\OMAT_8.5.0.9_Light_20250601_x64\pinpoint-autoimport
[2025-07-23 19:26:00]  INFO [ThreadPoolTaskScheduler-5] com.flatirons.pinpoint.server.scheduled.ArchivePublicationJob:61 - Archive Job Scheduler executing...
[2025-07-23 19:26:00]  INFO [ThreadPoolTaskScheduler-3] com.flatirons.pinpoint.server.scheduled.ArchivePublicationJob:86 - DM and PP Archive status Sync...
[2025-07-23 19:26:30]  INFO [ThreadPoolTaskScheduler-10] com.flatirons.pinpoint.server.service.impl.ImportPinpointPackageServiceImpl:180 - No neutral packages to import from Data Directory - C:\Users\u8064927\Downloads\OMAT_8.5.0.9_Light_20250601_x64\pinpoint-autoimport
[2025-07-23 19:27:00]  INFO [ThreadPoolTaskScheduler-8] com.flatirons.pinpoint.server.scheduled.ArchivePublicationJob:86 - DM and PP Archive status Sync...
[2025-07-23 19:27:00]  INFO [ThreadPoolTaskScheduler-6] com.flatirons.pinpoint.server.scheduled.ArchivePublicationJob:61 - Archive Job Scheduler executing...
[2025-07-23 19:27:30]  INFO [ThreadPoolTaskScheduler-4] com.flatirons.pinpoint.server.service.impl.ImportPinpointPackageServiceImpl:180 - No neutral packages to import from Data Directory - C:\Users\u8064927\Downloads\OMAT_8.5.0.9_Light_20250601_x64\pinpoint-autoimport
[2025-07-23 19:28:00]  INFO [ThreadPoolTaskScheduler-2] com.flatirons.pinpoint.server.scheduled.ArchivePublicationJob:61 - Archive Job Scheduler executing...
[2025-07-23 19:28:00]  INFO [ThreadPoolTaskScheduler-10] com.flatirons.pinpoint.server.scheduled.ArchivePublicationJob:86 - DM and PP Archive status Sync...
[2025-07-23 19:28:30]  INFO [ThreadPoolTaskScheduler-5] com.flatirons.pinpoint.server.service.impl.ImportPinpointPackageServiceImpl:180 - No neutral packages to import from Data Directory - C:\Users\u8064927\Downloads\OMAT_8.5.0.9_Light_20250601_x64\pinpoint-autoimport
[2025-07-23 19:29:00]  INFO [ThreadPoolTaskScheduler-5] com.flatirons.pinpoint.server.scheduled.ArchivePublicationJob:86 - DM and PP Archive status Sync...
[2025-07-23 19:29:00]  INFO [ThreadPoolTaskScheduler-6] com.flatirons.pinpoint.server.scheduled.ArchivePublicationJob:61 - Archive Job Scheduler executing...
[2025-07-23 19:29:30]  INFO [ThreadPoolTaskScheduler-3] com.flatirons.pinpoint.server.service.impl.ImportPinpointPackageServiceImpl:180 - No neutral packages to import from Data Directory - C:\Users\u8064927\Downloads\OMAT_8.5.0.9_Light_20250601_x64\pinpoint-autoimport
[2025-07-23 19:30:00]  INFO [ThreadPoolTaskScheduler-4] com.flatirons.pinpoint.server.scheduled.ArchivePublicationJob:86 - DM and PP Archive status Sync...
[2025-07-23 19:30:00]  INFO [ThreadPoolTaskScheduler-4] com.flatirons.pinpoint.server.scheduled.ArchivePublicationJob:61 - Archive Job Scheduler executing...
[2025-07-23 19:30:30]  INFO [ThreadPoolTaskScheduler-4] com.flatirons.pinpoint.server.service.impl.ImportPinpointPackageServiceImpl:180 - No neutral packages to import from Data Directory - C:\Users\u8064927\Downloads\OMAT_8.5.0.9_Light_20250601_x64\pinpoint-autoimport
[2025-07-23 19:31:00]  INFO [ThreadPoolTaskScheduler-8] com.flatirons.pinpoint.server.scheduled.ArchivePublicationJob:86 - DM and PP Archive status Sync...
[2025-07-23 19:31:00]  INFO [ThreadPoolTaskScheduler-6] com.flatirons.pinpoint.server.scheduled.ArchivePublicationJob:61 - Archive Job Scheduler executing...
[2025-07-23 19:31:30]  INFO [ThreadPoolTaskScheduler-2] com.flatirons.pinpoint.server.service.impl.ImportPinpointPackageServiceImpl:180 - No neutral packages to import from Data Directory - C:\Users\u8064927\Downloads\OMAT_8.5.0.9_Light_20250601_x64\pinpoint-autoimport
[2025-07-23 19:32:00]  INFO [ThreadPoolTaskScheduler-7] com.flatirons.pinpoint.server.scheduled.ArchivePublicationJob:61 - Archive Job Scheduler executing...
[2025-07-23 19:32:00]  INFO [ThreadPoolTaskScheduler-3] com.flatirons.pinpoint.server.scheduled.ArchivePublicationJob:86 - DM and PP Archive status Sync...
[2025-07-23 19:32:30]  INFO [ThreadPoolTaskScheduler-2] com.flatirons.pinpoint.server.service.impl.ImportPinpointPackageServiceImpl:180 - No neutral packages to import from Data Directory - C:\Users\u8064927\Downloads\OMAT_8.5.0.9_Light_20250601_x64\pinpoint-autoimport
[2025-07-23 19:33:00]  INFO [ThreadPoolTaskScheduler-2] com.flatirons.pinpoint.server.scheduled.ArchivePublicationJob:86 - DM and PP Archive status Sync...
[2025-07-23 19:33:00]  INFO [ThreadPoolTaskScheduler-5] com.flatirons.pinpoint.server.scheduled.ArchivePublicationJob:61 - Archive Job Scheduler executing...
[2025-07-23 19:33:30]  INFO [ThreadPoolTaskScheduler-3] com.flatirons.pinpoint.server.service.impl.ImportPinpointPackageServiceImpl:180 - No neutral packages to import from Data Directory - C:\Users\u8064927\Downloads\OMAT_8.5.0.9_Light_20250601_x64\pinpoint-autoimport
[2025-07-23 19:34:00]  INFO [ThreadPoolTaskScheduler-5] com.flatirons.pinpoint.server.scheduled.ArchivePublicationJob:61 - Archive Job Scheduler executing...
[2025-07-23 19:34:00]  INFO [ThreadPoolTaskScheduler-8] com.flatirons.pinpoint.server.scheduled.ArchivePublicationJob:86 - DM and PP Archive status Sync...
[2025-07-23 19:34:30]  INFO [ThreadPoolTaskScheduler-5] com.flatirons.pinpoint.server.service.impl.ImportPinpointPackageServiceImpl:180 - No neutral packages to import from Data Directory - C:\Users\u8064927\Downloads\OMAT_8.5.0.9_Light_20250601_x64\pinpoint-autoimport
[2025-07-23 19:35:00]  INFO [ThreadPoolTaskScheduler-5] com.flatirons.pinpoint.server.scheduled.ArchivePublicationJob:86 - DM and PP Archive status Sync...
[2025-07-23 19:35:00]  INFO [ThreadPoolTaskScheduler-4] com.flatirons.pinpoint.server.scheduled.ArchivePublicationJob:61 - Archive Job Scheduler executing...
[2025-07-23 19:35:30]  INFO [ThreadPoolTaskScheduler-8] com.flatirons.pinpoint.server.service.impl.ImportPinpointPackageServiceImpl:180 - No neutral packages to import from Data Directory - C:\Users\u8064927\Downloads\OMAT_8.5.0.9_Light_20250601_x64\pinpoint-autoimport
[2025-07-23 19:36:00]  INFO [ThreadPoolTaskScheduler-4] com.flatirons.pinpoint.server.scheduled.ArchivePublicationJob:86 - DM and PP Archive status Sync...
[2025-07-23 19:36:00]  INFO [ThreadPoolTaskScheduler-1] com.flatirons.pinpoint.server.scheduled.ArchivePublicationJob:61 - Archive Job Scheduler executing...
[2025-07-23 19:36:30]  INFO [ThreadPoolTaskScheduler-9] com.flatirons.pinpoint.server.service.impl.ImportPinpointPackageServiceImpl:180 - No neutral packages to import from Data Directory - C:\Users\u8064927\Downloads\OMAT_8.5.0.9_Light_20250601_x64\pinpoint-autoimport
[2025-07-23 19:37:00]  INFO [ThreadPoolTaskScheduler-1] com.flatirons.pinpoint.server.scheduled.ArchivePublicationJob:61 - Archive Job Scheduler executing...
[2025-07-23 19:37:00]  INFO [ThreadPoolTaskScheduler-6] com.flatirons.pinpoint.server.scheduled.ArchivePublicationJob:86 - DM and PP Archive status Sync...
[2025-07-23 19:37:30]  INFO [ThreadPoolTaskScheduler-3] com.flatirons.pinpoint.server.service.impl.ImportPinpointPackageServiceImpl:180 - No neutral packages to import from Data Directory - C:\Users\u8064927\Downloads\OMAT_8.5.0.9_Light_20250601_x64\pinpoint-autoimport
[2025-07-23 19:38:00]  INFO [ThreadPoolTaskScheduler-2] com.flatirons.pinpoint.server.scheduled.ArchivePublicationJob:61 - Archive Job Scheduler executing...
[2025-07-23 19:38:00]  INFO [ThreadPoolTaskScheduler-9] com.flatirons.pinpoint.server.scheduled.ArchivePublicationJob:86 - DM and PP Archive status Sync...
[2025-07-23 19:38:30]  INFO [ThreadPoolTaskScheduler-10] com.flatirons.pinpoint.server.service.impl.ImportPinpointPackageServiceImpl:180 - No neutral packages to import from Data Directory - C:\Users\u8064927\Downloads\OMAT_8.5.0.9_Light_20250601_x64\pinpoint-autoimport
[2025-07-23 19:39:00]  INFO [ThreadPoolTaskScheduler-6] com.flatirons.pinpoint.server.scheduled.ArchivePublicationJob:86 - DM and PP Archive status Sync...
[2025-07-23 19:39:00]  INFO [ThreadPoolTaskScheduler-10] com.flatirons.pinpoint.server.scheduled.ArchivePublicationJob:61 - Archive Job Scheduler executing...
[2025-07-23 19:39:30]  INFO [ThreadPoolTaskScheduler-1] com.flatirons.pinpoint.server.service.impl.ImportPinpointPackageServiceImpl:180 - No neutral packages to import from Data Directory - C:\Users\u8064927\Downloads\OMAT_8.5.0.9_Light_20250601_x64\pinpoint-autoimport
[2025-07-23 19:40:00]  INFO [ThreadPoolTaskScheduler-3] com.flatirons.pinpoint.server.scheduled.ArchivePublicationJob:86 - DM and PP Archive status Sync...
[2025-07-23 19:40:00]  INFO [ThreadPoolTaskScheduler-6] com.flatirons.pinpoint.server.scheduled.ArchivePublicationJob:61 - Archive Job Scheduler executing...
[2025-07-23 19:40:30]  INFO [ThreadPoolTaskScheduler-1] com.flatirons.pinpoint.server.service.impl.ImportPinpointPackageServiceImpl:180 - No neutral packages to import from Data Directory - C:\Users\u8064927\Downloads\OMAT_8.5.0.9_Light_20250601_x64\pinpoint-autoimport
[2025-07-23 19:41:00]  INFO [ThreadPoolTaskScheduler-8] com.flatirons.pinpoint.server.scheduled.ArchivePublicationJob:61 - Archive Job Scheduler executing...
[2025-07-23 19:41:00]  INFO [ThreadPoolTaskScheduler-5] com.flatirons.pinpoint.server.scheduled.ArchivePublicationJob:86 - DM and PP Archive status Sync...
[2025-07-23 19:41:30]  INFO [ThreadPoolTaskScheduler-4] com.flatirons.pinpoint.server.service.impl.ImportPinpointPackageServiceImpl:180 - No neutral packages to import from Data Directory - C:\Users\u8064927\Downloads\OMAT_8.5.0.9_Light_20250601_x64\pinpoint-autoimport
[2025-07-23 19:42:00]  INFO [ThreadPoolTaskScheduler-1] com.flatirons.pinpoint.server.scheduled.ArchivePublicationJob:86 - DM and PP Archive status Sync...
[2025-07-23 19:42:00]  INFO [ThreadPoolTaskScheduler-5] com.flatirons.pinpoint.server.scheduled.ArchivePublicationJob:61 - Archive Job Scheduler executing...
[2025-07-23 19:42:30]  INFO [ThreadPoolTaskScheduler-2] com.flatirons.pinpoint.server.service.impl.ImportPinpointPackageServiceImpl:180 - No neutral packages to import from Data Directory - C:\Users\u8064927\Downloads\OMAT_8.5.0.9_Light_20250601_x64\pinpoint-autoimport
[2025-07-23 19:43:00]  INFO [ThreadPoolTaskScheduler-5] com.flatirons.pinpoint.server.scheduled.ArchivePublicationJob:86 - DM and PP Archive status Sync...
[2025-07-23 19:43:00]  INFO [ThreadPoolTaskScheduler-10] com.flatirons.pinpoint.server.scheduled.ArchivePublicationJob:61 - Archive Job Scheduler executing...
[2025-07-23 19:43:30]  INFO [ThreadPoolTaskScheduler-2] com.flatirons.pinpoint.server.service.impl.ImportPinpointPackageServiceImpl:180 - No neutral packages to import from Data Directory - C:\Users\u8064927\Downloads\OMAT_8.5.0.9_Light_20250601_x64\pinpoint-autoimport
[2025-07-23 19:44:00]  INFO [ThreadPoolTaskScheduler-1] com.flatirons.pinpoint.server.scheduled.ArchivePublicationJob:86 - DM and PP Archive status Sync...
[2025-07-23 19:44:00]  INFO [ThreadPoolTaskScheduler-7] com.flatirons.pinpoint.server.scheduled.ArchivePublicationJob:61 - Archive Job Scheduler executing...
[2025-07-23 19:44:30]  INFO [ThreadPoolTaskScheduler-4] com.flatirons.pinpoint.server.service.impl.ImportPinpointPackageServiceImpl:180 - No neutral packages to import from Data Directory - C:\Users\u8064927\Downloads\OMAT_8.5.0.9_Light_20250601_x64\pinpoint-autoimport
[2025-07-23 19:45:00]  INFO [ThreadPoolTaskScheduler-8] com.flatirons.pinpoint.server.scheduled.ArchivePublicationJob:86 - DM and PP Archive status Sync...
[2025-07-23 19:45:00]  INFO [ThreadPoolTaskScheduler-7] com.flatirons.pinpoint.server.scheduled.ArchivePublicationJob:61 - Archive Job Scheduler executing...
[2025-07-23 19:45:30]  INFO [ThreadPoolTaskScheduler-3] com.flatirons.pinpoint.server.service.impl.ImportPinpointPackageServiceImpl:180 - No neutral packages to import from Data Directory - C:\Users\u8064927\Downloads\OMAT_8.5.0.9_Light_20250601_x64\pinpoint-autoimport
[2025-07-23 19:46:00]  INFO [ThreadPoolTaskScheduler-3] com.flatirons.pinpoint.server.scheduled.ArchivePublicationJob:86 - DM and PP Archive status Sync...
[2025-07-23 19:46:00]  INFO [ThreadPoolTaskScheduler-7] com.flatirons.pinpoint.server.scheduled.ArchivePublicationJob:61 - Archive Job Scheduler executing...
[2025-07-23 19:46:30]  INFO [ThreadPoolTaskScheduler-4] com.flatirons.pinpoint.server.service.impl.ImportPinpointPackageServiceImpl:180 - No neutral packages to import from Data Directory - C:\Users\u8064927\Downloads\OMAT_8.5.0.9_Light_20250601_x64\pinpoint-autoimport
[2025-07-23 19:47:00]  INFO [ThreadPoolTaskScheduler-3] com.flatirons.pinpoint.server.scheduled.ArchivePublicationJob:61 - Archive Job Scheduler executing...
[2025-07-23 19:47:00]  INFO [ThreadPoolTaskScheduler-1] com.flatirons.pinpoint.server.scheduled.ArchivePublicationJob:86 - DM and PP Archive status Sync...
[2025-07-23 19:47:30]  INFO [ThreadPoolTaskScheduler-10] com.flatirons.pinpoint.server.service.impl.ImportPinpointPackageServiceImpl:180 - No neutral packages to import from Data Directory - C:\Users\u8064927\Downloads\OMAT_8.5.0.9_Light_20250601_x64\pinpoint-autoimport
[2025-07-23 19:48:00]  INFO [ThreadPoolTaskScheduler-9] com.flatirons.pinpoint.server.scheduled.ArchivePublicationJob:61 - Archive Job Scheduler executing...
[2025-07-23 19:48:00]  INFO [ThreadPoolTaskScheduler-8] com.flatirons.pinpoint.server.scheduled.ArchivePublicationJob:86 - DM and PP Archive status Sync...
[2025-07-23 19:48:30]  INFO [ThreadPoolTaskScheduler-7] com.flatirons.pinpoint.server.service.impl.ImportPinpointPackageServiceImpl:180 - No neutral packages to import from Data Directory - C:\Users\u8064927\Downloads\OMAT_8.5.0.9_Light_20250601_x64\pinpoint-autoimport
[2025-07-23 19:49:00]  INFO [ThreadPoolTaskScheduler-7] com.flatirons.pinpoint.server.scheduled.ArchivePublicationJob:61 - Archive Job Scheduler executing...
[2025-07-23 19:49:00]  INFO [ThreadPoolTaskScheduler-3] com.flatirons.pinpoint.server.scheduled.ArchivePublicationJob:86 - DM and PP Archive status Sync...
[2025-07-23 19:49:30]  INFO [ThreadPoolTaskScheduler-1] com.flatirons.pinpoint.server.service.impl.ImportPinpointPackageServiceImpl:180 - No neutral packages to import from Data Directory - C:\Users\u8064927\Downloads\OMAT_8.5.0.9_Light_20250601_x64\pinpoint-autoimport
[2025-07-23 19:50:00]  INFO [ThreadPoolTaskScheduler-5] com.flatirons.pinpoint.server.scheduled.ArchivePublicationJob:61 - Archive Job Scheduler executing...
[2025-07-23 19:50:00]  INFO [ThreadPoolTaskScheduler-6] com.flatirons.pinpoint.server.scheduled.ArchivePublicationJob:86 - DM and PP Archive status Sync...
[2025-07-23 19:50:30]  INFO [ThreadPoolTaskScheduler-1] com.flatirons.pinpoint.server.service.impl.ImportPinpointPackageServiceImpl:180 - No neutral packages to import from Data Directory - C:\Users\u8064927\Downloads\OMAT_8.5.0.9_Light_20250601_x64\pinpoint-autoimport
[2025-07-23 19:51:00]  INFO [ThreadPoolTaskScheduler-1] com.flatirons.pinpoint.server.scheduled.ArchivePublicationJob:61 - Archive Job Scheduler executing...
[2025-07-23 19:51:00]  INFO [ThreadPoolTaskScheduler-2] com.flatirons.pinpoint.server.scheduled.ArchivePublicationJob:86 - DM and PP Archive status Sync...
[2025-07-23 19:51:30]  INFO [ThreadPoolTaskScheduler-1] com.flatirons.pinpoint.server.service.impl.ImportPinpointPackageServiceImpl:180 - No neutral packages to import from Data Directory - C:\Users\u8064927\Downloads\OMAT_8.5.0.9_Light_20250601_x64\pinpoint-autoimport
[2025-07-23 19:52:00]  INFO [ThreadPoolTaskScheduler-1] com.flatirons.pinpoint.server.scheduled.ArchivePublicationJob:61 - Archive Job Scheduler executing...
[2025-07-23 19:52:00]  INFO [ThreadPoolTaskScheduler-6] com.flatirons.pinpoint.server.scheduled.ArchivePublicationJob:86 - DM and PP Archive status Sync...
[2025-07-23 19:52:30]  INFO [ThreadPoolTaskScheduler-4] com.flatirons.pinpoint.server.service.impl.ImportPinpointPackageServiceImpl:180 - No neutral packages to import from Data Directory - C:\Users\u8064927\Downloads\OMAT_8.5.0.9_Light_20250601_x64\pinpoint-autoimport
[2025-07-23 19:53:00]  INFO [ThreadPoolTaskScheduler-3] com.flatirons.pinpoint.server.scheduled.ArchivePublicationJob:86 - DM and PP Archive status Sync...
[2025-07-23 19:53:00]  INFO [ThreadPoolTaskScheduler-9] com.flatirons.pinpoint.server.scheduled.ArchivePublicationJob:61 - Archive Job Scheduler executing...
[2025-07-23 19:53:30]  INFO [ThreadPoolTaskScheduler-8] com.flatirons.pinpoint.server.service.impl.ImportPinpointPackageServiceImpl:180 - No neutral packages to import from Data Directory - C:\Users\u8064927\Downloads\OMAT_8.5.0.9_Light_20250601_x64\pinpoint-autoimport
[2025-07-23 19:54:00]  INFO [ThreadPoolTaskScheduler-6] com.flatirons.pinpoint.server.scheduled.ArchivePublicationJob:61 - Archive Job Scheduler executing...
[2025-07-23 19:54:00]  INFO [ThreadPoolTaskScheduler-2] com.flatirons.pinpoint.server.scheduled.ArchivePublicationJob:86 - DM and PP Archive status Sync...
[2025-07-23 19:54:30]  INFO [ThreadPoolTaskScheduler-8] com.flatirons.pinpoint.server.service.impl.ImportPinpointPackageServiceImpl:180 - No neutral packages to import from Data Directory - C:\Users\u8064927\Downloads\OMAT_8.5.0.9_Light_20250601_x64\pinpoint-autoimport
[2025-07-23 19:55:00]  INFO [ThreadPoolTaskScheduler-9] com.flatirons.pinpoint.server.scheduled.ArchivePublicationJob:86 - DM and PP Archive status Sync...
[2025-07-23 19:55:00]  INFO [ThreadPoolTaskScheduler-3] com.flatirons.pinpoint.server.scheduled.ArchivePublicationJob:61 - Archive Job Scheduler executing...
[2025-07-23 19:55:30]  INFO [ThreadPoolTaskScheduler-3] com.flatirons.pinpoint.server.service.impl.ImportPinpointPackageServiceImpl:180 - No neutral packages to import from Data Directory - C:\Users\u8064927\Downloads\OMAT_8.5.0.9_Light_20250601_x64\pinpoint-autoimport
[2025-07-23 19:56:00]  INFO [ThreadPoolTaskScheduler-8] com.flatirons.pinpoint.server.scheduled.ArchivePublicationJob:86 - DM and PP Archive status Sync...
[2025-07-23 19:56:00]  INFO [ThreadPoolTaskScheduler-2] com.flatirons.pinpoint.server.scheduled.ArchivePublicationJob:61 - Archive Job Scheduler executing...
[2025-07-23 19:56:30]  INFO [ThreadPoolTaskScheduler-10] com.flatirons.pinpoint.server.service.impl.ImportPinpointPackageServiceImpl:180 - No neutral packages to import from Data Directory - C:\Users\u8064927\Downloads\OMAT_8.5.0.9_Light_20250601_x64\pinpoint-autoimport
[2025-07-23 19:57:00]  INFO [ThreadPoolTaskScheduler-7] com.flatirons.pinpoint.server.scheduled.ArchivePublicationJob:61 - Archive Job Scheduler executing...
[2025-07-23 19:57:00]  INFO [ThreadPoolTaskScheduler-9] com.flatirons.pinpoint.server.scheduled.ArchivePublicationJob:86 - DM and PP Archive status Sync...
[2025-07-23 19:57:30]  INFO [ThreadPoolTaskScheduler-9] com.flatirons.pinpoint.server.service.impl.ImportPinpointPackageServiceImpl:180 - No neutral packages to import from Data Directory - C:\Users\u8064927\Downloads\OMAT_8.5.0.9_Light_20250601_x64\pinpoint-autoimport
[2025-07-23 19:58:00]  INFO [ThreadPoolTaskScheduler-9] com.flatirons.pinpoint.server.scheduled.ArchivePublicationJob:86 - DM and PP Archive status Sync...
[2025-07-23 19:58:00]  INFO [ThreadPoolTaskScheduler-3] com.flatirons.pinpoint.server.scheduled.ArchivePublicationJob:61 - Archive Job Scheduler executing...
[2025-07-23 19:58:30]  INFO [ThreadPoolTaskScheduler-7] com.flatirons.pinpoint.server.service.impl.ImportPinpointPackageServiceImpl:180 - No neutral packages to import from Data Directory - C:\Users\u8064927\Downloads\OMAT_8.5.0.9_Light_20250601_x64\pinpoint-autoimport
[2025-07-23 19:59:00]  INFO [ThreadPoolTaskScheduler-4] com.flatirons.pinpoint.server.scheduled.ArchivePublicationJob:61 - Archive Job Scheduler executing...
[2025-07-23 19:59:00]  INFO [ThreadPoolTaskScheduler-9] com.flatirons.pinpoint.server.scheduled.ArchivePublicationJob:86 - DM and PP Archive status Sync...
[2025-07-23 19:59:30]  INFO [ThreadPoolTaskScheduler-1] com.flatirons.pinpoint.server.service.impl.ImportPinpointPackageServiceImpl:180 - No neutral packages to import from Data Directory - C:\Users\u8064927\Downloads\OMAT_8.5.0.9_Light_20250601_x64\pinpoint-autoimport
[2025-07-23 20:00:00]  INFO [ThreadPoolTaskScheduler-5] com.flatirons.pinpoint.server.scheduled.ArchivePublicationJob:61 - Archive Job Scheduler executing...
[2025-07-23 20:00:00]  INFO [ThreadPoolTaskScheduler-6] com.flatirons.pinpoint.server.scheduled.ArchivePublicationJob:86 - DM and PP Archive status Sync...
[2025-07-23 20:00:30]  INFO [ThreadPoolTaskScheduler-8] com.flatirons.pinpoint.server.service.impl.ImportPinpointPackageServiceImpl:180 - No neutral packages to import from Data Directory - C:\Users\u8064927\Downloads\OMAT_8.5.0.9_Light_20250601_x64\pinpoint-autoimport
[2025-07-23 20:01:00]  INFO [ThreadPoolTaskScheduler-2] com.flatirons.pinpoint.server.scheduled.ArchivePublicationJob:86 - DM and PP Archive status Sync...
[2025-07-23 20:01:00]  INFO [ThreadPoolTaskScheduler-8] com.flatirons.pinpoint.server.scheduled.ArchivePublicationJob:61 - Archive Job Scheduler executing...
[2025-07-23 20:01:30]  INFO [ThreadPoolTaskScheduler-7] com.flatirons.pinpoint.server.service.impl.ImportPinpointPackageServiceImpl:180 - No neutral packages to import from Data Directory - C:\Users\u8064927\Downloads\OMAT_8.5.0.9_Light_20250601_x64\pinpoint-autoimport
[2025-07-23 20:02:00]  INFO [ThreadPoolTaskScheduler-1] com.flatirons.pinpoint.server.scheduled.ArchivePublicationJob:61 - Archive Job Scheduler executing...
[2025-07-23 20:02:00]  INFO [ThreadPoolTaskScheduler-8] com.flatirons.pinpoint.server.scheduled.ArchivePublicationJob:86 - DM and PP Archive status Sync...
[2025-07-23 20:02:30]  INFO [ThreadPoolTaskScheduler-8] com.flatirons.pinpoint.server.service.impl.ImportPinpointPackageServiceImpl:180 - No neutral packages to import from Data Directory - C:\Users\u8064927\Downloads\OMAT_8.5.0.9_Light_20250601_x64\pinpoint-autoimport
[2025-07-23 20:03:00]  INFO [ThreadPoolTaskScheduler-9] com.flatirons.pinpoint.server.scheduled.ArchivePublicationJob:86 - DM and PP Archive status Sync...
[2025-07-23 20:03:00]  INFO [ThreadPoolTaskScheduler-10] com.flatirons.pinpoint.server.scheduled.ArchivePublicationJob:61 - Archive Job Scheduler executing...
[2025-07-23 20:03:30]  INFO [ThreadPoolTaskScheduler-6] com.flatirons.pinpoint.server.service.impl.ImportPinpointPackageServiceImpl:180 - No neutral packages to import from Data Directory - C:\Users\u8064927\Downloads\OMAT_8.5.0.9_Light_20250601_x64\pinpoint-autoimport
[2025-07-23 20:04:00]  INFO [ThreadPoolTaskScheduler-7] com.flatirons.pinpoint.server.scheduled.ArchivePublicationJob:61 - Archive Job Scheduler executing...
[2025-07-23 20:04:00]  INFO [ThreadPoolTaskScheduler-4] com.flatirons.pinpoint.server.scheduled.ArchivePublicationJob:86 - DM and PP Archive status Sync...
[2025-07-23 20:04:30]  INFO [ThreadPoolTaskScheduler-4] com.flatirons.pinpoint.server.service.impl.ImportPinpointPackageServiceImpl:180 - No neutral packages to import from Data Directory - C:\Users\u8064927\Downloads\OMAT_8.5.0.9_Light_20250601_x64\pinpoint-autoimport
[2025-07-23 20:05:00]  INFO [ThreadPoolTaskScheduler-6] com.flatirons.pinpoint.server.scheduled.ArchivePublicationJob:61 - Archive Job Scheduler executing...
[2025-07-23 20:05:00]  INFO [ThreadPoolTaskScheduler-9] com.flatirons.pinpoint.server.scheduled.ArchivePublicationJob:86 - DM and PP Archive status Sync...
[2025-07-23 20:05:30]  INFO [ThreadPoolTaskScheduler-10] com.flatirons.pinpoint.server.service.impl.ImportPinpointPackageServiceImpl:180 - No neutral packages to import from Data Directory - C:\Users\u8064927\Downloads\OMAT_8.5.0.9_Light_20250601_x64\pinpoint-autoimport
[2025-07-23 20:06:00]  INFO [ThreadPoolTaskScheduler-6] com.flatirons.pinpoint.server.scheduled.ArchivePublicationJob:61 - Archive Job Scheduler executing...
[2025-07-23 20:06:00]  INFO [ThreadPoolTaskScheduler-7] com.flatirons.pinpoint.server.scheduled.ArchivePublicationJob:86 - DM and PP Archive status Sync...
[2025-07-23 20:06:30]  INFO [ThreadPoolTaskScheduler-5] com.flatirons.pinpoint.server.service.impl.ImportPinpointPackageServiceImpl:180 - No neutral packages to import from Data Directory - C:\Users\u8064927\Downloads\OMAT_8.5.0.9_Light_20250601_x64\pinpoint-autoimport
[2025-07-23 20:07:00]  INFO [ThreadPoolTaskScheduler-7] com.flatirons.pinpoint.server.scheduled.ArchivePublicationJob:61 - Archive Job Scheduler executing...
[2025-07-23 20:07:00]  INFO [ThreadPoolTaskScheduler-8] com.flatirons.pinpoint.server.scheduled.ArchivePublicationJob:86 - DM and PP Archive status Sync...
[2025-07-23 20:07:30]  INFO [ThreadPoolTaskScheduler-8] com.flatirons.pinpoint.server.service.impl.ImportPinpointPackageServiceImpl:180 - No neutral packages to import from Data Directory - C:\Users\u8064927\Downloads\OMAT_8.5.0.9_Light_20250601_x64\pinpoint-autoimport
[2025-07-23 20:08:00]  INFO [ThreadPoolTaskScheduler-6] com.flatirons.pinpoint.server.scheduled.ArchivePublicationJob:86 - DM and PP Archive status Sync...
[2025-07-23 20:08:00]  INFO [ThreadPoolTaskScheduler-9] com.flatirons.pinpoint.server.scheduled.ArchivePublicationJob:61 - Archive Job Scheduler executing...
[2025-07-23 20:08:30]  INFO [ThreadPoolTaskScheduler-6] com.flatirons.pinpoint.server.service.impl.ImportPinpointPackageServiceImpl:180 - No neutral packages to import from Data Directory - C:\Users\u8064927\Downloads\OMAT_8.5.0.9_Light_20250601_x64\pinpoint-autoimport
[2025-07-23 20:09:00]  INFO [ThreadPoolTaskScheduler-6] com.flatirons.pinpoint.server.scheduled.ArchivePublicationJob:86 - DM and PP Archive status Sync...
[2025-07-23 20:09:00]  INFO [ThreadPoolTaskScheduler-3] com.flatirons.pinpoint.server.scheduled.ArchivePublicationJob:61 - Archive Job Scheduler executing...
[2025-07-23 20:09:30]  INFO [ThreadPoolTaskScheduler-8] com.flatirons.pinpoint.server.service.impl.ImportPinpointPackageServiceImpl:180 - No neutral packages to import from Data Directory - C:\Users\u8064927\Downloads\OMAT_8.5.0.9_Light_20250601_x64\pinpoint-autoimport
[2025-07-23 20:10:00]  INFO [ThreadPoolTaskScheduler-4] com.flatirons.pinpoint.server.scheduled.ArchivePublicationJob:61 - Archive Job Scheduler executing...
[2025-07-23 20:10:00]  INFO [ThreadPoolTaskScheduler-1] com.flatirons.pinpoint.server.scheduled.ArchivePublicationJob:86 - DM and PP Archive status Sync...
[2025-07-23 20:10:30]  INFO [ThreadPoolTaskScheduler-1] com.flatirons.pinpoint.server.service.impl.ImportPinpointPackageServiceImpl:180 - No neutral packages to import from Data Directory - C:\Users\u8064927\Downloads\OMAT_8.5.0.9_Light_20250601_x64\pinpoint-autoimport
[2025-07-23 20:11:00]  INFO [ThreadPoolTaskScheduler-9] com.flatirons.pinpoint.server.scheduled.ArchivePublicationJob:61 - Archive Job Scheduler executing...
[2025-07-23 20:11:00]  INFO [ThreadPoolTaskScheduler-4] com.flatirons.pinpoint.server.scheduled.ArchivePublicationJob:86 - DM and PP Archive status Sync...
[2025-07-23 20:11:30]  INFO [ThreadPoolTaskScheduler-8] com.flatirons.pinpoint.server.service.impl.ImportPinpointPackageServiceImpl:180 - No neutral packages to import from Data Directory - C:\Users\u8064927\Downloads\OMAT_8.5.0.9_Light_20250601_x64\pinpoint-autoimport
[2025-07-23 20:12:00]  INFO [ThreadPoolTaskScheduler-10] com.flatirons.pinpoint.server.scheduled.ArchivePublicationJob:61 - Archive Job Scheduler executing...
[2025-07-23 20:12:00]  INFO [ThreadPoolTaskScheduler-3] com.flatirons.pinpoint.server.scheduled.ArchivePublicationJob:86 - DM and PP Archive status Sync...
[2025-07-23 20:12:30]  INFO [ThreadPoolTaskScheduler-7] com.flatirons.pinpoint.server.service.impl.ImportPinpointPackageServiceImpl:180 - No neutral packages to import from Data Directory - C:\Users\u8064927\Downloads\OMAT_8.5.0.9_Light_20250601_x64\pinpoint-autoimport
[2025-07-23 20:13:00]  INFO [ThreadPoolTaskScheduler-7] com.flatirons.pinpoint.server.scheduled.ArchivePublicationJob:86 - DM and PP Archive status Sync...
[2025-07-23 20:13:00]  INFO [ThreadPoolTaskScheduler-1] com.flatirons.pinpoint.server.scheduled.ArchivePublicationJob:61 - Archive Job Scheduler executing...
[2025-07-23 20:13:30]  INFO [ThreadPoolTaskScheduler-4] com.flatirons.pinpoint.server.service.impl.ImportPinpointPackageServiceImpl:180 - No neutral packages to import from Data Directory - C:\Users\u8064927\Downloads\OMAT_8.5.0.9_Light_20250601_x64\pinpoint-autoimport
[2025-07-23 20:14:00]  INFO [ThreadPoolTaskScheduler-6] com.flatirons.pinpoint.server.scheduled.ArchivePublicationJob:61 - Archive Job Scheduler executing...
[2025-07-23 20:14:00]  INFO [ThreadPoolTaskScheduler-5] com.flatirons.pinpoint.server.scheduled.ArchivePublicationJob:86 - DM and PP Archive status Sync...
[2025-07-23 20:14:30]  INFO [ThreadPoolTaskScheduler-8] com.flatirons.pinpoint.server.service.impl.ImportPinpointPackageServiceImpl:180 - No neutral packages to import from Data Directory - C:\Users\u8064927\Downloads\OMAT_8.5.0.9_Light_20250601_x64\pinpoint-autoimport
[2025-07-23 20:15:00]  INFO [ThreadPoolTaskScheduler-2] com.flatirons.pinpoint.server.scheduled.ArchivePublicationJob:86 - DM and PP Archive status Sync...
[2025-07-23 20:15:00]  INFO [ThreadPoolTaskScheduler-1] com.flatirons.pinpoint.server.scheduled.ArchivePublicationJob:61 - Archive Job Scheduler executing...
[2025-07-23 20:15:30]  INFO [ThreadPoolTaskScheduler-2] com.flatirons.pinpoint.server.service.impl.ImportPinpointPackageServiceImpl:180 - No neutral packages to import from Data Directory - C:\Users\u8064927\Downloads\OMAT_8.5.0.9_Light_20250601_x64\pinpoint-autoimport
[2025-07-23 20:16:00]  INFO [ThreadPoolTaskScheduler-5] com.flatirons.pinpoint.server.scheduled.ArchivePublicationJob:86 - DM and PP Archive status Sync...
[2025-07-23 20:16:00]  INFO [ThreadPoolTaskScheduler-7] com.flatirons.pinpoint.server.scheduled.ArchivePublicationJob:61 - Archive Job Scheduler executing...
[2025-07-23 20:16:30]  INFO [ThreadPoolTaskScheduler-5] com.flatirons.pinpoint.server.service.impl.ImportPinpointPackageServiceImpl:180 - No neutral packages to import from Data Directory - C:\Users\u8064927\Downloads\OMAT_8.5.0.9_Light_20250601_x64\pinpoint-autoimport
[2025-07-23 20:17:00]  INFO [ThreadPoolTaskScheduler-1] com.flatirons.pinpoint.server.scheduled.ArchivePublicationJob:86 - DM and PP Archive status Sync...
[2025-07-23 20:17:00]  INFO [ThreadPoolTaskScheduler-8] com.flatirons.pinpoint.server.scheduled.ArchivePublicationJob:61 - Archive Job Scheduler executing...
[2025-07-23 20:17:30]  INFO [ThreadPoolTaskScheduler-5] com.flatirons.pinpoint.server.service.impl.ImportPinpointPackageServiceImpl:180 - No neutral packages to import from Data Directory - C:\Users\u8064927\Downloads\OMAT_8.5.0.9_Light_20250601_x64\pinpoint-autoimport
[2025-07-23 20:18:00]  INFO [ThreadPoolTaskScheduler-4] com.flatirons.pinpoint.server.scheduled.ArchivePublicationJob:61 - Archive Job Scheduler executing...
[2025-07-23 20:18:00]  INFO [ThreadPoolTaskScheduler-9] com.flatirons.pinpoint.server.scheduled.ArchivePublicationJob:86 - DM and PP Archive status Sync...
[2025-07-23 20:18:30]  INFO [ThreadPoolTaskScheduler-6] com.flatirons.pinpoint.server.service.impl.ImportPinpointPackageServiceImpl:180 - No neutral packages to import from Data Directory - C:\Users\u8064927\Downloads\OMAT_8.5.0.9_Light_20250601_x64\pinpoint-autoimport
[2025-07-23 20:19:00]  INFO [ThreadPoolTaskScheduler-8] com.flatirons.pinpoint.server.scheduled.ArchivePublicationJob:61 - Archive Job Scheduler executing...
[2025-07-23 20:19:00]  INFO [ThreadPoolTaskScheduler-2] com.flatirons.pinpoint.server.scheduled.ArchivePublicationJob:86 - DM and PP Archive status Sync...
[2025-07-23 20:19:30]  INFO [ThreadPoolTaskScheduler-1] com.flatirons.pinpoint.server.service.impl.ImportPinpointPackageServiceImpl:180 - No neutral packages to import from Data Directory - C:\Users\u8064927\Downloads\OMAT_8.5.0.9_Light_20250601_x64\pinpoint-autoimport
[2025-07-23 20:20:00]  INFO [ThreadPoolTaskScheduler-2] com.flatirons.pinpoint.server.scheduled.ArchivePublicationJob:86 - DM and PP Archive status Sync...
[2025-07-23 20:20:00]  INFO [ThreadPoolTaskScheduler-8] com.flatirons.pinpoint.server.scheduled.ArchivePublicationJob:61 - Archive Job Scheduler executing...
[2025-07-23 20:20:30]  INFO [ThreadPoolTaskScheduler-1] com.flatirons.pinpoint.server.service.impl.ImportPinpointPackageServiceImpl:180 - No neutral packages to import from Data Directory - C:\Users\u8064927\Downloads\OMAT_8.5.0.9_Light_20250601_x64\pinpoint-autoimport
[2025-07-23 20:21:00]  INFO [ThreadPoolTaskScheduler-3] com.flatirons.pinpoint.server.scheduled.ArchivePublicationJob:86 - DM and PP Archive status Sync...
[2025-07-23 20:21:00]  INFO [ThreadPoolTaskScheduler-2] com.flatirons.pinpoint.server.scheduled.ArchivePublicationJob:61 - Archive Job Scheduler executing...
[2025-07-23 20:21:30]  INFO [ThreadPoolTaskScheduler-6] com.flatirons.pinpoint.server.service.impl.ImportPinpointPackageServiceImpl:180 - No neutral packages to import from Data Directory - C:\Users\u8064927\Downloads\OMAT_8.5.0.9_Light_20250601_x64\pinpoint-autoimport
[2025-07-23 20:22:00]  INFO [ThreadPoolTaskScheduler-5] com.flatirons.pinpoint.server.scheduled.ArchivePublicationJob:61 - Archive Job Scheduler executing...
[2025-07-23 20:22:00]  INFO [ThreadPoolTaskScheduler-10] com.flatirons.pinpoint.server.scheduled.ArchivePublicationJob:86 - DM and PP Archive status Sync...
[2025-07-23 20:22:30]  INFO [ThreadPoolTaskScheduler-10] com.flatirons.pinpoint.server.service.impl.ImportPinpointPackageServiceImpl:180 - No neutral packages to import from Data Directory - C:\Users\u8064927\Downloads\OMAT_8.5.0.9_Light_20250601_x64\pinpoint-autoimport
[2025-07-23 20:23:00]  INFO [ThreadPoolTaskScheduler-10] com.flatirons.pinpoint.server.scheduled.ArchivePublicationJob:61 - Archive Job Scheduler executing...
[2025-07-23 20:23:00]  INFO [ThreadPoolTaskScheduler-1] com.flatirons.pinpoint.server.scheduled.ArchivePublicationJob:86 - DM and PP Archive status Sync...
[2025-07-23 20:23:30]  INFO [ThreadPoolTaskScheduler-7] com.flatirons.pinpoint.server.service.impl.ImportPinpointPackageServiceImpl:180 - No neutral packages to import from Data Directory - C:\Users\u8064927\Downloads\OMAT_8.5.0.9_Light_20250601_x64\pinpoint-autoimport
[2025-07-23 20:24:00]  INFO [ThreadPoolTaskScheduler-7] com.flatirons.pinpoint.server.scheduled.ArchivePublicationJob:86 - DM and PP Archive status Sync...
[2025-07-23 20:24:00]  INFO [ThreadPoolTaskScheduler-6] com.flatirons.pinpoint.server.scheduled.ArchivePublicationJob:61 - Archive Job Scheduler executing...
[2025-07-23 20:24:30]  INFO [ThreadPoolTaskScheduler-3] com.flatirons.pinpoint.server.service.impl.ImportPinpointPackageServiceImpl:180 - No neutral packages to import from Data Directory - C:\Users\u8064927\Downloads\OMAT_8.5.0.9_Light_20250601_x64\pinpoint-autoimport
[2025-07-23 20:25:00]  INFO [ThreadPoolTaskScheduler-10] com.flatirons.pinpoint.server.scheduled.ArchivePublicationJob:61 - Archive Job Scheduler executing...
[2025-07-23 20:25:00]  INFO [ThreadPoolTaskScheduler-5] com.flatirons.pinpoint.server.scheduled.ArchivePublicationJob:86 - DM and PP Archive status Sync...
[2025-07-23 20:25:30]  INFO [ThreadPoolTaskScheduler-4] com.flatirons.pinpoint.server.service.impl.ImportPinpointPackageServiceImpl:180 - No neutral packages to import from Data Directory - C:\Users\u8064927\Downloads\OMAT_8.5.0.9_Light_20250601_x64\pinpoint-autoimport
[2025-07-23 20:26:00]  INFO [ThreadPoolTaskScheduler-6] com.flatirons.pinpoint.server.scheduled.ArchivePublicationJob:86 - DM and PP Archive status Sync...
[2025-07-23 20:26:00]  INFO [ThreadPoolTaskScheduler-4] com.flatirons.pinpoint.server.scheduled.ArchivePublicationJob:61 - Archive Job Scheduler executing...
[2025-07-23 20:26:30]  INFO [ThreadPoolTaskScheduler-10] com.flatirons.pinpoint.server.service.impl.ImportPinpointPackageServiceImpl:180 - No neutral packages to import from Data Directory - C:\Users\u8064927\Downloads\OMAT_8.5.0.9_Light_20250601_x64\pinpoint-autoimport
[2025-07-23 20:27:00]  INFO [ThreadPoolTaskScheduler-7] com.flatirons.pinpoint.server.scheduled.ArchivePublicationJob:61 - Archive Job Scheduler executing...
[2025-07-23 20:27:00]  INFO [ThreadPoolTaskScheduler-10] com.flatirons.pinpoint.server.scheduled.ArchivePublicationJob:86 - DM and PP Archive status Sync...
[2025-07-23 20:27:30]  INFO [ThreadPoolTaskScheduler-2] com.flatirons.pinpoint.server.service.impl.ImportPinpointPackageServiceImpl:180 - No neutral packages to import from Data Directory - C:\Users\u8064927\Downloads\OMAT_8.5.0.9_Light_20250601_x64\pinpoint-autoimport
[2025-07-23 20:28:00]  INFO [ThreadPoolTaskScheduler-6] com.flatirons.pinpoint.server.scheduled.ArchivePublicationJob:86 - DM and PP Archive status Sync...
[2025-07-23 20:28:00]  INFO [ThreadPoolTaskScheduler-4] com.flatirons.pinpoint.server.scheduled.ArchivePublicationJob:61 - Archive Job Scheduler executing...
[2025-07-23 20:28:30]  INFO [ThreadPoolTaskScheduler-6] com.flatirons.pinpoint.server.service.impl.ImportPinpointPackageServiceImpl:180 - No neutral packages to import from Data Directory - C:\Users\u8064927\Downloads\OMAT_8.5.0.9_Light_20250601_x64\pinpoint-autoimport
[2025-07-23 20:29:00]  INFO [ThreadPoolTaskScheduler-7] com.flatirons.pinpoint.server.scheduled.ArchivePublicationJob:61 - Archive Job Scheduler executing...
[2025-07-23 20:29:00]  INFO [ThreadPoolTaskScheduler-4] com.flatirons.pinpoint.server.scheduled.ArchivePublicationJob:86 - DM and PP Archive status Sync...
[2025-07-23 20:29:30]  INFO [ThreadPoolTaskScheduler-1] com.flatirons.pinpoint.server.service.impl.ImportPinpointPackageServiceImpl:180 - No neutral packages to import from Data Directory - C:\Users\u8064927\Downloads\OMAT_8.5.0.9_Light_20250601_x64\pinpoint-autoimport
[2025-07-23 20:30:00]  INFO [ThreadPoolTaskScheduler-6] com.flatirons.pinpoint.server.scheduled.ArchivePublicationJob:61 - Archive Job Scheduler executing...
[2025-07-23 20:30:00]  INFO [ThreadPoolTaskScheduler-4] com.flatirons.pinpoint.server.scheduled.ArchivePublicationJob:86 - DM and PP Archive status Sync...
[2025-07-23 20:30:30]  INFO [ThreadPoolTaskScheduler-9] com.flatirons.pinpoint.server.service.impl.ImportPinpointPackageServiceImpl:180 - No neutral packages to import from Data Directory - C:\Users\u8064927\Downloads\OMAT_8.5.0.9_Light_20250601_x64\pinpoint-autoimport
[2025-07-23 20:31:00]  INFO [ThreadPoolTaskScheduler-6] com.flatirons.pinpoint.server.scheduled.ArchivePublicationJob:61 - Archive Job Scheduler executing...
[2025-07-23 20:31:00]  INFO [ThreadPoolTaskScheduler-2] com.flatirons.pinpoint.server.scheduled.ArchivePublicationJob:86 - DM and PP Archive status Sync...
[2025-07-23 22:10:51]  INFO [ThreadPoolTaskScheduler-8] com.flatirons.pinpoint.server.service.impl.ImportPinpointPackageServiceImpl:180 - No neutral packages to import from Data Directory - C:\Users\u8064927\Downloads\OMAT_8.5.0.9_Light_20250601_x64\pinpoint-autoimport
[2025-07-23 22:10:51]  INFO [ThreadPoolTaskScheduler-9] com.flatirons.pinpoint.server.scheduled.ArchivePublicationJob:86 - DM and PP Archive status Sync...
[2025-07-23 22:10:51]  INFO [ThreadPoolTaskScheduler-6] com.flatirons.pinpoint.server.scheduled.ArchivePublicationJob:61 - Archive Job Scheduler executing...
[2025-07-23 22:11:00]  INFO [ThreadPoolTaskScheduler-6] com.flatirons.pinpoint.server.scheduled.ArchivePublicationJob:61 - Archive Job Scheduler executing...
[2025-07-23 22:11:00]  INFO [ThreadPoolTaskScheduler-2] com.flatirons.pinpoint.server.scheduled.ArchivePublicationJob:86 - DM and PP Archive status Sync...
[2025-07-23 22:11:30]  INFO [ThreadPoolTaskScheduler-3] com.flatirons.pinpoint.server.service.impl.ImportPinpointPackageServiceImpl:180 - No neutral packages to import from Data Directory - C:\Users\u8064927\Downloads\OMAT_8.5.0.9_Light_20250601_x64\pinpoint-autoimport
[2025-07-23 22:12:00]  INFO [ThreadPoolTaskScheduler-4] com.flatirons.pinpoint.server.scheduled.ArchivePublicationJob:86 - DM and PP Archive status Sync...
[2025-07-23 22:12:00]  INFO [ThreadPoolTaskScheduler-10] com.flatirons.pinpoint.server.scheduled.ArchivePublicationJob:61 - Archive Job Scheduler executing...
[2025-07-23 22:12:30]  INFO [ThreadPoolTaskScheduler-8] com.flatirons.pinpoint.server.service.impl.ImportPinpointPackageServiceImpl:180 - No neutral packages to import from Data Directory - C:\Users\u8064927\Downloads\OMAT_8.5.0.9_Light_20250601_x64\pinpoint-autoimport
[2025-07-23 22:13:00]  INFO [ThreadPoolTaskScheduler-2] com.flatirons.pinpoint.server.scheduled.ArchivePublicationJob:86 - DM and PP Archive status Sync...
[2025-07-23 22:13:00]  INFO [ThreadPoolTaskScheduler-4] com.flatirons.pinpoint.server.scheduled.ArchivePublicationJob:61 - Archive Job Scheduler executing...
[2025-07-23 22:13:30]  INFO [ThreadPoolTaskScheduler-6] com.flatirons.pinpoint.server.service.impl.ImportPinpointPackageServiceImpl:180 - No neutral packages to import from Data Directory - C:\Users\u8064927\Downloads\OMAT_8.5.0.9_Light_20250601_x64\pinpoint-autoimport
[2025-07-23 22:14:00]  INFO [ThreadPoolTaskScheduler-4] com.flatirons.pinpoint.server.scheduled.ArchivePublicationJob:86 - DM and PP Archive status Sync...
[2025-07-23 22:14:00]  INFO [ThreadPoolTaskScheduler-1] com.flatirons.pinpoint.server.scheduled.ArchivePublicationJob:61 - Archive Job Scheduler executing...
[2025-07-23 22:14:30]  INFO [ThreadPoolTaskScheduler-8] com.flatirons.pinpoint.server.service.impl.ImportPinpointPackageServiceImpl:180 - No neutral packages to import from Data Directory - C:\Users\u8064927\Downloads\OMAT_8.5.0.9_Light_20250601_x64\pinpoint-autoimport
[2025-07-23 22:15:00]  INFO [ThreadPoolTaskScheduler-4] com.flatirons.pinpoint.server.scheduled.ArchivePublicationJob:61 - Archive Job Scheduler executing...
[2025-07-23 22:15:00]  INFO [ThreadPoolTaskScheduler-3] com.flatirons.pinpoint.server.scheduled.ArchivePublicationJob:86 - DM and PP Archive status Sync...
