[2025-07-23 16:11:36] ERROR [Thread-57] com.flatirons.pinpoint.server.access.impl.AcmServerTalk:113 - Error process http request
com.google.api.client.http.HttpResponseException: 403
<html><body><h1>Whitelabel Error Page</h1><p>This application has no explicit mapping for /error, so you are seeing this as a fallback.</p><div id='created'>Wed Jul 23 16:11:36 CEST 2025</div><div>There was an unexpected error (type=Forbidden, status=403).</div></body></html>
	at com.google.api.client.http.HttpRequest.execute(HttpRequest.java:1061)
	at com.flatirons.pinpoint.server.access.ServerTalk.executeHttpRequest(ServerTalk.java:128)
	at com.flatirons.pinpoint.server.access.impl.AcmServerTalk.doPost(AcmServerTalk.java:107)
	at com.flatirons.pinpoint.server.listener.CreateResourcesRunnable.postResources(CreateResourcesRunnable.java:45)
	at com.flatirons.pinpoint.server.listener.CreateResourcesRunnable.run(CreateResourcesRunnable.java:25)
	at java.base/java.lang.Thread.run(Unknown Source)
[2025-07-23 16:11:41] ERROR [Thread-57] com.flatirons.pinpoint.server.access.impl.AcmServerTalk:113 - Error process http request
com.google.api.client.http.HttpResponseException: 403
<html><body><h1>Whitelabel Error Page</h1><p>This application has no explicit mapping for /error, so you are seeing this as a fallback.</p><div id='created'>Wed Jul 23 16:11:41 CEST 2025</div><div>There was an unexpected error (type=Forbidden, status=403).</div></body></html>
	at com.google.api.client.http.HttpRequest.execute(HttpRequest.java:1061)
	at com.flatirons.pinpoint.server.access.ServerTalk.executeHttpRequest(ServerTalk.java:128)
	at com.flatirons.pinpoint.server.access.impl.AcmServerTalk.doPost(AcmServerTalk.java:107)
	at com.flatirons.pinpoint.server.listener.CreateResourcesRunnable.postResources(CreateResourcesRunnable.java:45)
	at com.flatirons.pinpoint.server.listener.CreateResourcesRunnable.run(CreateResourcesRunnable.java:25)
	at java.base/java.lang.Thread.run(Unknown Source)
[2025-07-23 16:11:47] ERROR [Thread-57] com.flatirons.pinpoint.server.access.impl.AcmServerTalk:113 - Error process http request
com.google.api.client.http.HttpResponseException: 403
<html><body><h1>Whitelabel Error Page</h1><p>This application has no explicit mapping for /error, so you are seeing this as a fallback.</p><div id='created'>Wed Jul 23 16:11:47 CEST 2025</div><div>There was an unexpected error (type=Forbidden, status=403).</div></body></html>
	at com.google.api.client.http.HttpRequest.execute(HttpRequest.java:1061)
	at com.flatirons.pinpoint.server.access.ServerTalk.executeHttpRequest(ServerTalk.java:128)
	at com.flatirons.pinpoint.server.access.impl.AcmServerTalk.doPost(AcmServerTalk.java:107)
	at com.flatirons.pinpoint.server.listener.CreateResourcesRunnable.postResources(CreateResourcesRunnable.java:45)
	at com.flatirons.pinpoint.server.listener.CreateResourcesRunnable.run(CreateResourcesRunnable.java:25)
	at java.base/java.lang.Thread.run(Unknown Source)
[2025-07-23 16:11:52] ERROR [Thread-57] com.flatirons.pinpoint.server.access.impl.AcmServerTalk:113 - Error process http request
com.google.api.client.http.HttpResponseException: 403
<html><body><h1>Whitelabel Error Page</h1><p>This application has no explicit mapping for /error, so you are seeing this as a fallback.</p><div id='created'>Wed Jul 23 16:11:52 CEST 2025</div><div>There was an unexpected error (type=Forbidden, status=403).</div></body></html>
	at com.google.api.client.http.HttpRequest.execute(HttpRequest.java:1061)
	at com.flatirons.pinpoint.server.access.ServerTalk.executeHttpRequest(ServerTalk.java:128)
	at com.flatirons.pinpoint.server.access.impl.AcmServerTalk.doPost(AcmServerTalk.java:107)
	at com.flatirons.pinpoint.server.listener.CreateResourcesRunnable.postResources(CreateResourcesRunnable.java:45)
	at com.flatirons.pinpoint.server.listener.CreateResourcesRunnable.run(CreateResourcesRunnable.java:25)
	at java.base/java.lang.Thread.run(Unknown Source)
[2025-07-23 16:11:57] ERROR [Thread-57] com.flatirons.pinpoint.server.access.impl.AcmServerTalk:113 - Error process http request
com.google.api.client.http.HttpResponseException: 403
<html><body><h1>Whitelabel Error Page</h1><p>This application has no explicit mapping for /error, so you are seeing this as a fallback.</p><div id='created'>Wed Jul 23 16:11:57 CEST 2025</div><div>There was an unexpected error (type=Forbidden, status=403).</div></body></html>
	at com.google.api.client.http.HttpRequest.execute(HttpRequest.java:1061)
	at com.flatirons.pinpoint.server.access.ServerTalk.executeHttpRequest(ServerTalk.java:128)
	at com.flatirons.pinpoint.server.access.impl.AcmServerTalk.doPost(AcmServerTalk.java:107)
	at com.flatirons.pinpoint.server.listener.CreateResourcesRunnable.postResources(CreateResourcesRunnable.java:45)
	at com.flatirons.pinpoint.server.listener.CreateResourcesRunnable.run(CreateResourcesRunnable.java:25)
	at java.base/java.lang.Thread.run(Unknown Source)
[2025-07-23 16:12:00]  INFO [http-nio-8085-exec-8] com.flatirons.pinpoint.server.access.impl.AcmServerTalk:91 - PUT http://localhost:8086/acmserver/api/auth/privileges.return status 200
[2025-07-23 16:12:00]  INFO [http-nio-8085-exec-5] com.flatirons.pinpoint.server.access.impl.AcmServerTalk:91 - PUT http://localhost:8086/acmserver/api/auth/privileges.return status 200
[2025-07-23 16:12:00]  INFO [http-nio-8085-exec-9] com.flatirons.pinpoint.server.access.impl.AcmServerTalk:91 - PUT http://localhost:8086/acmserver/api/auth/privileges.return status 200
[2025-07-23 16:12:00]  INFO [http-nio-8085-exec-10] com.flatirons.pinpoint.server.access.impl.AcmServerTalk:91 - PUT http://localhost:8086/acmserver/api/auth/privileges.return status 200
[2025-07-23 16:12:00]  INFO [http-nio-8085-exec-6] com.flatirons.pinpoint.server.access.impl.AcmServerTalk:91 - PUT http://localhost:8086/acmserver/api/auth/privileges.return status 200
[2025-07-23 16:12:00]  INFO [http-nio-8085-exec-5] com.flatirons.pinpoint.server.access.impl.AcmServerTalk:73 - Get http://localhost:8086/acmserver/api/users/Guest.return status 200
[2025-07-23 16:12:00]  INFO [http-nio-8085-exec-10] com.flatirons.pinpoint.server.access.impl.AcmServerTalk:73 - Get http://localhost:8086/acmserver/api/organizations/SYS.return status 200
[2025-07-23 16:12:00]  INFO [http-nio-8085-exec-8] com.flatirons.pinpoint.server.access.impl.AcmServerTalk:91 - PUT http://localhost:8086/acmserver/api/auth/privileges.return status 200
[2025-07-23 16:12:01]  INFO [http-nio-8085-exec-5] com.flatirons.pinpoint.server.access.impl.AcmServerTalk:73 - Get http://localhost:8086/acmserver/api/usergroups/1.return status 200
[2025-07-23 16:12:01]  INFO [http-nio-8085-exec-5] com.flatirons.pinpoint.server.access.impl.AcmServerTalk:73 - Get http://localhost:8086/acmserver/api/usergroups/3.return status 200
[2025-07-23 16:12:02]  INFO [http-nio-8085-exec-7] com.flatirons.pinpoint.server.access.impl.AcmServerTalk:91 - PUT http://localhost:8086/acmserver/api/auth/privileges.return status 200
[2025-07-23 16:12:02]  INFO [http-nio-8085-exec-7] com.flatirons.pinpoint.server.access.impl.AcmServerTalk:73 - Get http://localhost:8086/acmserver/api/users/Guest.return status 200
[2025-07-23 16:12:02]  INFO [http-nio-8085-exec-6] com.flatirons.pinpoint.server.access.impl.AcmServerTalk:91 - PUT http://localhost:8086/acmserver/api/auth/privileges.return status 200
[2025-07-23 16:12:02]  INFO [http-nio-8085-exec-7] com.flatirons.pinpoint.server.access.impl.AcmServerTalk:73 - Get http://localhost:8086/acmserver/api/usergroups?ncage=SYS&groupType=organization.return status 200
[2025-07-23 16:12:02] ERROR [Thread-57] com.flatirons.pinpoint.server.access.impl.AcmServerTalk:113 - Error process http request
com.google.api.client.http.HttpResponseException: 403
<html><body><h1>Whitelabel Error Page</h1><p>This application has no explicit mapping for /error, so you are seeing this as a fallback.</p><div id='created'>Wed Jul 23 16:12:02 CEST 2025</div><div>There was an unexpected error (type=Forbidden, status=403).</div></body></html>
	at com.google.api.client.http.HttpRequest.execute(HttpRequest.java:1061)
	at com.flatirons.pinpoint.server.access.ServerTalk.executeHttpRequest(ServerTalk.java:128)
	at com.flatirons.pinpoint.server.access.impl.AcmServerTalk.doPost(AcmServerTalk.java:107)
	at com.flatirons.pinpoint.server.listener.CreateResourcesRunnable.postResources(CreateResourcesRunnable.java:45)
	at com.flatirons.pinpoint.server.listener.CreateResourcesRunnable.run(CreateResourcesRunnable.java:25)
	at java.base/java.lang.Thread.run(Unknown Source)
[2025-07-23 16:12:02]  INFO [http-nio-8085-exec-2] com.flatirons.pinpoint.server.access.impl.AcmServerTalk:91 - PUT http://localhost:8086/acmserver/api/auth/privileges.return status 200
[2025-07-23 16:12:03]  INFO [http-nio-8085-exec-8] com.flatirons.pinpoint.server.access.impl.AcmServerTalk:91 - PUT http://localhost:8086/acmserver/api/auth/privileges.return status 200
[2025-07-23 16:12:03]  INFO [http-nio-8085-exec-4] com.flatirons.pinpoint.server.access.impl.AcmServerTalk:91 - PUT http://localhost:8086/acmserver/api/auth/privileges.return status 200
[2025-07-23 16:12:03]  INFO [http-nio-8085-exec-4] com.flatirons.pinpoint.server.access.impl.AcmServerTalk:91 - PUT http://localhost:8086/acmserver/api/auth/privileges.return status 200
[2025-07-23 16:12:03]  INFO [http-nio-8085-exec-4] com.flatirons.pinpoint.server.access.impl.AcmServerTalk:91 - PUT http://localhost:8086/acmserver/api/auth/privileges.return status 200
[2025-07-23 16:12:03]  INFO [http-nio-8085-exec-4] com.flatirons.pinpoint.server.access.impl.AcmServerTalk:91 - PUT http://localhost:8086/acmserver/api/auth/privileges.return status 200
[2025-07-23 16:12:03]  INFO [http-nio-8085-exec-4] com.flatirons.pinpoint.server.access.impl.AcmServerTalk:91 - PUT http://localhost:8086/acmserver/api/auth/privileges.return status 200
[2025-07-23 16:12:03]  INFO [http-nio-8085-exec-4] com.flatirons.pinpoint.server.access.impl.AcmServerTalk:91 - PUT http://localhost:8086/acmserver/api/auth/privileges.return status 200
[2025-07-23 16:12:03]  INFO [http-nio-8085-exec-3] com.flatirons.pinpoint.server.access.impl.AcmServerTalk:91 - PUT http://localhost:8086/acmserver/api/auth/privileges.return status 200
[2025-07-23 16:12:03]  INFO [http-nio-8085-exec-9] com.flatirons.pinpoint.server.access.impl.AcmServerTalk:91 - PUT http://localhost:8086/acmserver/api/auth/privileges.return status 200
[2025-07-23 16:12:04]  INFO [http-nio-8085-exec-4] com.flatirons.pinpoint.server.access.impl.AcmServerTalk:91 - PUT http://localhost:8086/acmserver/api/auth/privileges.return status 200
[2025-07-23 16:12:04]  INFO [http-nio-8085-exec-4] com.flatirons.pinpoint.server.access.impl.AcmServerTalk:91 - PUT http://localhost:8086/acmserver/api/auth/privileges.return status 200
[2025-07-23 16:12:04]  INFO [http-nio-8085-exec-5] com.flatirons.pinpoint.server.access.impl.AcmServerTalk:91 - PUT http://localhost:8086/acmserver/api/auth/privileges.return status 200
[2025-07-23 16:12:04]  INFO [http-nio-8085-exec-4] com.flatirons.pinpoint.server.access.impl.AcmServerTalk:91 - PUT http://localhost:8086/acmserver/api/auth/privileges.return status 200
[2025-07-23 16:12:04]  INFO [http-nio-8085-exec-4] com.flatirons.pinpoint.server.access.impl.AcmServerTalk:91 - PUT http://localhost:8086/acmserver/api/auth/privileges.return status 200
[2025-07-23 16:12:04]  INFO [http-nio-8085-exec-4] com.flatirons.pinpoint.server.access.impl.AcmServerTalk:91 - PUT http://localhost:8086/acmserver/api/auth/privileges.return status 200
[2025-07-23 16:12:04]  INFO [http-nio-8085-exec-5] com.flatirons.pinpoint.server.access.impl.AcmServerTalk:53 - Get http://localhost:8086/acmserver/api/organizations/SYS.return status 200
[2025-07-23 16:12:04]  INFO [http-nio-8085-exec-4] com.flatirons.pinpoint.server.access.impl.AcmServerTalk:91 - PUT http://localhost:8086/acmserver/api/auth/privileges.return status 200
[2025-07-23 16:12:04]  INFO [http-nio-8085-exec-4] com.flatirons.pinpoint.server.access.impl.AcmServerTalk:91 - PUT http://localhost:8086/acmserver/api/auth/privileges.return status 200
[2025-07-23 16:12:04]  INFO [http-nio-8085-exec-4] com.flatirons.pinpoint.server.access.impl.AcmServerTalk:91 - PUT http://localhost:8086/acmserver/api/auth/privileges.return status 200
[2025-07-23 16:12:04]  INFO [http-nio-8085-exec-4] com.flatirons.pinpoint.server.access.impl.AcmServerTalk:91 - PUT http://localhost:8086/acmserver/api/auth/privileges.return status 200
[2025-07-23 16:12:04]  INFO [http-nio-8085-exec-4] com.flatirons.pinpoint.server.access.impl.AcmServerTalk:91 - PUT http://localhost:8086/acmserver/api/auth/privileges.return status 200
[2025-07-23 16:12:04]  INFO [http-nio-8085-exec-4] com.flatirons.pinpoint.server.access.impl.AcmServerTalk:91 - PUT http://localhost:8086/acmserver/api/auth/privileges.return status 200
[2025-07-23 16:12:04]  INFO [http-nio-8085-exec-4] com.flatirons.pinpoint.server.access.impl.AcmServerTalk:91 - PUT http://localhost:8086/acmserver/api/auth/privileges.return status 200
[2025-07-23 16:12:04]  INFO [http-nio-8085-exec-4] com.flatirons.pinpoint.server.access.impl.AcmServerTalk:91 - PUT http://localhost:8086/acmserver/api/auth/privileges.return status 200
[2025-07-23 16:12:04]  INFO [http-nio-8085-exec-4] com.flatirons.pinpoint.server.access.impl.AcmServerTalk:91 - PUT http://localhost:8086/acmserver/api/auth/privileges.return status 200
[2025-07-23 16:12:04]  INFO [http-nio-8085-exec-4] com.flatirons.pinpoint.server.access.impl.AcmServerTalk:91 - PUT http://localhost:8086/acmserver/api/auth/privileges.return status 200
[2025-07-23 16:12:04]  INFO [http-nio-8085-exec-4] com.flatirons.pinpoint.server.access.impl.AcmServerTalk:91 - PUT http://localhost:8086/acmserver/api/auth/privileges.return status 200
[2025-07-23 16:12:04]  INFO [http-nio-8085-exec-4] com.flatirons.pinpoint.server.access.impl.AcmServerTalk:91 - PUT http://localhost:8086/acmserver/api/auth/privileges.return status 200
[2025-07-23 16:12:04]  INFO [http-nio-8085-exec-4] com.flatirons.pinpoint.server.access.impl.AcmServerTalk:91 - PUT http://localhost:8086/acmserver/api/auth/privileges.return status 200
[2025-07-23 16:12:04]  INFO [http-nio-8085-exec-4] com.flatirons.pinpoint.server.access.impl.AcmServerTalk:91 - PUT http://localhost:8086/acmserver/api/auth/privileges.return status 200
[2025-07-23 16:12:04]  INFO [http-nio-8085-exec-4] com.flatirons.pinpoint.server.access.impl.AcmServerTalk:91 - PUT http://localhost:8086/acmserver/api/auth/privileges.return status 200
[2025-07-23 16:12:04]  INFO [http-nio-8085-exec-9] com.flatirons.pinpoint.server.access.impl.AcmServerTalk:91 - PUT http://localhost:8086/acmserver/api/auth/privileges.return status 200
[2025-07-23 16:12:04]  INFO [http-nio-8085-exec-4] com.flatirons.pinpoint.server.access.impl.AcmServerTalk:91 - PUT http://localhost:8086/acmserver/api/auth/privileges.return status 200
[2025-07-23 16:12:04]  INFO [http-nio-8085-exec-4] com.flatirons.pinpoint.server.access.impl.AcmServerTalk:91 - PUT http://localhost:8086/acmserver/api/auth/privileges.return status 200
[2025-07-23 16:12:04]  INFO [http-nio-8085-exec-4] com.flatirons.pinpoint.server.access.impl.AcmServerTalk:91 - PUT http://localhost:8086/acmserver/api/auth/privileges.return status 200
[2025-07-23 16:12:04]  INFO [http-nio-8085-exec-4] com.flatirons.pinpoint.server.access.impl.AcmServerTalk:91 - PUT http://localhost:8086/acmserver/api/auth/privileges.return status 200
[2025-07-23 16:12:04]  INFO [http-nio-8085-exec-4] com.flatirons.pinpoint.server.access.impl.AcmServerTalk:91 - PUT http://localhost:8086/acmserver/api/auth/privileges.return status 200
[2025-07-23 16:12:04]  INFO [http-nio-8085-exec-4] com.flatirons.pinpoint.server.access.impl.AcmServerTalk:91 - PUT http://localhost:8086/acmserver/api/auth/privileges.return status 200
[2025-07-23 16:12:04]  INFO [http-nio-8085-exec-4] com.flatirons.pinpoint.server.access.impl.AcmServerTalk:91 - PUT http://localhost:8086/acmserver/api/auth/privileges.return status 200
[2025-07-23 16:12:04]  INFO [http-nio-8085-exec-4] com.flatirons.pinpoint.server.access.impl.AcmServerTalk:91 - PUT http://localhost:8086/acmserver/api/auth/privileges.return status 200
[2025-07-23 16:12:04]  INFO [http-nio-8085-exec-4] com.flatirons.pinpoint.server.access.impl.AcmServerTalk:91 - PUT http://localhost:8086/acmserver/api/auth/privileges.return status 200
[2025-07-23 16:12:04]  INFO [http-nio-8085-exec-4] com.flatirons.pinpoint.server.access.impl.AcmServerTalk:91 - PUT http://localhost:8086/acmserver/api/auth/privileges.return status 200
[2025-07-23 16:12:04]  INFO [http-nio-8085-exec-4] com.flatirons.pinpoint.server.access.impl.AcmServerTalk:91 - PUT http://localhost:8086/acmserver/api/auth/privileges.return status 200
[2025-07-23 16:12:04]  INFO [http-nio-8085-exec-4] com.flatirons.pinpoint.server.access.impl.AcmServerTalk:91 - PUT http://localhost:8086/acmserver/api/auth/privileges.return status 200
[2025-07-23 16:12:04]  INFO [http-nio-8085-exec-4] com.flatirons.pinpoint.server.access.impl.AcmServerTalk:91 - PUT http://localhost:8086/acmserver/api/auth/privileges.return status 200
[2025-07-23 16:12:05]  INFO [http-nio-8085-exec-4] com.flatirons.pinpoint.server.access.impl.AcmServerTalk:91 - PUT http://localhost:8086/acmserver/api/auth/privileges.return status 200
[2025-07-23 16:12:05]  INFO [http-nio-8085-exec-4] com.flatirons.pinpoint.server.access.impl.AcmServerTalk:91 - PUT http://localhost:8086/acmserver/api/auth/privileges.return status 200
[2025-07-23 16:12:05]  INFO [http-nio-8085-exec-4] com.flatirons.pinpoint.server.access.impl.AcmServerTalk:91 - PUT http://localhost:8086/acmserver/api/auth/privileges.return status 200
[2025-07-23 16:12:05]  INFO [http-nio-8085-exec-4] com.flatirons.pinpoint.server.access.impl.AcmServerTalk:91 - PUT http://localhost:8086/acmserver/api/auth/privileges.return status 200
[2025-07-23 16:12:05]  INFO [http-nio-8085-exec-4] com.flatirons.pinpoint.server.access.impl.AcmServerTalk:91 - PUT http://localhost:8086/acmserver/api/auth/privileges.return status 200
[2025-07-23 16:12:05]  INFO [http-nio-8085-exec-4] com.flatirons.pinpoint.server.access.impl.AcmServerTalk:91 - PUT http://localhost:8086/acmserver/api/auth/privileges.return status 200
[2025-07-23 16:12:05]  INFO [http-nio-8085-exec-4] com.flatirons.pinpoint.server.access.impl.AcmServerTalk:91 - PUT http://localhost:8086/acmserver/api/auth/privileges.return status 200
[2025-07-23 16:12:05]  INFO [http-nio-8085-exec-5] com.flatirons.pinpoint.server.access.impl.AcmServerTalk:91 - PUT http://localhost:8086/acmserver/api/auth/privileges.return status 200
[2025-07-23 16:12:07] ERROR [Thread-57] com.flatirons.pinpoint.server.access.impl.AcmServerTalk:113 - Error process http request
com.google.api.client.http.HttpResponseException: 403
<html><body><h1>Whitelabel Error Page</h1><p>This application has no explicit mapping for /error, so you are seeing this as a fallback.</p><div id='created'>Wed Jul 23 16:12:07 CEST 2025</div><div>There was an unexpected error (type=Forbidden, status=403).</div></body></html>
	at com.google.api.client.http.HttpRequest.execute(HttpRequest.java:1061)
	at com.flatirons.pinpoint.server.access.ServerTalk.executeHttpRequest(ServerTalk.java:128)
	at com.flatirons.pinpoint.server.access.impl.AcmServerTalk.doPost(AcmServerTalk.java:107)
	at com.flatirons.pinpoint.server.listener.CreateResourcesRunnable.postResources(CreateResourcesRunnable.java:45)
	at com.flatirons.pinpoint.server.listener.CreateResourcesRunnable.run(CreateResourcesRunnable.java:25)
	at java.base/java.lang.Thread.run(Unknown Source)
[2025-07-23 16:12:12] ERROR [Thread-57] com.flatirons.pinpoint.server.access.impl.AcmServerTalk:113 - Error process http request
com.google.api.client.http.HttpResponseException: 403
<html><body><h1>Whitelabel Error Page</h1><p>This application has no explicit mapping for /error, so you are seeing this as a fallback.</p><div id='created'>Wed Jul 23 16:12:12 CEST 2025</div><div>There was an unexpected error (type=Forbidden, status=403).</div></body></html>
	at com.google.api.client.http.HttpRequest.execute(HttpRequest.java:1061)
	at com.flatirons.pinpoint.server.access.ServerTalk.executeHttpRequest(ServerTalk.java:128)
	at com.flatirons.pinpoint.server.access.impl.AcmServerTalk.doPost(AcmServerTalk.java:107)
	at com.flatirons.pinpoint.server.listener.CreateResourcesRunnable.postResources(CreateResourcesRunnable.java:45)
	at com.flatirons.pinpoint.server.listener.CreateResourcesRunnable.run(CreateResourcesRunnable.java:25)
	at java.base/java.lang.Thread.run(Unknown Source)
[2025-07-23 16:12:13]  INFO [http-nio-8085-exec-6] com.flatirons.pinpoint.server.access.impl.AcmServerTalk:91 - PUT http://localhost:8086/acmserver/api/auth/privileges.return status 200
[2025-07-23 16:12:17] ERROR [Thread-57] com.flatirons.pinpoint.server.access.impl.AcmServerTalk:113 - Error process http request
com.google.api.client.http.HttpResponseException: 403
<html><body><h1>Whitelabel Error Page</h1><p>This application has no explicit mapping for /error, so you are seeing this as a fallback.</p><div id='created'>Wed Jul 23 16:12:17 CEST 2025</div><div>There was an unexpected error (type=Forbidden, status=403).</div></body></html>
	at com.google.api.client.http.HttpRequest.execute(HttpRequest.java:1061)
	at com.flatirons.pinpoint.server.access.ServerTalk.executeHttpRequest(ServerTalk.java:128)
	at com.flatirons.pinpoint.server.access.impl.AcmServerTalk.doPost(AcmServerTalk.java:107)
	at com.flatirons.pinpoint.server.listener.CreateResourcesRunnable.postResources(CreateResourcesRunnable.java:45)
	at com.flatirons.pinpoint.server.listener.CreateResourcesRunnable.run(CreateResourcesRunnable.java:25)
	at java.base/java.lang.Thread.run(Unknown Source)
[2025-07-23 16:12:22] ERROR [Thread-57] com.flatirons.pinpoint.server.access.impl.AcmServerTalk:113 - Error process http request
com.google.api.client.http.HttpResponseException: 403
<html><body><h1>Whitelabel Error Page</h1><p>This application has no explicit mapping for /error, so you are seeing this as a fallback.</p><div id='created'>Wed Jul 23 16:12:22 CEST 2025</div><div>There was an unexpected error (type=Forbidden, status=403).</div></body></html>
	at com.google.api.client.http.HttpRequest.execute(HttpRequest.java:1061)
	at com.flatirons.pinpoint.server.access.ServerTalk.executeHttpRequest(ServerTalk.java:128)
	at com.flatirons.pinpoint.server.access.impl.AcmServerTalk.doPost(AcmServerTalk.java:107)
	at com.flatirons.pinpoint.server.listener.CreateResourcesRunnable.postResources(CreateResourcesRunnable.java:45)
	at com.flatirons.pinpoint.server.listener.CreateResourcesRunnable.run(CreateResourcesRunnable.java:25)
	at java.base/java.lang.Thread.run(Unknown Source)
[2025-07-23 16:12:27] ERROR [Thread-57] com.flatirons.pinpoint.server.access.impl.AcmServerTalk:113 - Error process http request
com.google.api.client.http.HttpResponseException: 403
<html><body><h1>Whitelabel Error Page</h1><p>This application has no explicit mapping for /error, so you are seeing this as a fallback.</p><div id='created'>Wed Jul 23 16:12:27 CEST 2025</div><div>There was an unexpected error (type=Forbidden, status=403).</div></body></html>
	at com.google.api.client.http.HttpRequest.execute(HttpRequest.java:1061)
	at com.flatirons.pinpoint.server.access.ServerTalk.executeHttpRequest(ServerTalk.java:128)
	at com.flatirons.pinpoint.server.access.impl.AcmServerTalk.doPost(AcmServerTalk.java:107)
	at com.flatirons.pinpoint.server.listener.CreateResourcesRunnable.postResources(CreateResourcesRunnable.java:45)
	at com.flatirons.pinpoint.server.listener.CreateResourcesRunnable.run(CreateResourcesRunnable.java:25)
	at java.base/java.lang.Thread.run(Unknown Source)
[2025-07-23 16:12:32]  INFO [http-nio-8085-exec-7] com.flatirons.pinpoint.server.access.impl.AcmServerTalk:91 - PUT http://localhost:8086/acmserver/api/auth/privileges.return status 200
[2025-07-23 16:12:32]  INFO [http-nio-8085-exec-10] com.flatirons.pinpoint.server.access.impl.AcmServerTalk:91 - PUT http://localhost:8086/acmserver/api/auth/privileges.return status 200
[2025-07-23 16:12:32]  INFO [http-nio-8085-exec-7] com.flatirons.pinpoint.server.access.impl.AcmServerTalk:91 - PUT http://localhost:8086/acmserver/api/auth/privileges.return status 200
[2025-07-23 16:12:32] ERROR [Thread-57] com.flatirons.pinpoint.server.access.impl.AcmServerTalk:113 - Error process http request
com.google.api.client.http.HttpResponseException: 403
<html><body><h1>Whitelabel Error Page</h1><p>This application has no explicit mapping for /error, so you are seeing this as a fallback.</p><div id='created'>Wed Jul 23 16:12:32 CEST 2025</div><div>There was an unexpected error (type=Forbidden, status=403).</div></body></html>
	at com.google.api.client.http.HttpRequest.execute(HttpRequest.java:1061)
	at com.flatirons.pinpoint.server.access.ServerTalk.executeHttpRequest(ServerTalk.java:128)
	at com.flatirons.pinpoint.server.access.impl.AcmServerTalk.doPost(AcmServerTalk.java:107)
	at com.flatirons.pinpoint.server.listener.CreateResourcesRunnable.postResources(CreateResourcesRunnable.java:45)
	at com.flatirons.pinpoint.server.listener.CreateResourcesRunnable.run(CreateResourcesRunnable.java:25)
	at java.base/java.lang.Thread.run(Unknown Source)
[2025-07-23 16:12:33]  INFO [http-nio-8085-exec-5] com.flatirons.pinpoint.server.access.impl.AcmServerTalk:91 - PUT http://localhost:8086/acmserver/api/auth/privileges.return status 200
[2025-07-23 16:12:33]  INFO [http-nio-8085-exec-5] com.flatirons.pinpoint.server.access.impl.AcmServerTalk:73 - Get http://localhost:8086/acmserver/api/users/Guest.return status 200
[2025-07-23 16:12:33]  INFO [http-nio-8085-exec-5] com.flatirons.pinpoint.server.access.impl.AcmServerTalk:91 - PUT http://localhost:8086/acmserver/api/auth/privileges.return status 200
[2025-07-23 16:12:34]  INFO [http-nio-8085-exec-4] com.flatirons.pinpoint.server.access.impl.AcmServerTalk:91 - PUT http://localhost:8086/acmserver/api/auth/privileges.return status 200
[2025-07-23 16:12:34]  INFO [http-nio-8085-exec-3] com.flatirons.pinpoint.server.access.impl.AcmServerTalk:91 - PUT http://localhost:8086/acmserver/api/auth/privileges.return status 200
[2025-07-23 16:12:34]  INFO [http-nio-8085-exec-8] com.flatirons.pinpoint.server.access.impl.AcmServerTalk:91 - PUT http://localhost:8086/acmserver/api/auth/privileges.return status 200
[2025-07-23 16:12:34]  INFO [http-nio-8085-exec-4] com.flatirons.pinpoint.server.access.impl.AcmServerTalk:73 - Get http://localhost:8086/acmserver/api/users/Guest.return status 200
[2025-07-23 16:12:34]  INFO [http-nio-8085-exec-8] com.flatirons.pinpoint.server.access.impl.AcmServerTalk:91 - PUT http://localhost:8086/acmserver/api/auth/privileges.return status 200
[2025-07-23 16:12:34]  INFO [http-nio-8085-exec-3] com.flatirons.pinpoint.server.access.impl.AcmServerTalk:91 - PUT http://localhost:8086/acmserver/api/auth/privileges.return status 200
[2025-07-23 16:12:34]  INFO [http-nio-8085-exec-4] com.flatirons.pinpoint.server.access.impl.AcmServerTalk:91 - PUT http://localhost:8086/acmserver/api/auth/privileges.return status 200
[2025-07-23 16:12:34]  INFO [http-nio-8085-exec-8] com.flatirons.pinpoint.server.access.impl.AcmServerTalk:91 - PUT http://localhost:8086/acmserver/api/auth/user/privileges.return status 200
[2025-07-23 16:12:34]  INFO [http-nio-8085-exec-3] com.flatirons.pinpoint.server.access.impl.AcmServerTalk:91 - PUT http://localhost:8086/acmserver/api/auth/user/privileges.return status 200
[2025-07-23 16:12:34]  INFO [http-nio-8085-exec-6] com.flatirons.pinpoint.server.access.impl.AcmServerTalk:91 - PUT http://localhost:8086/acmserver/api/auth/privileges.return status 200
[2025-07-23 16:12:34]  INFO [http-nio-8085-exec-4] com.flatirons.pinpoint.server.access.impl.AcmServerTalk:91 - PUT http://localhost:8086/acmserver/api/auth/user/privileges.return status 200
[2025-07-23 16:12:34]  INFO [http-nio-8085-exec-8] com.flatirons.pinpoint.server.access.impl.AcmServerTalk:73 - Get http://localhost:8086/acmserver/api/organizations/SYS.return status 200
[2025-07-23 16:12:34]  INFO [http-nio-8085-exec-6] com.flatirons.pinpoint.server.access.impl.AcmServerTalk:91 - PUT http://localhost:8086/acmserver/api/auth/privileges.return status 200
[2025-07-23 16:12:34]  INFO [http-nio-8085-exec-6] com.flatirons.pinpoint.server.access.impl.AcmServerTalk:91 - PUT http://localhost:8086/acmserver/api/auth/user/privileges.return status 200
[2025-07-23 16:12:35]  INFO [http-nio-8085-exec-1] com.flatirons.pinpoint.server.access.impl.AcmServerTalk:91 - PUT http://localhost:8086/acmserver/api/auth/privileges.return status 200
[2025-07-23 16:12:35]  INFO [http-nio-8085-exec-10] com.flatirons.pinpoint.server.access.impl.AcmServerTalk:91 - PUT http://localhost:8086/acmserver/api/auth/privileges.return status 200
[2025-07-23 16:12:35]  INFO [http-nio-8085-exec-9] com.flatirons.pinpoint.server.access.impl.AcmServerTalk:91 - PUT http://localhost:8086/acmserver/api/auth/privileges.return status 200
[2025-07-23 16:12:35]  INFO [http-nio-8085-exec-5] com.flatirons.pinpoint.server.access.impl.AcmServerTalk:91 - PUT http://localhost:8086/acmserver/api/auth/privileges.return status 200
[2025-07-23 16:12:35]  INFO [http-nio-8085-exec-5] com.flatirons.pinpoint.server.access.impl.AcmServerTalk:91 - PUT http://localhost:8086/acmserver/api/auth/privileges.return status 200
[2025-07-23 16:12:35]  INFO [http-nio-8085-exec-5] com.flatirons.pinpoint.server.access.impl.AcmServerTalk:91 - PUT http://localhost:8086/acmserver/api/auth/user/privileges.return status 200
[2025-07-23 16:12:37] ERROR [Thread-57] com.flatirons.pinpoint.server.access.impl.AcmServerTalk:113 - Error process http request
com.google.api.client.http.HttpResponseException: 403
<html><body><h1>Whitelabel Error Page</h1><p>This application has no explicit mapping for /error, so you are seeing this as a fallback.</p><div id='created'>Wed Jul 23 16:12:37 CEST 2025</div><div>There was an unexpected error (type=Forbidden, status=403).</div></body></html>
	at com.google.api.client.http.HttpRequest.execute(HttpRequest.java:1061)
	at com.flatirons.pinpoint.server.access.ServerTalk.executeHttpRequest(ServerTalk.java:128)
	at com.flatirons.pinpoint.server.access.impl.AcmServerTalk.doPost(AcmServerTalk.java:107)
	at com.flatirons.pinpoint.server.listener.CreateResourcesRunnable.postResources(CreateResourcesRunnable.java:45)
	at com.flatirons.pinpoint.server.listener.CreateResourcesRunnable.run(CreateResourcesRunnable.java:25)
	at java.base/java.lang.Thread.run(Unknown Source)
[2025-07-23 16:12:42] ERROR [Thread-57] com.flatirons.pinpoint.server.access.impl.AcmServerTalk:113 - Error process http request
com.google.api.client.http.HttpResponseException: 403
<html><body><h1>Whitelabel Error Page</h1><p>This application has no explicit mapping for /error, so you are seeing this as a fallback.</p><div id='created'>Wed Jul 23 16:12:42 CEST 2025</div><div>There was an unexpected error (type=Forbidden, status=403).</div></body></html>
	at com.google.api.client.http.HttpRequest.execute(HttpRequest.java:1061)
	at com.flatirons.pinpoint.server.access.ServerTalk.executeHttpRequest(ServerTalk.java:128)
	at com.flatirons.pinpoint.server.access.impl.AcmServerTalk.doPost(AcmServerTalk.java:107)
	at com.flatirons.pinpoint.server.listener.CreateResourcesRunnable.postResources(CreateResourcesRunnable.java:45)
	at com.flatirons.pinpoint.server.listener.CreateResourcesRunnable.run(CreateResourcesRunnable.java:25)
	at java.base/java.lang.Thread.run(Unknown Source)
[2025-07-23 16:12:47] ERROR [Thread-57] com.flatirons.pinpoint.server.access.impl.AcmServerTalk:113 - Error process http request
com.google.api.client.http.HttpResponseException: 403
<html><body><h1>Whitelabel Error Page</h1><p>This application has no explicit mapping for /error, so you are seeing this as a fallback.</p><div id='created'>Wed Jul 23 16:12:47 CEST 2025</div><div>There was an unexpected error (type=Forbidden, status=403).</div></body></html>
	at com.google.api.client.http.HttpRequest.execute(HttpRequest.java:1061)
	at com.flatirons.pinpoint.server.access.ServerTalk.executeHttpRequest(ServerTalk.java:128)
	at com.flatirons.pinpoint.server.access.impl.AcmServerTalk.doPost(AcmServerTalk.java:107)
	at com.flatirons.pinpoint.server.listener.CreateResourcesRunnable.postResources(CreateResourcesRunnable.java:45)
	at com.flatirons.pinpoint.server.listener.CreateResourcesRunnable.run(CreateResourcesRunnable.java:25)
	at java.base/java.lang.Thread.run(Unknown Source)
[2025-07-23 16:12:52]  INFO [http-nio-8085-exec-5] com.flatirons.pinpoint.server.access.impl.AcmServerTalk:91 - PUT http://localhost:8086/acmserver/api/auth/privileges.return status 200
[2025-07-23 16:12:52] ERROR [Thread-57] com.flatirons.pinpoint.server.access.impl.AcmServerTalk:113 - Error process http request
com.google.api.client.http.HttpResponseException: 403
<html><body><h1>Whitelabel Error Page</h1><p>This application has no explicit mapping for /error, so you are seeing this as a fallback.</p><div id='created'>Wed Jul 23 16:12:52 CEST 2025</div><div>There was an unexpected error (type=Forbidden, status=403).</div></body></html>
	at com.google.api.client.http.HttpRequest.execute(HttpRequest.java:1061)
	at com.flatirons.pinpoint.server.access.ServerTalk.executeHttpRequest(ServerTalk.java:128)
	at com.flatirons.pinpoint.server.access.impl.AcmServerTalk.doPost(AcmServerTalk.java:107)
	at com.flatirons.pinpoint.server.listener.CreateResourcesRunnable.postResources(CreateResourcesRunnable.java:45)
	at com.flatirons.pinpoint.server.listener.CreateResourcesRunnable.run(CreateResourcesRunnable.java:25)
	at java.base/java.lang.Thread.run(Unknown Source)
[2025-07-23 16:12:56]  INFO [http-nio-8085-exec-5] com.flatirons.pinpoint.server.access.impl.AcmServerTalk:91 - PUT http://localhost:8086/acmserver/api/auth/privileges.return status 200
[2025-07-23 16:12:56]  INFO [http-nio-8085-exec-5] com.flatirons.pinpoint.server.access.impl.AcmServerTalk:91 - PUT http://localhost:8086/acmserver/api/auth/user/privileges.return status 200
[2025-07-23 16:12:57]  INFO [http-nio-8085-exec-5] com.flatirons.pinpoint.server.access.impl.AcmServerTalk:91 - PUT http://localhost:8086/acmserver/api/auth/user/privileges.return status 200
[2025-07-23 16:12:57]  INFO [http-nio-8085-exec-5] com.flatirons.pinpoint.server.access.impl.AcmServerTalk:91 - PUT http://localhost:8086/acmserver/api/auth/user/privileges.return status 200
[2025-07-23 16:12:57]  INFO [http-nio-8085-exec-5] com.flatirons.pinpoint.server.access.impl.AcmServerTalk:91 - PUT http://localhost:8086/acmserver/api/auth/user/privileges.return status 200
[2025-07-23 16:12:57]  INFO [http-nio-8085-exec-5] com.flatirons.pinpoint.server.access.impl.AcmServerTalk:91 - PUT http://localhost:8086/acmserver/api/auth/user/privileges.return status 200
[2025-07-23 16:12:57]  INFO [http-nio-8085-exec-5] com.flatirons.pinpoint.server.access.impl.AcmServerTalk:91 - PUT http://localhost:8086/acmserver/api/auth/user/privileges.return status 200
[2025-07-23 16:12:57] ERROR [Thread-57] com.flatirons.pinpoint.server.access.impl.AcmServerTalk:113 - Error process http request
com.google.api.client.http.HttpResponseException: 403
<html><body><h1>Whitelabel Error Page</h1><p>This application has no explicit mapping for /error, so you are seeing this as a fallback.</p><div id='created'>Wed Jul 23 16:12:57 CEST 2025</div><div>There was an unexpected error (type=Forbidden, status=403).</div></body></html>
	at com.google.api.client.http.HttpRequest.execute(HttpRequest.java:1061)
	at com.flatirons.pinpoint.server.access.ServerTalk.executeHttpRequest(ServerTalk.java:128)
	at com.flatirons.pinpoint.server.access.impl.AcmServerTalk.doPost(AcmServerTalk.java:107)
	at com.flatirons.pinpoint.server.listener.CreateResourcesRunnable.postResources(CreateResourcesRunnable.java:45)
	at com.flatirons.pinpoint.server.listener.CreateResourcesRunnable.run(CreateResourcesRunnable.java:25)
	at java.base/java.lang.Thread.run(Unknown Source)
[2025-07-23 16:13:02] ERROR [Thread-57] com.flatirons.pinpoint.server.access.impl.AcmServerTalk:113 - Error process http request
com.google.api.client.http.HttpResponseException: 403
<html><body><h1>Whitelabel Error Page</h1><p>This application has no explicit mapping for /error, so you are seeing this as a fallback.</p><div id='created'>Wed Jul 23 16:13:02 CEST 2025</div><div>There was an unexpected error (type=Forbidden, status=403).</div></body></html>
	at com.google.api.client.http.HttpRequest.execute(HttpRequest.java:1061)
	at com.flatirons.pinpoint.server.access.ServerTalk.executeHttpRequest(ServerTalk.java:128)
	at com.flatirons.pinpoint.server.access.impl.AcmServerTalk.doPost(AcmServerTalk.java:107)
	at com.flatirons.pinpoint.server.listener.CreateResourcesRunnable.postResources(CreateResourcesRunnable.java:45)
	at com.flatirons.pinpoint.server.listener.CreateResourcesRunnable.run(CreateResourcesRunnable.java:25)
	at java.base/java.lang.Thread.run(Unknown Source)
[2025-07-23 16:13:08] ERROR [Thread-57] com.flatirons.pinpoint.server.access.impl.AcmServerTalk:113 - Error process http request
com.google.api.client.http.HttpResponseException: 403
<html><body><h1>Whitelabel Error Page</h1><p>This application has no explicit mapping for /error, so you are seeing this as a fallback.</p><div id='created'>Wed Jul 23 16:13:08 CEST 2025</div><div>There was an unexpected error (type=Forbidden, status=403).</div></body></html>
	at com.google.api.client.http.HttpRequest.execute(HttpRequest.java:1061)
	at com.flatirons.pinpoint.server.access.ServerTalk.executeHttpRequest(ServerTalk.java:128)
	at com.flatirons.pinpoint.server.access.impl.AcmServerTalk.doPost(AcmServerTalk.java:107)
	at com.flatirons.pinpoint.server.listener.CreateResourcesRunnable.postResources(CreateResourcesRunnable.java:45)
	at com.flatirons.pinpoint.server.listener.CreateResourcesRunnable.run(CreateResourcesRunnable.java:25)
	at java.base/java.lang.Thread.run(Unknown Source)
[2025-07-23 16:13:13] ERROR [Thread-57] com.flatirons.pinpoint.server.access.impl.AcmServerTalk:113 - Error process http request
com.google.api.client.http.HttpResponseException: 403
<html><body><h1>Whitelabel Error Page</h1><p>This application has no explicit mapping for /error, so you are seeing this as a fallback.</p><div id='created'>Wed Jul 23 16:13:13 CEST 2025</div><div>There was an unexpected error (type=Forbidden, status=403).</div></body></html>
	at com.google.api.client.http.HttpRequest.execute(HttpRequest.java:1061)
	at com.flatirons.pinpoint.server.access.ServerTalk.executeHttpRequest(ServerTalk.java:128)
	at com.flatirons.pinpoint.server.access.impl.AcmServerTalk.doPost(AcmServerTalk.java:107)
	at com.flatirons.pinpoint.server.listener.CreateResourcesRunnable.postResources(CreateResourcesRunnable.java:45)
	at com.flatirons.pinpoint.server.listener.CreateResourcesRunnable.run(CreateResourcesRunnable.java:25)
	at java.base/java.lang.Thread.run(Unknown Source)
[2025-07-23 16:13:18] ERROR [Thread-57] com.flatirons.pinpoint.server.access.impl.AcmServerTalk:113 - Error process http request
com.google.api.client.http.HttpResponseException: 403
<html><body><h1>Whitelabel Error Page</h1><p>This application has no explicit mapping for /error, so you are seeing this as a fallback.</p><div id='created'>Wed Jul 23 16:13:18 CEST 2025</div><div>There was an unexpected error (type=Forbidden, status=403).</div></body></html>
	at com.google.api.client.http.HttpRequest.execute(HttpRequest.java:1061)
	at com.flatirons.pinpoint.server.access.ServerTalk.executeHttpRequest(ServerTalk.java:128)
	at com.flatirons.pinpoint.server.access.impl.AcmServerTalk.doPost(AcmServerTalk.java:107)
	at com.flatirons.pinpoint.server.listener.CreateResourcesRunnable.postResources(CreateResourcesRunnable.java:45)
	at com.flatirons.pinpoint.server.listener.CreateResourcesRunnable.run(CreateResourcesRunnable.java:25)
	at java.base/java.lang.Thread.run(Unknown Source)
[2025-07-23 16:13:23] ERROR [Thread-57] com.flatirons.pinpoint.server.access.impl.AcmServerTalk:113 - Error process http request
com.google.api.client.http.HttpResponseException: 403
<html><body><h1>Whitelabel Error Page</h1><p>This application has no explicit mapping for /error, so you are seeing this as a fallback.</p><div id='created'>Wed Jul 23 16:13:23 CEST 2025</div><div>There was an unexpected error (type=Forbidden, status=403).</div></body></html>
	at com.google.api.client.http.HttpRequest.execute(HttpRequest.java:1061)
	at com.flatirons.pinpoint.server.access.ServerTalk.executeHttpRequest(ServerTalk.java:128)
	at com.flatirons.pinpoint.server.access.impl.AcmServerTalk.doPost(AcmServerTalk.java:107)
	at com.flatirons.pinpoint.server.listener.CreateResourcesRunnable.postResources(CreateResourcesRunnable.java:45)
	at com.flatirons.pinpoint.server.listener.CreateResourcesRunnable.run(CreateResourcesRunnable.java:25)
	at java.base/java.lang.Thread.run(Unknown Source)
[2025-07-23 16:13:27]  INFO [http-nio-8085-exec-10] com.flatirons.pinpoint.server.access.impl.AcmServerTalk:91 - PUT http://localhost:8086/acmserver/api/auth/privileges.return status 200
[2025-07-23 16:13:28] ERROR [Thread-57] com.flatirons.pinpoint.server.access.impl.AcmServerTalk:113 - Error process http request
com.google.api.client.http.HttpResponseException: 403
<html><body><h1>Whitelabel Error Page</h1><p>This application has no explicit mapping for /error, so you are seeing this as a fallback.</p><div id='created'>Wed Jul 23 16:13:28 CEST 2025</div><div>There was an unexpected error (type=Forbidden, status=403).</div></body></html>
	at com.google.api.client.http.HttpRequest.execute(HttpRequest.java:1061)
	at com.flatirons.pinpoint.server.access.ServerTalk.executeHttpRequest(ServerTalk.java:128)
	at com.flatirons.pinpoint.server.access.impl.AcmServerTalk.doPost(AcmServerTalk.java:107)
	at com.flatirons.pinpoint.server.listener.CreateResourcesRunnable.postResources(CreateResourcesRunnable.java:45)
	at com.flatirons.pinpoint.server.listener.CreateResourcesRunnable.run(CreateResourcesRunnable.java:25)
	at java.base/java.lang.Thread.run(Unknown Source)
[2025-07-23 16:13:33] ERROR [Thread-57] com.flatirons.pinpoint.server.access.impl.AcmServerTalk:113 - Error process http request
com.google.api.client.http.HttpResponseException: 403
<html><body><h1>Whitelabel Error Page</h1><p>This application has no explicit mapping for /error, so you are seeing this as a fallback.</p><div id='created'>Wed Jul 23 16:13:33 CEST 2025</div><div>There was an unexpected error (type=Forbidden, status=403).</div></body></html>
	at com.google.api.client.http.HttpRequest.execute(HttpRequest.java:1061)
	at com.flatirons.pinpoint.server.access.ServerTalk.executeHttpRequest(ServerTalk.java:128)
	at com.flatirons.pinpoint.server.access.impl.AcmServerTalk.doPost(AcmServerTalk.java:107)
	at com.flatirons.pinpoint.server.listener.CreateResourcesRunnable.postResources(CreateResourcesRunnable.java:45)
	at com.flatirons.pinpoint.server.listener.CreateResourcesRunnable.run(CreateResourcesRunnable.java:25)
	at java.base/java.lang.Thread.run(Unknown Source)
[2025-07-23 16:13:38] ERROR [Thread-57] com.flatirons.pinpoint.server.access.impl.AcmServerTalk:113 - Error process http request
com.google.api.client.http.HttpResponseException: 403
<html><body><h1>Whitelabel Error Page</h1><p>This application has no explicit mapping for /error, so you are seeing this as a fallback.</p><div id='created'>Wed Jul 23 16:13:38 CEST 2025</div><div>There was an unexpected error (type=Forbidden, status=403).</div></body></html>
	at com.google.api.client.http.HttpRequest.execute(HttpRequest.java:1061)
	at com.flatirons.pinpoint.server.access.ServerTalk.executeHttpRequest(ServerTalk.java:128)
	at com.flatirons.pinpoint.server.access.impl.AcmServerTalk.doPost(AcmServerTalk.java:107)
	at com.flatirons.pinpoint.server.listener.CreateResourcesRunnable.postResources(CreateResourcesRunnable.java:45)
	at com.flatirons.pinpoint.server.listener.CreateResourcesRunnable.run(CreateResourcesRunnable.java:25)
	at java.base/java.lang.Thread.run(Unknown Source)
[2025-07-23 16:13:43] ERROR [Thread-57] com.flatirons.pinpoint.server.access.impl.AcmServerTalk:113 - Error process http request
com.google.api.client.http.HttpResponseException: 403
<html><body><h1>Whitelabel Error Page</h1><p>This application has no explicit mapping for /error, so you are seeing this as a fallback.</p><div id='created'>Wed Jul 23 16:13:43 CEST 2025</div><div>There was an unexpected error (type=Forbidden, status=403).</div></body></html>
	at com.google.api.client.http.HttpRequest.execute(HttpRequest.java:1061)
	at com.flatirons.pinpoint.server.access.ServerTalk.executeHttpRequest(ServerTalk.java:128)
	at com.flatirons.pinpoint.server.access.impl.AcmServerTalk.doPost(AcmServerTalk.java:107)
	at com.flatirons.pinpoint.server.listener.CreateResourcesRunnable.postResources(CreateResourcesRunnable.java:45)
	at com.flatirons.pinpoint.server.listener.CreateResourcesRunnable.run(CreateResourcesRunnable.java:25)
	at java.base/java.lang.Thread.run(Unknown Source)
[2025-07-23 16:13:48] ERROR [Thread-57] com.flatirons.pinpoint.server.access.impl.AcmServerTalk:113 - Error process http request
com.google.api.client.http.HttpResponseException: 403
<html><body><h1>Whitelabel Error Page</h1><p>This application has no explicit mapping for /error, so you are seeing this as a fallback.</p><div id='created'>Wed Jul 23 16:13:48 CEST 2025</div><div>There was an unexpected error (type=Forbidden, status=403).</div></body></html>
	at com.google.api.client.http.HttpRequest.execute(HttpRequest.java:1061)
	at com.flatirons.pinpoint.server.access.ServerTalk.executeHttpRequest(ServerTalk.java:128)
	at com.flatirons.pinpoint.server.access.impl.AcmServerTalk.doPost(AcmServerTalk.java:107)
	at com.flatirons.pinpoint.server.listener.CreateResourcesRunnable.postResources(CreateResourcesRunnable.java:45)
	at com.flatirons.pinpoint.server.listener.CreateResourcesRunnable.run(CreateResourcesRunnable.java:25)
	at java.base/java.lang.Thread.run(Unknown Source)
[2025-07-23 16:13:50]  INFO [http-nio-8085-exec-10] com.flatirons.pinpoint.server.access.impl.AcmServerTalk:91 - PUT http://localhost:8086/acmserver/api/auth/privileges.return status 200
[2025-07-23 16:13:51]  INFO [http-nio-8085-exec-10] com.flatirons.pinpoint.server.access.impl.AcmServerTalk:91 - PUT http://localhost:8086/acmserver/api/auth/privileges.return status 200
[2025-07-23 16:13:51]  INFO [http-nio-8085-exec-10] com.flatirons.pinpoint.server.access.impl.AcmServerTalk:91 - PUT http://localhost:8086/acmserver/api/auth/user/privileges.return status 200
[2025-07-23 16:13:53] ERROR [Thread-57] com.flatirons.pinpoint.server.access.impl.AcmServerTalk:113 - Error process http request
com.google.api.client.http.HttpResponseException: 403
<html><body><h1>Whitelabel Error Page</h1><p>This application has no explicit mapping for /error, so you are seeing this as a fallback.</p><div id='created'>Wed Jul 23 16:13:53 CEST 2025</div><div>There was an unexpected error (type=Forbidden, status=403).</div></body></html>
	at com.google.api.client.http.HttpRequest.execute(HttpRequest.java:1061)
	at com.flatirons.pinpoint.server.access.ServerTalk.executeHttpRequest(ServerTalk.java:128)
	at com.flatirons.pinpoint.server.access.impl.AcmServerTalk.doPost(AcmServerTalk.java:107)
	at com.flatirons.pinpoint.server.listener.CreateResourcesRunnable.postResources(CreateResourcesRunnable.java:45)
	at com.flatirons.pinpoint.server.listener.CreateResourcesRunnable.run(CreateResourcesRunnable.java:25)
	at java.base/java.lang.Thread.run(Unknown Source)
[2025-07-23 16:13:58] ERROR [Thread-57] com.flatirons.pinpoint.server.access.impl.AcmServerTalk:113 - Error process http request
com.google.api.client.http.HttpResponseException: 403
<html><body><h1>Whitelabel Error Page</h1><p>This application has no explicit mapping for /error, so you are seeing this as a fallback.</p><div id='created'>Wed Jul 23 16:13:58 CEST 2025</div><div>There was an unexpected error (type=Forbidden, status=403).</div></body></html>
	at com.google.api.client.http.HttpRequest.execute(HttpRequest.java:1061)
	at com.flatirons.pinpoint.server.access.ServerTalk.executeHttpRequest(ServerTalk.java:128)
	at com.flatirons.pinpoint.server.access.impl.AcmServerTalk.doPost(AcmServerTalk.java:107)
	at com.flatirons.pinpoint.server.listener.CreateResourcesRunnable.postResources(CreateResourcesRunnable.java:45)
	at com.flatirons.pinpoint.server.listener.CreateResourcesRunnable.run(CreateResourcesRunnable.java:25)
	at java.base/java.lang.Thread.run(Unknown Source)
[2025-07-23 16:14:03] ERROR [Thread-57] com.flatirons.pinpoint.server.access.impl.AcmServerTalk:113 - Error process http request
com.google.api.client.http.HttpResponseException: 403
<html><body><h1>Whitelabel Error Page</h1><p>This application has no explicit mapping for /error, so you are seeing this as a fallback.</p><div id='created'>Wed Jul 23 16:14:03 CEST 2025</div><div>There was an unexpected error (type=Forbidden, status=403).</div></body></html>
	at com.google.api.client.http.HttpRequest.execute(HttpRequest.java:1061)
	at com.flatirons.pinpoint.server.access.ServerTalk.executeHttpRequest(ServerTalk.java:128)
	at com.flatirons.pinpoint.server.access.impl.AcmServerTalk.doPost(AcmServerTalk.java:107)
	at com.flatirons.pinpoint.server.listener.CreateResourcesRunnable.postResources(CreateResourcesRunnable.java:45)
	at com.flatirons.pinpoint.server.listener.CreateResourcesRunnable.run(CreateResourcesRunnable.java:25)
	at java.base/java.lang.Thread.run(Unknown Source)
[2025-07-23 16:14:08] ERROR [Thread-57] com.flatirons.pinpoint.server.access.impl.AcmServerTalk:113 - Error process http request
com.google.api.client.http.HttpResponseException: 403
<html><body><h1>Whitelabel Error Page</h1><p>This application has no explicit mapping for /error, so you are seeing this as a fallback.</p><div id='created'>Wed Jul 23 16:14:08 CEST 2025</div><div>There was an unexpected error (type=Forbidden, status=403).</div></body></html>
	at com.google.api.client.http.HttpRequest.execute(HttpRequest.java:1061)
	at com.flatirons.pinpoint.server.access.ServerTalk.executeHttpRequest(ServerTalk.java:128)
	at com.flatirons.pinpoint.server.access.impl.AcmServerTalk.doPost(AcmServerTalk.java:107)
	at com.flatirons.pinpoint.server.listener.CreateResourcesRunnable.postResources(CreateResourcesRunnable.java:45)
	at com.flatirons.pinpoint.server.listener.CreateResourcesRunnable.run(CreateResourcesRunnable.java:25)
	at java.base/java.lang.Thread.run(Unknown Source)
[2025-07-23 16:14:13] ERROR [Thread-57] com.flatirons.pinpoint.server.access.impl.AcmServerTalk:113 - Error process http request
com.google.api.client.http.HttpResponseException: 403
<html><body><h1>Whitelabel Error Page</h1><p>This application has no explicit mapping for /error, so you are seeing this as a fallback.</p><div id='created'>Wed Jul 23 16:14:13 CEST 2025</div><div>There was an unexpected error (type=Forbidden, status=403).</div></body></html>
	at com.google.api.client.http.HttpRequest.execute(HttpRequest.java:1061)
	at com.flatirons.pinpoint.server.access.ServerTalk.executeHttpRequest(ServerTalk.java:128)
	at com.flatirons.pinpoint.server.access.impl.AcmServerTalk.doPost(AcmServerTalk.java:107)
	at com.flatirons.pinpoint.server.listener.CreateResourcesRunnable.postResources(CreateResourcesRunnable.java:45)
	at com.flatirons.pinpoint.server.listener.CreateResourcesRunnable.run(CreateResourcesRunnable.java:25)
	at java.base/java.lang.Thread.run(Unknown Source)
[2025-07-23 16:14:18] ERROR [Thread-57] com.flatirons.pinpoint.server.access.impl.AcmServerTalk:113 - Error process http request
com.google.api.client.http.HttpResponseException: 403
<html><body><h1>Whitelabel Error Page</h1><p>This application has no explicit mapping for /error, so you are seeing this as a fallback.</p><div id='created'>Wed Jul 23 16:14:18 CEST 2025</div><div>There was an unexpected error (type=Forbidden, status=403).</div></body></html>
	at com.google.api.client.http.HttpRequest.execute(HttpRequest.java:1061)
	at com.flatirons.pinpoint.server.access.ServerTalk.executeHttpRequest(ServerTalk.java:128)
	at com.flatirons.pinpoint.server.access.impl.AcmServerTalk.doPost(AcmServerTalk.java:107)
	at com.flatirons.pinpoint.server.listener.CreateResourcesRunnable.postResources(CreateResourcesRunnable.java:45)
	at com.flatirons.pinpoint.server.listener.CreateResourcesRunnable.run(CreateResourcesRunnable.java:25)
	at java.base/java.lang.Thread.run(Unknown Source)
[2025-07-23 16:14:21]  INFO [http-nio-8085-exec-8] com.flatirons.pinpoint.server.access.impl.AcmServerTalk:91 - PUT http://localhost:8086/acmserver/api/auth/privileges.return status 200
[2025-07-23 16:14:21]  INFO [http-nio-8085-exec-3] com.flatirons.pinpoint.server.access.impl.AcmServerTalk:91 - PUT http://localhost:8086/acmserver/api/auth/privileges.return status 200
[2025-07-23 16:14:22]  INFO [http-nio-8085-exec-3] com.flatirons.pinpoint.server.access.impl.AcmServerTalk:91 - PUT http://localhost:8086/acmserver/api/auth/privileges.return status 200
[2025-07-23 16:14:22]  INFO [http-nio-8085-exec-3] com.flatirons.pinpoint.server.access.impl.AcmServerTalk:91 - PUT http://localhost:8086/acmserver/api/auth/user/privileges.return status 200
[2025-07-23 16:14:23] ERROR [Thread-57] com.flatirons.pinpoint.server.access.impl.AcmServerTalk:113 - Error process http request
com.google.api.client.http.HttpResponseException: 403
<html><body><h1>Whitelabel Error Page</h1><p>This application has no explicit mapping for /error, so you are seeing this as a fallback.</p><div id='created'>Wed Jul 23 16:14:23 CEST 2025</div><div>There was an unexpected error (type=Forbidden, status=403).</div></body></html>
	at com.google.api.client.http.HttpRequest.execute(HttpRequest.java:1061)
	at com.flatirons.pinpoint.server.access.ServerTalk.executeHttpRequest(ServerTalk.java:128)
	at com.flatirons.pinpoint.server.access.impl.AcmServerTalk.doPost(AcmServerTalk.java:107)
	at com.flatirons.pinpoint.server.listener.CreateResourcesRunnable.postResources(CreateResourcesRunnable.java:45)
	at com.flatirons.pinpoint.server.listener.CreateResourcesRunnable.run(CreateResourcesRunnable.java:25)
	at java.base/java.lang.Thread.run(Unknown Source)
[2025-07-23 16:14:25]  INFO [http-nio-8085-exec-2] com.flatirons.pinpoint.server.access.impl.AcmServerTalk:91 - PUT http://localhost:8086/acmserver/api/auth/privileges.return status 200
[2025-07-23 16:14:25]  INFO [http-nio-8085-exec-4] com.flatirons.pinpoint.server.access.impl.AcmServerTalk:91 - PUT http://localhost:8086/acmserver/api/auth/privileges.return status 200
[2025-07-23 16:14:25]  INFO [http-nio-8085-exec-11] com.flatirons.pinpoint.server.access.impl.AcmServerTalk:91 - PUT http://localhost:8086/acmserver/api/auth/privileges.return status 200
[2025-07-23 16:14:25]  INFO [http-nio-8085-exec-5] com.flatirons.pinpoint.server.access.impl.AcmServerTalk:91 - PUT http://localhost:8086/acmserver/api/auth/privileges.return status 200
[2025-07-23 16:14:25]  INFO [http-nio-8085-exec-4] com.flatirons.pinpoint.server.access.impl.AcmServerTalk:91 - PUT http://localhost:8086/acmserver/api/auth/privileges.return status 200
[2025-07-23 16:14:25]  INFO [http-nio-8085-exec-11] com.flatirons.pinpoint.server.access.impl.AcmServerTalk:91 - PUT http://localhost:8086/acmserver/api/auth/privileges.return status 200
[2025-07-23 16:14:25]  INFO [http-nio-8085-exec-5] com.flatirons.pinpoint.server.access.impl.AcmServerTalk:91 - PUT http://localhost:8086/acmserver/api/auth/privileges.return status 200
[2025-07-23 16:14:25]  INFO [http-nio-8085-exec-4] com.flatirons.pinpoint.server.access.impl.AcmServerTalk:91 - PUT http://localhost:8086/acmserver/api/auth/user/privileges.return status 200
[2025-07-23 16:14:25]  INFO [http-nio-8085-exec-11] com.flatirons.pinpoint.server.access.impl.AcmServerTalk:91 - PUT http://localhost:8086/acmserver/api/auth/privileges.return status 200
[2025-07-23 16:14:25]  INFO [http-nio-8085-exec-5] com.flatirons.pinpoint.server.access.impl.AcmServerTalk:91 - PUT http://localhost:8086/acmserver/api/auth/user/privileges.return status 200
[2025-07-23 16:14:26]  INFO [http-nio-8085-exec-5] com.flatirons.pinpoint.server.access.impl.AcmServerTalk:73 - Get http://localhost:8086/acmserver/api/organizations/SYS.return status 200
[2025-07-23 16:14:26]  INFO [http-nio-8085-exec-11] com.flatirons.pinpoint.server.access.impl.AcmServerTalk:91 - PUT http://localhost:8086/acmserver/api/auth/privileges.return status 200
[2025-07-23 16:14:26]  INFO [http-nio-8085-exec-11] com.flatirons.pinpoint.server.access.impl.AcmServerTalk:91 - PUT http://localhost:8086/acmserver/api/auth/user/privileges.return status 200
[2025-07-23 16:14:26]  INFO [http-nio-8085-exec-7] com.flatirons.pinpoint.server.access.impl.AcmServerTalk:91 - PUT http://localhost:8086/acmserver/api/auth/privileges.return status 200
[2025-07-23 16:14:26]  INFO [http-nio-8085-exec-10] com.flatirons.pinpoint.server.access.impl.AcmServerTalk:91 - PUT http://localhost:8086/acmserver/api/auth/privileges.return status 200
[2025-07-23 16:14:26]  INFO [http-nio-8085-exec-10] com.flatirons.pinpoint.server.access.impl.AcmServerTalk:91 - PUT http://localhost:8086/acmserver/api/auth/privileges.return status 200
[2025-07-23 16:14:26]  INFO [http-nio-8085-exec-10] com.flatirons.pinpoint.server.access.impl.AcmServerTalk:91 - PUT http://localhost:8086/acmserver/api/auth/privileges.return status 200
[2025-07-23 16:14:26]  INFO [http-nio-8085-exec-10] com.flatirons.pinpoint.server.access.impl.AcmServerTalk:91 - PUT http://localhost:8086/acmserver/api/auth/privileges.return status 200
[2025-07-23 16:14:26]  INFO [http-nio-8085-exec-10] com.flatirons.pinpoint.server.access.impl.AcmServerTalk:91 - PUT http://localhost:8086/acmserver/api/auth/user/privileges.return status 200
[2025-07-23 16:14:26]  INFO [http-nio-8085-exec-8] com.flatirons.pinpoint.server.access.impl.AcmServerTalk:91 - PUT http://localhost:8086/acmserver/api/auth/privileges.return status 200
[2025-07-23 16:14:26]  INFO [http-nio-8085-exec-6] com.flatirons.pinpoint.server.access.impl.AcmServerTalk:91 - PUT http://localhost:8086/acmserver/api/auth/privileges.return status 200
[2025-07-23 16:14:26]  INFO [http-nio-8085-exec-9] com.flatirons.pinpoint.server.access.impl.AcmServerTalk:91 - PUT http://localhost:8086/acmserver/api/auth/privileges.return status 200
[2025-07-23 16:14:26]  INFO [http-nio-8085-exec-8] com.flatirons.pinpoint.server.access.impl.AcmServerTalk:91 - PUT http://localhost:8086/acmserver/api/auth/privileges.return status 200
[2025-07-23 16:14:26]  INFO [http-nio-8085-exec-8] com.flatirons.pinpoint.server.access.impl.AcmServerTalk:91 - PUT http://localhost:8086/acmserver/api/auth/user/privileges.return status 200
[2025-07-23 16:14:26]  INFO [http-nio-8085-exec-6] com.flatirons.pinpoint.server.access.impl.AcmServerTalk:91 - PUT http://localhost:8086/acmserver/api/auth/privileges.return status 200
[2025-07-23 16:14:26]  INFO [http-nio-8085-exec-9] com.flatirons.pinpoint.server.access.impl.AcmServerTalk:91 - PUT http://localhost:8086/acmserver/api/auth/privileges.return status 200
[2025-07-23 16:14:26]  INFO [http-nio-8085-exec-6] com.flatirons.pinpoint.server.access.impl.AcmServerTalk:91 - PUT http://localhost:8086/acmserver/api/auth/user/privileges.return status 200
[2025-07-23 16:14:26]  INFO [http-nio-8085-exec-9] com.flatirons.pinpoint.server.access.impl.AcmServerTalk:91 - PUT http://localhost:8086/acmserver/api/auth/user/privileges.return status 200
[2025-07-23 16:14:27]  INFO [http-nio-8085-exec-1] com.flatirons.pinpoint.server.access.impl.AcmServerTalk:91 - PUT http://localhost:8086/acmserver/api/auth/privileges.return status 200
[2025-07-23 16:14:27]  INFO [http-nio-8085-exec-1] com.flatirons.pinpoint.server.access.impl.AcmServerTalk:91 - PUT http://localhost:8086/acmserver/api/auth/privileges.return status 200
[2025-07-23 16:14:27]  INFO [http-nio-8085-exec-1] com.flatirons.pinpoint.server.access.impl.AcmServerTalk:91 - PUT http://localhost:8086/acmserver/api/auth/user/privileges.return status 200
[2025-07-23 16:14:28] ERROR [Thread-57] com.flatirons.pinpoint.server.access.impl.AcmServerTalk:113 - Error process http request
com.google.api.client.http.HttpResponseException: 403
<html><body><h1>Whitelabel Error Page</h1><p>This application has no explicit mapping for /error, so you are seeing this as a fallback.</p><div id='created'>Wed Jul 23 16:14:28 CEST 2025</div><div>There was an unexpected error (type=Forbidden, status=403).</div></body></html>
	at com.google.api.client.http.HttpRequest.execute(HttpRequest.java:1061)
	at com.flatirons.pinpoint.server.access.ServerTalk.executeHttpRequest(ServerTalk.java:128)
	at com.flatirons.pinpoint.server.access.impl.AcmServerTalk.doPost(AcmServerTalk.java:107)
	at com.flatirons.pinpoint.server.listener.CreateResourcesRunnable.postResources(CreateResourcesRunnable.java:45)
	at com.flatirons.pinpoint.server.listener.CreateResourcesRunnable.run(CreateResourcesRunnable.java:25)
	at java.base/java.lang.Thread.run(Unknown Source)
[2025-07-23 16:14:33] ERROR [Thread-57] com.flatirons.pinpoint.server.access.impl.AcmServerTalk:113 - Error process http request
com.google.api.client.http.HttpResponseException: 403
<html><body><h1>Whitelabel Error Page</h1><p>This application has no explicit mapping for /error, so you are seeing this as a fallback.</p><div id='created'>Wed Jul 23 16:14:33 CEST 2025</div><div>There was an unexpected error (type=Forbidden, status=403).</div></body></html>
	at com.google.api.client.http.HttpRequest.execute(HttpRequest.java:1061)
	at com.flatirons.pinpoint.server.access.ServerTalk.executeHttpRequest(ServerTalk.java:128)
	at com.flatirons.pinpoint.server.access.impl.AcmServerTalk.doPost(AcmServerTalk.java:107)
	at com.flatirons.pinpoint.server.listener.CreateResourcesRunnable.postResources(CreateResourcesRunnable.java:45)
	at com.flatirons.pinpoint.server.listener.CreateResourcesRunnable.run(CreateResourcesRunnable.java:25)
	at java.base/java.lang.Thread.run(Unknown Source)
[2025-07-23 16:14:38] ERROR [Thread-57] com.flatirons.pinpoint.server.access.impl.AcmServerTalk:113 - Error process http request
com.google.api.client.http.HttpResponseException: 403
<html><body><h1>Whitelabel Error Page</h1><p>This application has no explicit mapping for /error, so you are seeing this as a fallback.</p><div id='created'>Wed Jul 23 16:14:38 CEST 2025</div><div>There was an unexpected error (type=Forbidden, status=403).</div></body></html>
	at com.google.api.client.http.HttpRequest.execute(HttpRequest.java:1061)
	at com.flatirons.pinpoint.server.access.ServerTalk.executeHttpRequest(ServerTalk.java:128)
	at com.flatirons.pinpoint.server.access.impl.AcmServerTalk.doPost(AcmServerTalk.java:107)
	at com.flatirons.pinpoint.server.listener.CreateResourcesRunnable.postResources(CreateResourcesRunnable.java:45)
	at com.flatirons.pinpoint.server.listener.CreateResourcesRunnable.run(CreateResourcesRunnable.java:25)
	at java.base/java.lang.Thread.run(Unknown Source)
[2025-07-23 16:14:43] ERROR [Thread-57] com.flatirons.pinpoint.server.access.impl.AcmServerTalk:113 - Error process http request
com.google.api.client.http.HttpResponseException: 403
<html><body><h1>Whitelabel Error Page</h1><p>This application has no explicit mapping for /error, so you are seeing this as a fallback.</p><div id='created'>Wed Jul 23 16:14:43 CEST 2025</div><div>There was an unexpected error (type=Forbidden, status=403).</div></body></html>
	at com.google.api.client.http.HttpRequest.execute(HttpRequest.java:1061)
	at com.flatirons.pinpoint.server.access.ServerTalk.executeHttpRequest(ServerTalk.java:128)
	at com.flatirons.pinpoint.server.access.impl.AcmServerTalk.doPost(AcmServerTalk.java:107)
	at com.flatirons.pinpoint.server.listener.CreateResourcesRunnable.postResources(CreateResourcesRunnable.java:45)
	at com.flatirons.pinpoint.server.listener.CreateResourcesRunnable.run(CreateResourcesRunnable.java:25)
	at java.base/java.lang.Thread.run(Unknown Source)
[2025-07-23 16:14:48] ERROR [Thread-57] com.flatirons.pinpoint.server.access.impl.AcmServerTalk:113 - Error process http request
com.google.api.client.http.HttpResponseException: 403
<html><body><h1>Whitelabel Error Page</h1><p>This application has no explicit mapping for /error, so you are seeing this as a fallback.</p><div id='created'>Wed Jul 23 16:14:48 CEST 2025</div><div>There was an unexpected error (type=Forbidden, status=403).</div></body></html>
	at com.google.api.client.http.HttpRequest.execute(HttpRequest.java:1061)
	at com.flatirons.pinpoint.server.access.ServerTalk.executeHttpRequest(ServerTalk.java:128)
	at com.flatirons.pinpoint.server.access.impl.AcmServerTalk.doPost(AcmServerTalk.java:107)
	at com.flatirons.pinpoint.server.listener.CreateResourcesRunnable.postResources(CreateResourcesRunnable.java:45)
	at com.flatirons.pinpoint.server.listener.CreateResourcesRunnable.run(CreateResourcesRunnable.java:25)
	at java.base/java.lang.Thread.run(Unknown Source)
[2025-07-23 16:14:53] ERROR [Thread-57] com.flatirons.pinpoint.server.access.impl.AcmServerTalk:113 - Error process http request
com.google.api.client.http.HttpResponseException: 403
<html><body><h1>Whitelabel Error Page</h1><p>This application has no explicit mapping for /error, so you are seeing this as a fallback.</p><div id='created'>Wed Jul 23 16:14:53 CEST 2025</div><div>There was an unexpected error (type=Forbidden, status=403).</div></body></html>
	at com.google.api.client.http.HttpRequest.execute(HttpRequest.java:1061)
	at com.flatirons.pinpoint.server.access.ServerTalk.executeHttpRequest(ServerTalk.java:128)
	at com.flatirons.pinpoint.server.access.impl.AcmServerTalk.doPost(AcmServerTalk.java:107)
	at com.flatirons.pinpoint.server.listener.CreateResourcesRunnable.postResources(CreateResourcesRunnable.java:45)
	at com.flatirons.pinpoint.server.listener.CreateResourcesRunnable.run(CreateResourcesRunnable.java:25)
	at java.base/java.lang.Thread.run(Unknown Source)
[2025-07-23 16:14:59] ERROR [Thread-57] com.flatirons.pinpoint.server.access.impl.AcmServerTalk:113 - Error process http request
com.google.api.client.http.HttpResponseException: 403
<html><body><h1>Whitelabel Error Page</h1><p>This application has no explicit mapping for /error, so you are seeing this as a fallback.</p><div id='created'>Wed Jul 23 16:14:59 CEST 2025</div><div>There was an unexpected error (type=Forbidden, status=403).</div></body></html>
	at com.google.api.client.http.HttpRequest.execute(HttpRequest.java:1061)
	at com.flatirons.pinpoint.server.access.ServerTalk.executeHttpRequest(ServerTalk.java:128)
	at com.flatirons.pinpoint.server.access.impl.AcmServerTalk.doPost(AcmServerTalk.java:107)
	at com.flatirons.pinpoint.server.listener.CreateResourcesRunnable.postResources(CreateResourcesRunnable.java:45)
	at com.flatirons.pinpoint.server.listener.CreateResourcesRunnable.run(CreateResourcesRunnable.java:25)
	at java.base/java.lang.Thread.run(Unknown Source)
[2025-07-23 16:15:04] ERROR [Thread-57] com.flatirons.pinpoint.server.access.impl.AcmServerTalk:113 - Error process http request
com.google.api.client.http.HttpResponseException: 403
<html><body><h1>Whitelabel Error Page</h1><p>This application has no explicit mapping for /error, so you are seeing this as a fallback.</p><div id='created'>Wed Jul 23 16:15:04 CEST 2025</div><div>There was an unexpected error (type=Forbidden, status=403).</div></body></html>
	at com.google.api.client.http.HttpRequest.execute(HttpRequest.java:1061)
	at com.flatirons.pinpoint.server.access.ServerTalk.executeHttpRequest(ServerTalk.java:128)
	at com.flatirons.pinpoint.server.access.impl.AcmServerTalk.doPost(AcmServerTalk.java:107)
	at com.flatirons.pinpoint.server.listener.CreateResourcesRunnable.postResources(CreateResourcesRunnable.java:45)
	at com.flatirons.pinpoint.server.listener.CreateResourcesRunnable.run(CreateResourcesRunnable.java:25)
	at java.base/java.lang.Thread.run(Unknown Source)
[2025-07-23 16:15:09] ERROR [Thread-57] com.flatirons.pinpoint.server.access.impl.AcmServerTalk:113 - Error process http request
com.google.api.client.http.HttpResponseException: 403
<html><body><h1>Whitelabel Error Page</h1><p>This application has no explicit mapping for /error, so you are seeing this as a fallback.</p><div id='created'>Wed Jul 23 16:15:09 CEST 2025</div><div>There was an unexpected error (type=Forbidden, status=403).</div></body></html>
	at com.google.api.client.http.HttpRequest.execute(HttpRequest.java:1061)
	at com.flatirons.pinpoint.server.access.ServerTalk.executeHttpRequest(ServerTalk.java:128)
	at com.flatirons.pinpoint.server.access.impl.AcmServerTalk.doPost(AcmServerTalk.java:107)
	at com.flatirons.pinpoint.server.listener.CreateResourcesRunnable.postResources(CreateResourcesRunnable.java:45)
	at com.flatirons.pinpoint.server.listener.CreateResourcesRunnable.run(CreateResourcesRunnable.java:25)
	at java.base/java.lang.Thread.run(Unknown Source)
[2025-07-23 16:15:14] ERROR [Thread-57] com.flatirons.pinpoint.server.access.impl.AcmServerTalk:113 - Error process http request
com.google.api.client.http.HttpResponseException: 403
<html><body><h1>Whitelabel Error Page</h1><p>This application has no explicit mapping for /error, so you are seeing this as a fallback.</p><div id='created'>Wed Jul 23 16:15:14 CEST 2025</div><div>There was an unexpected error (type=Forbidden, status=403).</div></body></html>
	at com.google.api.client.http.HttpRequest.execute(HttpRequest.java:1061)
	at com.flatirons.pinpoint.server.access.ServerTalk.executeHttpRequest(ServerTalk.java:128)
	at com.flatirons.pinpoint.server.access.impl.AcmServerTalk.doPost(AcmServerTalk.java:107)
	at com.flatirons.pinpoint.server.listener.CreateResourcesRunnable.postResources(CreateResourcesRunnable.java:45)
	at com.flatirons.pinpoint.server.listener.CreateResourcesRunnable.run(CreateResourcesRunnable.java:25)
	at java.base/java.lang.Thread.run(Unknown Source)
[2025-07-23 16:15:19] ERROR [Thread-57] com.flatirons.pinpoint.server.access.impl.AcmServerTalk:113 - Error process http request
com.google.api.client.http.HttpResponseException: 403
<html><body><h1>Whitelabel Error Page</h1><p>This application has no explicit mapping for /error, so you are seeing this as a fallback.</p><div id='created'>Wed Jul 23 16:15:19 CEST 2025</div><div>There was an unexpected error (type=Forbidden, status=403).</div></body></html>
	at com.google.api.client.http.HttpRequest.execute(HttpRequest.java:1061)
	at com.flatirons.pinpoint.server.access.ServerTalk.executeHttpRequest(ServerTalk.java:128)
	at com.flatirons.pinpoint.server.access.impl.AcmServerTalk.doPost(AcmServerTalk.java:107)
	at com.flatirons.pinpoint.server.listener.CreateResourcesRunnable.postResources(CreateResourcesRunnable.java:45)
	at com.flatirons.pinpoint.server.listener.CreateResourcesRunnable.run(CreateResourcesRunnable.java:25)
	at java.base/java.lang.Thread.run(Unknown Source)
[2025-07-23 16:15:24] ERROR [Thread-57] com.flatirons.pinpoint.server.access.impl.AcmServerTalk:113 - Error process http request
com.google.api.client.http.HttpResponseException: 403
<html><body><h1>Whitelabel Error Page</h1><p>This application has no explicit mapping for /error, so you are seeing this as a fallback.</p><div id='created'>Wed Jul 23 16:15:24 CEST 2025</div><div>There was an unexpected error (type=Forbidden, status=403).</div></body></html>
	at com.google.api.client.http.HttpRequest.execute(HttpRequest.java:1061)
	at com.flatirons.pinpoint.server.access.ServerTalk.executeHttpRequest(ServerTalk.java:128)
	at com.flatirons.pinpoint.server.access.impl.AcmServerTalk.doPost(AcmServerTalk.java:107)
	at com.flatirons.pinpoint.server.listener.CreateResourcesRunnable.postResources(CreateResourcesRunnable.java:45)
	at com.flatirons.pinpoint.server.listener.CreateResourcesRunnable.run(CreateResourcesRunnable.java:25)
	at java.base/java.lang.Thread.run(Unknown Source)
[2025-07-23 16:15:29] ERROR [Thread-57] com.flatirons.pinpoint.server.access.impl.AcmServerTalk:113 - Error process http request
com.google.api.client.http.HttpResponseException: 403
<html><body><h1>Whitelabel Error Page</h1><p>This application has no explicit mapping for /error, so you are seeing this as a fallback.</p><div id='created'>Wed Jul 23 16:15:29 CEST 2025</div><div>There was an unexpected error (type=Forbidden, status=403).</div></body></html>
	at com.google.api.client.http.HttpRequest.execute(HttpRequest.java:1061)
	at com.flatirons.pinpoint.server.access.ServerTalk.executeHttpRequest(ServerTalk.java:128)
	at com.flatirons.pinpoint.server.access.impl.AcmServerTalk.doPost(AcmServerTalk.java:107)
	at com.flatirons.pinpoint.server.listener.CreateResourcesRunnable.postResources(CreateResourcesRunnable.java:45)
	at com.flatirons.pinpoint.server.listener.CreateResourcesRunnable.run(CreateResourcesRunnable.java:25)
	at java.base/java.lang.Thread.run(Unknown Source)
[2025-07-23 16:15:34] ERROR [Thread-57] com.flatirons.pinpoint.server.access.impl.AcmServerTalk:113 - Error process http request
com.google.api.client.http.HttpResponseException: 403
<html><body><h1>Whitelabel Error Page</h1><p>This application has no explicit mapping for /error, so you are seeing this as a fallback.</p><div id='created'>Wed Jul 23 16:15:34 CEST 2025</div><div>There was an unexpected error (type=Forbidden, status=403).</div></body></html>
	at com.google.api.client.http.HttpRequest.execute(HttpRequest.java:1061)
	at com.flatirons.pinpoint.server.access.ServerTalk.executeHttpRequest(ServerTalk.java:128)
	at com.flatirons.pinpoint.server.access.impl.AcmServerTalk.doPost(AcmServerTalk.java:107)
	at com.flatirons.pinpoint.server.listener.CreateResourcesRunnable.postResources(CreateResourcesRunnable.java:45)
	at com.flatirons.pinpoint.server.listener.CreateResourcesRunnable.run(CreateResourcesRunnable.java:25)
	at java.base/java.lang.Thread.run(Unknown Source)
[2025-07-23 16:15:39] ERROR [Thread-57] com.flatirons.pinpoint.server.access.impl.AcmServerTalk:113 - Error process http request
com.google.api.client.http.HttpResponseException: 403
<html><body><h1>Whitelabel Error Page</h1><p>This application has no explicit mapping for /error, so you are seeing this as a fallback.</p><div id='created'>Wed Jul 23 16:15:39 CEST 2025</div><div>There was an unexpected error (type=Forbidden, status=403).</div></body></html>
	at com.google.api.client.http.HttpRequest.execute(HttpRequest.java:1061)
	at com.flatirons.pinpoint.server.access.ServerTalk.executeHttpRequest(ServerTalk.java:128)
	at com.flatirons.pinpoint.server.access.impl.AcmServerTalk.doPost(AcmServerTalk.java:107)
	at com.flatirons.pinpoint.server.listener.CreateResourcesRunnable.postResources(CreateResourcesRunnable.java:45)
	at com.flatirons.pinpoint.server.listener.CreateResourcesRunnable.run(CreateResourcesRunnable.java:25)
	at java.base/java.lang.Thread.run(Unknown Source)
[2025-07-23 16:15:44] ERROR [Thread-57] com.flatirons.pinpoint.server.access.impl.AcmServerTalk:113 - Error process http request
com.google.api.client.http.HttpResponseException: 403
<html><body><h1>Whitelabel Error Page</h1><p>This application has no explicit mapping for /error, so you are seeing this as a fallback.</p><div id='created'>Wed Jul 23 16:15:44 CEST 2025</div><div>There was an unexpected error (type=Forbidden, status=403).</div></body></html>
	at com.google.api.client.http.HttpRequest.execute(HttpRequest.java:1061)
	at com.flatirons.pinpoint.server.access.ServerTalk.executeHttpRequest(ServerTalk.java:128)
	at com.flatirons.pinpoint.server.access.impl.AcmServerTalk.doPost(AcmServerTalk.java:107)
	at com.flatirons.pinpoint.server.listener.CreateResourcesRunnable.postResources(CreateResourcesRunnable.java:45)
	at com.flatirons.pinpoint.server.listener.CreateResourcesRunnable.run(CreateResourcesRunnable.java:25)
	at java.base/java.lang.Thread.run(Unknown Source)
[2025-07-23 16:15:49] ERROR [Thread-57] com.flatirons.pinpoint.server.access.impl.AcmServerTalk:113 - Error process http request
com.google.api.client.http.HttpResponseException: 403
<html><body><h1>Whitelabel Error Page</h1><p>This application has no explicit mapping for /error, so you are seeing this as a fallback.</p><div id='created'>Wed Jul 23 16:15:49 CEST 2025</div><div>There was an unexpected error (type=Forbidden, status=403).</div></body></html>
	at com.google.api.client.http.HttpRequest.execute(HttpRequest.java:1061)
	at com.flatirons.pinpoint.server.access.ServerTalk.executeHttpRequest(ServerTalk.java:128)
	at com.flatirons.pinpoint.server.access.impl.AcmServerTalk.doPost(AcmServerTalk.java:107)
	at com.flatirons.pinpoint.server.listener.CreateResourcesRunnable.postResources(CreateResourcesRunnable.java:45)
	at com.flatirons.pinpoint.server.listener.CreateResourcesRunnable.run(CreateResourcesRunnable.java:25)
	at java.base/java.lang.Thread.run(Unknown Source)
[2025-07-23 16:15:54] ERROR [Thread-57] com.flatirons.pinpoint.server.access.impl.AcmServerTalk:113 - Error process http request
com.google.api.client.http.HttpResponseException: 403
<html><body><h1>Whitelabel Error Page</h1><p>This application has no explicit mapping for /error, so you are seeing this as a fallback.</p><div id='created'>Wed Jul 23 16:15:54 CEST 2025</div><div>There was an unexpected error (type=Forbidden, status=403).</div></body></html>
	at com.google.api.client.http.HttpRequest.execute(HttpRequest.java:1061)
	at com.flatirons.pinpoint.server.access.ServerTalk.executeHttpRequest(ServerTalk.java:128)
	at com.flatirons.pinpoint.server.access.impl.AcmServerTalk.doPost(AcmServerTalk.java:107)
	at com.flatirons.pinpoint.server.listener.CreateResourcesRunnable.postResources(CreateResourcesRunnable.java:45)
	at com.flatirons.pinpoint.server.listener.CreateResourcesRunnable.run(CreateResourcesRunnable.java:25)
	at java.base/java.lang.Thread.run(Unknown Source)
[2025-07-23 16:15:59] ERROR [Thread-57] com.flatirons.pinpoint.server.access.impl.AcmServerTalk:113 - Error process http request
com.google.api.client.http.HttpResponseException: 403
<html><body><h1>Whitelabel Error Page</h1><p>This application has no explicit mapping for /error, so you are seeing this as a fallback.</p><div id='created'>Wed Jul 23 16:15:59 CEST 2025</div><div>There was an unexpected error (type=Forbidden, status=403).</div></body></html>
	at com.google.api.client.http.HttpRequest.execute(HttpRequest.java:1061)
	at com.flatirons.pinpoint.server.access.ServerTalk.executeHttpRequest(ServerTalk.java:128)
	at com.flatirons.pinpoint.server.access.impl.AcmServerTalk.doPost(AcmServerTalk.java:107)
	at com.flatirons.pinpoint.server.listener.CreateResourcesRunnable.postResources(CreateResourcesRunnable.java:45)
	at com.flatirons.pinpoint.server.listener.CreateResourcesRunnable.run(CreateResourcesRunnable.java:25)
	at java.base/java.lang.Thread.run(Unknown Source)
[2025-07-23 16:16:04] ERROR [Thread-57] com.flatirons.pinpoint.server.access.impl.AcmServerTalk:113 - Error process http request
com.google.api.client.http.HttpResponseException: 403
<html><body><h1>Whitelabel Error Page</h1><p>This application has no explicit mapping for /error, so you are seeing this as a fallback.</p><div id='created'>Wed Jul 23 16:16:04 CEST 2025</div><div>There was an unexpected error (type=Forbidden, status=403).</div></body></html>
	at com.google.api.client.http.HttpRequest.execute(HttpRequest.java:1061)
	at com.flatirons.pinpoint.server.access.ServerTalk.executeHttpRequest(ServerTalk.java:128)
	at com.flatirons.pinpoint.server.access.impl.AcmServerTalk.doPost(AcmServerTalk.java:107)
	at com.flatirons.pinpoint.server.listener.CreateResourcesRunnable.postResources(CreateResourcesRunnable.java:45)
	at com.flatirons.pinpoint.server.listener.CreateResourcesRunnable.run(CreateResourcesRunnable.java:25)
	at java.base/java.lang.Thread.run(Unknown Source)
[2025-07-23 16:16:09] ERROR [Thread-57] com.flatirons.pinpoint.server.access.impl.AcmServerTalk:113 - Error process http request
com.google.api.client.http.HttpResponseException: 403
<html><body><h1>Whitelabel Error Page</h1><p>This application has no explicit mapping for /error, so you are seeing this as a fallback.</p><div id='created'>Wed Jul 23 16:16:09 CEST 2025</div><div>There was an unexpected error (type=Forbidden, status=403).</div></body></html>
	at com.google.api.client.http.HttpRequest.execute(HttpRequest.java:1061)
	at com.flatirons.pinpoint.server.access.ServerTalk.executeHttpRequest(ServerTalk.java:128)
	at com.flatirons.pinpoint.server.access.impl.AcmServerTalk.doPost(AcmServerTalk.java:107)
	at com.flatirons.pinpoint.server.listener.CreateResourcesRunnable.postResources(CreateResourcesRunnable.java:45)
	at com.flatirons.pinpoint.server.listener.CreateResourcesRunnable.run(CreateResourcesRunnable.java:25)
	at java.base/java.lang.Thread.run(Unknown Source)
[2025-07-23 16:16:14] ERROR [Thread-57] com.flatirons.pinpoint.server.access.impl.AcmServerTalk:113 - Error process http request
com.google.api.client.http.HttpResponseException: 403
<html><body><h1>Whitelabel Error Page</h1><p>This application has no explicit mapping for /error, so you are seeing this as a fallback.</p><div id='created'>Wed Jul 23 16:16:14 CEST 2025</div><div>There was an unexpected error (type=Forbidden, status=403).</div></body></html>
	at com.google.api.client.http.HttpRequest.execute(HttpRequest.java:1061)
	at com.flatirons.pinpoint.server.access.ServerTalk.executeHttpRequest(ServerTalk.java:128)
	at com.flatirons.pinpoint.server.access.impl.AcmServerTalk.doPost(AcmServerTalk.java:107)
	at com.flatirons.pinpoint.server.listener.CreateResourcesRunnable.postResources(CreateResourcesRunnable.java:45)
	at com.flatirons.pinpoint.server.listener.CreateResourcesRunnable.run(CreateResourcesRunnable.java:25)
	at java.base/java.lang.Thread.run(Unknown Source)
[2025-07-23 16:16:19] ERROR [Thread-57] com.flatirons.pinpoint.server.access.impl.AcmServerTalk:113 - Error process http request
com.google.api.client.http.HttpResponseException: 403
<html><body><h1>Whitelabel Error Page</h1><p>This application has no explicit mapping for /error, so you are seeing this as a fallback.</p><div id='created'>Wed Jul 23 16:16:19 CEST 2025</div><div>There was an unexpected error (type=Forbidden, status=403).</div></body></html>
	at com.google.api.client.http.HttpRequest.execute(HttpRequest.java:1061)
	at com.flatirons.pinpoint.server.access.ServerTalk.executeHttpRequest(ServerTalk.java:128)
	at com.flatirons.pinpoint.server.access.impl.AcmServerTalk.doPost(AcmServerTalk.java:107)
	at com.flatirons.pinpoint.server.listener.CreateResourcesRunnable.postResources(CreateResourcesRunnable.java:45)
	at com.flatirons.pinpoint.server.listener.CreateResourcesRunnable.run(CreateResourcesRunnable.java:25)
	at java.base/java.lang.Thread.run(Unknown Source)
[2025-07-23 16:16:24] ERROR [Thread-57] com.flatirons.pinpoint.server.access.impl.AcmServerTalk:113 - Error process http request
com.google.api.client.http.HttpResponseException: 403
<html><body><h1>Whitelabel Error Page</h1><p>This application has no explicit mapping for /error, so you are seeing this as a fallback.</p><div id='created'>Wed Jul 23 16:16:24 CEST 2025</div><div>There was an unexpected error (type=Forbidden, status=403).</div></body></html>
	at com.google.api.client.http.HttpRequest.execute(HttpRequest.java:1061)
	at com.flatirons.pinpoint.server.access.ServerTalk.executeHttpRequest(ServerTalk.java:128)
	at com.flatirons.pinpoint.server.access.impl.AcmServerTalk.doPost(AcmServerTalk.java:107)
	at com.flatirons.pinpoint.server.listener.CreateResourcesRunnable.postResources(CreateResourcesRunnable.java:45)
	at com.flatirons.pinpoint.server.listener.CreateResourcesRunnable.run(CreateResourcesRunnable.java:25)
	at java.base/java.lang.Thread.run(Unknown Source)
[2025-07-23 16:16:29] ERROR [Thread-57] com.flatirons.pinpoint.server.access.impl.AcmServerTalk:113 - Error process http request
com.google.api.client.http.HttpResponseException: 403
<html><body><h1>Whitelabel Error Page</h1><p>This application has no explicit mapping for /error, so you are seeing this as a fallback.</p><div id='created'>Wed Jul 23 16:16:29 CEST 2025</div><div>There was an unexpected error (type=Forbidden, status=403).</div></body></html>
	at com.google.api.client.http.HttpRequest.execute(HttpRequest.java:1061)
	at com.flatirons.pinpoint.server.access.ServerTalk.executeHttpRequest(ServerTalk.java:128)
	at com.flatirons.pinpoint.server.access.impl.AcmServerTalk.doPost(AcmServerTalk.java:107)
	at com.flatirons.pinpoint.server.listener.CreateResourcesRunnable.postResources(CreateResourcesRunnable.java:45)
	at com.flatirons.pinpoint.server.listener.CreateResourcesRunnable.run(CreateResourcesRunnable.java:25)
	at java.base/java.lang.Thread.run(Unknown Source)
[2025-07-23 16:16:34] ERROR [Thread-57] com.flatirons.pinpoint.server.access.impl.AcmServerTalk:113 - Error process http request
com.google.api.client.http.HttpResponseException: 403
<html><body><h1>Whitelabel Error Page</h1><p>This application has no explicit mapping for /error, so you are seeing this as a fallback.</p><div id='created'>Wed Jul 23 16:16:34 CEST 2025</div><div>There was an unexpected error (type=Forbidden, status=403).</div></body></html>
	at com.google.api.client.http.HttpRequest.execute(HttpRequest.java:1061)
	at com.flatirons.pinpoint.server.access.ServerTalk.executeHttpRequest(ServerTalk.java:128)
	at com.flatirons.pinpoint.server.access.impl.AcmServerTalk.doPost(AcmServerTalk.java:107)
	at com.flatirons.pinpoint.server.listener.CreateResourcesRunnable.postResources(CreateResourcesRunnable.java:45)
	at com.flatirons.pinpoint.server.listener.CreateResourcesRunnable.run(CreateResourcesRunnable.java:25)
	at java.base/java.lang.Thread.run(Unknown Source)
[2025-07-23 16:16:39] ERROR [Thread-57] com.flatirons.pinpoint.server.access.impl.AcmServerTalk:113 - Error process http request
com.google.api.client.http.HttpResponseException: 403
<html><body><h1>Whitelabel Error Page</h1><p>This application has no explicit mapping for /error, so you are seeing this as a fallback.</p><div id='created'>Wed Jul 23 16:16:39 CEST 2025</div><div>There was an unexpected error (type=Forbidden, status=403).</div></body></html>
	at com.google.api.client.http.HttpRequest.execute(HttpRequest.java:1061)
	at com.flatirons.pinpoint.server.access.ServerTalk.executeHttpRequest(ServerTalk.java:128)
	at com.flatirons.pinpoint.server.access.impl.AcmServerTalk.doPost(AcmServerTalk.java:107)
	at com.flatirons.pinpoint.server.listener.CreateResourcesRunnable.postResources(CreateResourcesRunnable.java:45)
	at com.flatirons.pinpoint.server.listener.CreateResourcesRunnable.run(CreateResourcesRunnable.java:25)
	at java.base/java.lang.Thread.run(Unknown Source)
[2025-07-23 16:16:44] ERROR [Thread-57] com.flatirons.pinpoint.server.access.impl.AcmServerTalk:113 - Error process http request
com.google.api.client.http.HttpResponseException: 403
<html><body><h1>Whitelabel Error Page</h1><p>This application has no explicit mapping for /error, so you are seeing this as a fallback.</p><div id='created'>Wed Jul 23 16:16:44 CEST 2025</div><div>There was an unexpected error (type=Forbidden, status=403).</div></body></html>
	at com.google.api.client.http.HttpRequest.execute(HttpRequest.java:1061)
	at com.flatirons.pinpoint.server.access.ServerTalk.executeHttpRequest(ServerTalk.java:128)
	at com.flatirons.pinpoint.server.access.impl.AcmServerTalk.doPost(AcmServerTalk.java:107)
	at com.flatirons.pinpoint.server.listener.CreateResourcesRunnable.postResources(CreateResourcesRunnable.java:45)
	at com.flatirons.pinpoint.server.listener.CreateResourcesRunnable.run(CreateResourcesRunnable.java:25)
	at java.base/java.lang.Thread.run(Unknown Source)
[2025-07-23 16:16:49] ERROR [Thread-57] com.flatirons.pinpoint.server.access.impl.AcmServerTalk:113 - Error process http request
com.google.api.client.http.HttpResponseException: 403
<html><body><h1>Whitelabel Error Page</h1><p>This application has no explicit mapping for /error, so you are seeing this as a fallback.</p><div id='created'>Wed Jul 23 16:16:49 CEST 2025</div><div>There was an unexpected error (type=Forbidden, status=403).</div></body></html>
	at com.google.api.client.http.HttpRequest.execute(HttpRequest.java:1061)
	at com.flatirons.pinpoint.server.access.ServerTalk.executeHttpRequest(ServerTalk.java:128)
	at com.flatirons.pinpoint.server.access.impl.AcmServerTalk.doPost(AcmServerTalk.java:107)
	at com.flatirons.pinpoint.server.listener.CreateResourcesRunnable.postResources(CreateResourcesRunnable.java:45)
	at com.flatirons.pinpoint.server.listener.CreateResourcesRunnable.run(CreateResourcesRunnable.java:25)
	at java.base/java.lang.Thread.run(Unknown Source)
[2025-07-23 16:16:54] ERROR [Thread-57] com.flatirons.pinpoint.server.access.impl.AcmServerTalk:113 - Error process http request
com.google.api.client.http.HttpResponseException: 403
<html><body><h1>Whitelabel Error Page</h1><p>This application has no explicit mapping for /error, so you are seeing this as a fallback.</p><div id='created'>Wed Jul 23 16:16:54 CEST 2025</div><div>There was an unexpected error (type=Forbidden, status=403).</div></body></html>
	at com.google.api.client.http.HttpRequest.execute(HttpRequest.java:1061)
	at com.flatirons.pinpoint.server.access.ServerTalk.executeHttpRequest(ServerTalk.java:128)
	at com.flatirons.pinpoint.server.access.impl.AcmServerTalk.doPost(AcmServerTalk.java:107)
	at com.flatirons.pinpoint.server.listener.CreateResourcesRunnable.postResources(CreateResourcesRunnable.java:45)
	at com.flatirons.pinpoint.server.listener.CreateResourcesRunnable.run(CreateResourcesRunnable.java:25)
	at java.base/java.lang.Thread.run(Unknown Source)
[2025-07-23 16:16:59] ERROR [Thread-57] com.flatirons.pinpoint.server.access.impl.AcmServerTalk:113 - Error process http request
com.google.api.client.http.HttpResponseException: 403
<html><body><h1>Whitelabel Error Page</h1><p>This application has no explicit mapping for /error, so you are seeing this as a fallback.</p><div id='created'>Wed Jul 23 16:16:59 CEST 2025</div><div>There was an unexpected error (type=Forbidden, status=403).</div></body></html>
	at com.google.api.client.http.HttpRequest.execute(HttpRequest.java:1061)
	at com.flatirons.pinpoint.server.access.ServerTalk.executeHttpRequest(ServerTalk.java:128)
	at com.flatirons.pinpoint.server.access.impl.AcmServerTalk.doPost(AcmServerTalk.java:107)
	at com.flatirons.pinpoint.server.listener.CreateResourcesRunnable.postResources(CreateResourcesRunnable.java:45)
	at com.flatirons.pinpoint.server.listener.CreateResourcesRunnable.run(CreateResourcesRunnable.java:25)
	at java.base/java.lang.Thread.run(Unknown Source)
[2025-07-23 16:17:04] ERROR [Thread-57] com.flatirons.pinpoint.server.access.impl.AcmServerTalk:113 - Error process http request
com.google.api.client.http.HttpResponseException: 403
<html><body><h1>Whitelabel Error Page</h1><p>This application has no explicit mapping for /error, so you are seeing this as a fallback.</p><div id='created'>Wed Jul 23 16:17:04 CEST 2025</div><div>There was an unexpected error (type=Forbidden, status=403).</div></body></html>
	at com.google.api.client.http.HttpRequest.execute(HttpRequest.java:1061)
	at com.flatirons.pinpoint.server.access.ServerTalk.executeHttpRequest(ServerTalk.java:128)
	at com.flatirons.pinpoint.server.access.impl.AcmServerTalk.doPost(AcmServerTalk.java:107)
	at com.flatirons.pinpoint.server.listener.CreateResourcesRunnable.postResources(CreateResourcesRunnable.java:45)
	at com.flatirons.pinpoint.server.listener.CreateResourcesRunnable.run(CreateResourcesRunnable.java:25)
	at java.base/java.lang.Thread.run(Unknown Source)
[2025-07-23 16:17:09] ERROR [Thread-57] com.flatirons.pinpoint.server.access.impl.AcmServerTalk:113 - Error process http request
com.google.api.client.http.HttpResponseException: 403
<html><body><h1>Whitelabel Error Page</h1><p>This application has no explicit mapping for /error, so you are seeing this as a fallback.</p><div id='created'>Wed Jul 23 16:17:09 CEST 2025</div><div>There was an unexpected error (type=Forbidden, status=403).</div></body></html>
	at com.google.api.client.http.HttpRequest.execute(HttpRequest.java:1061)
	at com.flatirons.pinpoint.server.access.ServerTalk.executeHttpRequest(ServerTalk.java:128)
	at com.flatirons.pinpoint.server.access.impl.AcmServerTalk.doPost(AcmServerTalk.java:107)
	at com.flatirons.pinpoint.server.listener.CreateResourcesRunnable.postResources(CreateResourcesRunnable.java:45)
	at com.flatirons.pinpoint.server.listener.CreateResourcesRunnable.run(CreateResourcesRunnable.java:25)
	at java.base/java.lang.Thread.run(Unknown Source)
[2025-07-23 16:17:15] ERROR [Thread-57] com.flatirons.pinpoint.server.access.impl.AcmServerTalk:113 - Error process http request
com.google.api.client.http.HttpResponseException: 403
<html><body><h1>Whitelabel Error Page</h1><p>This application has no explicit mapping for /error, so you are seeing this as a fallback.</p><div id='created'>Wed Jul 23 16:17:15 CEST 2025</div><div>There was an unexpected error (type=Forbidden, status=403).</div></body></html>
	at com.google.api.client.http.HttpRequest.execute(HttpRequest.java:1061)
	at com.flatirons.pinpoint.server.access.ServerTalk.executeHttpRequest(ServerTalk.java:128)
	at com.flatirons.pinpoint.server.access.impl.AcmServerTalk.doPost(AcmServerTalk.java:107)
	at com.flatirons.pinpoint.server.listener.CreateResourcesRunnable.postResources(CreateResourcesRunnable.java:45)
	at com.flatirons.pinpoint.server.listener.CreateResourcesRunnable.run(CreateResourcesRunnable.java:25)
	at java.base/java.lang.Thread.run(Unknown Source)
[2025-07-23 16:17:20] ERROR [Thread-57] com.flatirons.pinpoint.server.access.impl.AcmServerTalk:113 - Error process http request
com.google.api.client.http.HttpResponseException: 403
<html><body><h1>Whitelabel Error Page</h1><p>This application has no explicit mapping for /error, so you are seeing this as a fallback.</p><div id='created'>Wed Jul 23 16:17:20 CEST 2025</div><div>There was an unexpected error (type=Forbidden, status=403).</div></body></html>
	at com.google.api.client.http.HttpRequest.execute(HttpRequest.java:1061)
	at com.flatirons.pinpoint.server.access.ServerTalk.executeHttpRequest(ServerTalk.java:128)
	at com.flatirons.pinpoint.server.access.impl.AcmServerTalk.doPost(AcmServerTalk.java:107)
	at com.flatirons.pinpoint.server.listener.CreateResourcesRunnable.postResources(CreateResourcesRunnable.java:45)
	at com.flatirons.pinpoint.server.listener.CreateResourcesRunnable.run(CreateResourcesRunnable.java:25)
	at java.base/java.lang.Thread.run(Unknown Source)
[2025-07-23 16:17:25] ERROR [Thread-57] com.flatirons.pinpoint.server.access.impl.AcmServerTalk:113 - Error process http request
com.google.api.client.http.HttpResponseException: 403
<html><body><h1>Whitelabel Error Page</h1><p>This application has no explicit mapping for /error, so you are seeing this as a fallback.</p><div id='created'>Wed Jul 23 16:17:25 CEST 2025</div><div>There was an unexpected error (type=Forbidden, status=403).</div></body></html>
	at com.google.api.client.http.HttpRequest.execute(HttpRequest.java:1061)
	at com.flatirons.pinpoint.server.access.ServerTalk.executeHttpRequest(ServerTalk.java:128)
	at com.flatirons.pinpoint.server.access.impl.AcmServerTalk.doPost(AcmServerTalk.java:107)
	at com.flatirons.pinpoint.server.listener.CreateResourcesRunnable.postResources(CreateResourcesRunnable.java:45)
	at com.flatirons.pinpoint.server.listener.CreateResourcesRunnable.run(CreateResourcesRunnable.java:25)
	at java.base/java.lang.Thread.run(Unknown Source)
[2025-07-23 16:17:30] ERROR [Thread-57] com.flatirons.pinpoint.server.access.impl.AcmServerTalk:113 - Error process http request
com.google.api.client.http.HttpResponseException: 403
<html><body><h1>Whitelabel Error Page</h1><p>This application has no explicit mapping for /error, so you are seeing this as a fallback.</p><div id='created'>Wed Jul 23 16:17:30 CEST 2025</div><div>There was an unexpected error (type=Forbidden, status=403).</div></body></html>
	at com.google.api.client.http.HttpRequest.execute(HttpRequest.java:1061)
	at com.flatirons.pinpoint.server.access.ServerTalk.executeHttpRequest(ServerTalk.java:128)
	at com.flatirons.pinpoint.server.access.impl.AcmServerTalk.doPost(AcmServerTalk.java:107)
	at com.flatirons.pinpoint.server.listener.CreateResourcesRunnable.postResources(CreateResourcesRunnable.java:45)
	at com.flatirons.pinpoint.server.listener.CreateResourcesRunnable.run(CreateResourcesRunnable.java:25)
	at java.base/java.lang.Thread.run(Unknown Source)
[2025-07-23 16:17:35] ERROR [Thread-57] com.flatirons.pinpoint.server.access.impl.AcmServerTalk:113 - Error process http request
com.google.api.client.http.HttpResponseException: 403
<html><body><h1>Whitelabel Error Page</h1><p>This application has no explicit mapping for /error, so you are seeing this as a fallback.</p><div id='created'>Wed Jul 23 16:17:35 CEST 2025</div><div>There was an unexpected error (type=Forbidden, status=403).</div></body></html>
	at com.google.api.client.http.HttpRequest.execute(HttpRequest.java:1061)
	at com.flatirons.pinpoint.server.access.ServerTalk.executeHttpRequest(ServerTalk.java:128)
	at com.flatirons.pinpoint.server.access.impl.AcmServerTalk.doPost(AcmServerTalk.java:107)
	at com.flatirons.pinpoint.server.listener.CreateResourcesRunnable.postResources(CreateResourcesRunnable.java:45)
	at com.flatirons.pinpoint.server.listener.CreateResourcesRunnable.run(CreateResourcesRunnable.java:25)
	at java.base/java.lang.Thread.run(Unknown Source)
[2025-07-23 16:17:40] ERROR [Thread-57] com.flatirons.pinpoint.server.access.impl.AcmServerTalk:113 - Error process http request
com.google.api.client.http.HttpResponseException: 403
<html><body><h1>Whitelabel Error Page</h1><p>This application has no explicit mapping for /error, so you are seeing this as a fallback.</p><div id='created'>Wed Jul 23 16:17:40 CEST 2025</div><div>There was an unexpected error (type=Forbidden, status=403).</div></body></html>
	at com.google.api.client.http.HttpRequest.execute(HttpRequest.java:1061)
	at com.flatirons.pinpoint.server.access.ServerTalk.executeHttpRequest(ServerTalk.java:128)
	at com.flatirons.pinpoint.server.access.impl.AcmServerTalk.doPost(AcmServerTalk.java:107)
	at com.flatirons.pinpoint.server.listener.CreateResourcesRunnable.postResources(CreateResourcesRunnable.java:45)
	at com.flatirons.pinpoint.server.listener.CreateResourcesRunnable.run(CreateResourcesRunnable.java:25)
	at java.base/java.lang.Thread.run(Unknown Source)
[2025-07-23 16:17:45] ERROR [Thread-57] com.flatirons.pinpoint.server.access.impl.AcmServerTalk:113 - Error process http request
com.google.api.client.http.HttpResponseException: 403
<html><body><h1>Whitelabel Error Page</h1><p>This application has no explicit mapping for /error, so you are seeing this as a fallback.</p><div id='created'>Wed Jul 23 16:17:45 CEST 2025</div><div>There was an unexpected error (type=Forbidden, status=403).</div></body></html>
	at com.google.api.client.http.HttpRequest.execute(HttpRequest.java:1061)
	at com.flatirons.pinpoint.server.access.ServerTalk.executeHttpRequest(ServerTalk.java:128)
	at com.flatirons.pinpoint.server.access.impl.AcmServerTalk.doPost(AcmServerTalk.java:107)
	at com.flatirons.pinpoint.server.listener.CreateResourcesRunnable.postResources(CreateResourcesRunnable.java:45)
	at com.flatirons.pinpoint.server.listener.CreateResourcesRunnable.run(CreateResourcesRunnable.java:25)
	at java.base/java.lang.Thread.run(Unknown Source)
[2025-07-23 16:17:50] ERROR [Thread-57] com.flatirons.pinpoint.server.access.impl.AcmServerTalk:113 - Error process http request
com.google.api.client.http.HttpResponseException: 403
<html><body><h1>Whitelabel Error Page</h1><p>This application has no explicit mapping for /error, so you are seeing this as a fallback.</p><div id='created'>Wed Jul 23 16:17:50 CEST 2025</div><div>There was an unexpected error (type=Forbidden, status=403).</div></body></html>
	at com.google.api.client.http.HttpRequest.execute(HttpRequest.java:1061)
	at com.flatirons.pinpoint.server.access.ServerTalk.executeHttpRequest(ServerTalk.java:128)
	at com.flatirons.pinpoint.server.access.impl.AcmServerTalk.doPost(AcmServerTalk.java:107)
	at com.flatirons.pinpoint.server.listener.CreateResourcesRunnable.postResources(CreateResourcesRunnable.java:45)
	at com.flatirons.pinpoint.server.listener.CreateResourcesRunnable.run(CreateResourcesRunnable.java:25)
	at java.base/java.lang.Thread.run(Unknown Source)
[2025-07-23 16:17:55] ERROR [Thread-57] com.flatirons.pinpoint.server.access.impl.AcmServerTalk:113 - Error process http request
com.google.api.client.http.HttpResponseException: 403
<html><body><h1>Whitelabel Error Page</h1><p>This application has no explicit mapping for /error, so you are seeing this as a fallback.</p><div id='created'>Wed Jul 23 16:17:55 CEST 2025</div><div>There was an unexpected error (type=Forbidden, status=403).</div></body></html>
	at com.google.api.client.http.HttpRequest.execute(HttpRequest.java:1061)
	at com.flatirons.pinpoint.server.access.ServerTalk.executeHttpRequest(ServerTalk.java:128)
	at com.flatirons.pinpoint.server.access.impl.AcmServerTalk.doPost(AcmServerTalk.java:107)
	at com.flatirons.pinpoint.server.listener.CreateResourcesRunnable.postResources(CreateResourcesRunnable.java:45)
	at com.flatirons.pinpoint.server.listener.CreateResourcesRunnable.run(CreateResourcesRunnable.java:25)
	at java.base/java.lang.Thread.run(Unknown Source)
[2025-07-23 16:18:00] ERROR [Thread-57] com.flatirons.pinpoint.server.access.impl.AcmServerTalk:113 - Error process http request
com.google.api.client.http.HttpResponseException: 403
<html><body><h1>Whitelabel Error Page</h1><p>This application has no explicit mapping for /error, so you are seeing this as a fallback.</p><div id='created'>Wed Jul 23 16:18:00 CEST 2025</div><div>There was an unexpected error (type=Forbidden, status=403).</div></body></html>
	at com.google.api.client.http.HttpRequest.execute(HttpRequest.java:1061)
	at com.flatirons.pinpoint.server.access.ServerTalk.executeHttpRequest(ServerTalk.java:128)
	at com.flatirons.pinpoint.server.access.impl.AcmServerTalk.doPost(AcmServerTalk.java:107)
	at com.flatirons.pinpoint.server.listener.CreateResourcesRunnable.postResources(CreateResourcesRunnable.java:45)
	at com.flatirons.pinpoint.server.listener.CreateResourcesRunnable.run(CreateResourcesRunnable.java:25)
	at java.base/java.lang.Thread.run(Unknown Source)
[2025-07-23 16:18:05] ERROR [Thread-57] com.flatirons.pinpoint.server.access.impl.AcmServerTalk:113 - Error process http request
com.google.api.client.http.HttpResponseException: 403
<html><body><h1>Whitelabel Error Page</h1><p>This application has no explicit mapping for /error, so you are seeing this as a fallback.</p><div id='created'>Wed Jul 23 16:18:05 CEST 2025</div><div>There was an unexpected error (type=Forbidden, status=403).</div></body></html>
	at com.google.api.client.http.HttpRequest.execute(HttpRequest.java:1061)
	at com.flatirons.pinpoint.server.access.ServerTalk.executeHttpRequest(ServerTalk.java:128)
	at com.flatirons.pinpoint.server.access.impl.AcmServerTalk.doPost(AcmServerTalk.java:107)
	at com.flatirons.pinpoint.server.listener.CreateResourcesRunnable.postResources(CreateResourcesRunnable.java:45)
	at com.flatirons.pinpoint.server.listener.CreateResourcesRunnable.run(CreateResourcesRunnable.java:25)
	at java.base/java.lang.Thread.run(Unknown Source)
[2025-07-23 16:18:10] ERROR [Thread-57] com.flatirons.pinpoint.server.access.impl.AcmServerTalk:113 - Error process http request
com.google.api.client.http.HttpResponseException: 403
<html><body><h1>Whitelabel Error Page</h1><p>This application has no explicit mapping for /error, so you are seeing this as a fallback.</p><div id='created'>Wed Jul 23 16:18:10 CEST 2025</div><div>There was an unexpected error (type=Forbidden, status=403).</div></body></html>
	at com.google.api.client.http.HttpRequest.execute(HttpRequest.java:1061)
	at com.flatirons.pinpoint.server.access.ServerTalk.executeHttpRequest(ServerTalk.java:128)
	at com.flatirons.pinpoint.server.access.impl.AcmServerTalk.doPost(AcmServerTalk.java:107)
	at com.flatirons.pinpoint.server.listener.CreateResourcesRunnable.postResources(CreateResourcesRunnable.java:45)
	at com.flatirons.pinpoint.server.listener.CreateResourcesRunnable.run(CreateResourcesRunnable.java:25)
	at java.base/java.lang.Thread.run(Unknown Source)
[2025-07-23 16:18:15] ERROR [Thread-57] com.flatirons.pinpoint.server.access.impl.AcmServerTalk:113 - Error process http request
com.google.api.client.http.HttpResponseException: 403
<html><body><h1>Whitelabel Error Page</h1><p>This application has no explicit mapping for /error, so you are seeing this as a fallback.</p><div id='created'>Wed Jul 23 16:18:15 CEST 2025</div><div>There was an unexpected error (type=Forbidden, status=403).</div></body></html>
	at com.google.api.client.http.HttpRequest.execute(HttpRequest.java:1061)
	at com.flatirons.pinpoint.server.access.ServerTalk.executeHttpRequest(ServerTalk.java:128)
	at com.flatirons.pinpoint.server.access.impl.AcmServerTalk.doPost(AcmServerTalk.java:107)
	at com.flatirons.pinpoint.server.listener.CreateResourcesRunnable.postResources(CreateResourcesRunnable.java:45)
	at com.flatirons.pinpoint.server.listener.CreateResourcesRunnable.run(CreateResourcesRunnable.java:25)
	at java.base/java.lang.Thread.run(Unknown Source)
[2025-07-23 16:18:20] ERROR [Thread-57] com.flatirons.pinpoint.server.access.impl.AcmServerTalk:113 - Error process http request
com.google.api.client.http.HttpResponseException: 403
<html><body><h1>Whitelabel Error Page</h1><p>This application has no explicit mapping for /error, so you are seeing this as a fallback.</p><div id='created'>Wed Jul 23 16:18:20 CEST 2025</div><div>There was an unexpected error (type=Forbidden, status=403).</div></body></html>
	at com.google.api.client.http.HttpRequest.execute(HttpRequest.java:1061)
	at com.flatirons.pinpoint.server.access.ServerTalk.executeHttpRequest(ServerTalk.java:128)
	at com.flatirons.pinpoint.server.access.impl.AcmServerTalk.doPost(AcmServerTalk.java:107)
	at com.flatirons.pinpoint.server.listener.CreateResourcesRunnable.postResources(CreateResourcesRunnable.java:45)
	at com.flatirons.pinpoint.server.listener.CreateResourcesRunnable.run(CreateResourcesRunnable.java:25)
	at java.base/java.lang.Thread.run(Unknown Source)
[2025-07-23 16:18:25] ERROR [Thread-57] com.flatirons.pinpoint.server.access.impl.AcmServerTalk:113 - Error process http request
com.google.api.client.http.HttpResponseException: 403
<html><body><h1>Whitelabel Error Page</h1><p>This application has no explicit mapping for /error, so you are seeing this as a fallback.</p><div id='created'>Wed Jul 23 16:18:25 CEST 2025</div><div>There was an unexpected error (type=Forbidden, status=403).</div></body></html>
	at com.google.api.client.http.HttpRequest.execute(HttpRequest.java:1061)
	at com.flatirons.pinpoint.server.access.ServerTalk.executeHttpRequest(ServerTalk.java:128)
	at com.flatirons.pinpoint.server.access.impl.AcmServerTalk.doPost(AcmServerTalk.java:107)
	at com.flatirons.pinpoint.server.listener.CreateResourcesRunnable.postResources(CreateResourcesRunnable.java:45)
	at com.flatirons.pinpoint.server.listener.CreateResourcesRunnable.run(CreateResourcesRunnable.java:25)
	at java.base/java.lang.Thread.run(Unknown Source)
[2025-07-23 16:18:30] ERROR [Thread-57] com.flatirons.pinpoint.server.access.impl.AcmServerTalk:113 - Error process http request
com.google.api.client.http.HttpResponseException: 403
<html><body><h1>Whitelabel Error Page</h1><p>This application has no explicit mapping for /error, so you are seeing this as a fallback.</p><div id='created'>Wed Jul 23 16:18:30 CEST 2025</div><div>There was an unexpected error (type=Forbidden, status=403).</div></body></html>
	at com.google.api.client.http.HttpRequest.execute(HttpRequest.java:1061)
	at com.flatirons.pinpoint.server.access.ServerTalk.executeHttpRequest(ServerTalk.java:128)
	at com.flatirons.pinpoint.server.access.impl.AcmServerTalk.doPost(AcmServerTalk.java:107)
	at com.flatirons.pinpoint.server.listener.CreateResourcesRunnable.postResources(CreateResourcesRunnable.java:45)
	at com.flatirons.pinpoint.server.listener.CreateResourcesRunnable.run(CreateResourcesRunnable.java:25)
	at java.base/java.lang.Thread.run(Unknown Source)
[2025-07-23 16:18:35] ERROR [Thread-57] com.flatirons.pinpoint.server.access.impl.AcmServerTalk:113 - Error process http request
com.google.api.client.http.HttpResponseException: 403
<html><body><h1>Whitelabel Error Page</h1><p>This application has no explicit mapping for /error, so you are seeing this as a fallback.</p><div id='created'>Wed Jul 23 16:18:35 CEST 2025</div><div>There was an unexpected error (type=Forbidden, status=403).</div></body></html>
	at com.google.api.client.http.HttpRequest.execute(HttpRequest.java:1061)
	at com.flatirons.pinpoint.server.access.ServerTalk.executeHttpRequest(ServerTalk.java:128)
	at com.flatirons.pinpoint.server.access.impl.AcmServerTalk.doPost(AcmServerTalk.java:107)
	at com.flatirons.pinpoint.server.listener.CreateResourcesRunnable.postResources(CreateResourcesRunnable.java:45)
	at com.flatirons.pinpoint.server.listener.CreateResourcesRunnable.run(CreateResourcesRunnable.java:25)
	at java.base/java.lang.Thread.run(Unknown Source)
[2025-07-23 16:18:40] ERROR [Thread-57] com.flatirons.pinpoint.server.access.impl.AcmServerTalk:113 - Error process http request
com.google.api.client.http.HttpResponseException: 403
<html><body><h1>Whitelabel Error Page</h1><p>This application has no explicit mapping for /error, so you are seeing this as a fallback.</p><div id='created'>Wed Jul 23 16:18:40 CEST 2025</div><div>There was an unexpected error (type=Forbidden, status=403).</div></body></html>
	at com.google.api.client.http.HttpRequest.execute(HttpRequest.java:1061)
	at com.flatirons.pinpoint.server.access.ServerTalk.executeHttpRequest(ServerTalk.java:128)
	at com.flatirons.pinpoint.server.access.impl.AcmServerTalk.doPost(AcmServerTalk.java:107)
	at com.flatirons.pinpoint.server.listener.CreateResourcesRunnable.postResources(CreateResourcesRunnable.java:45)
	at com.flatirons.pinpoint.server.listener.CreateResourcesRunnable.run(CreateResourcesRunnable.java:25)
	at java.base/java.lang.Thread.run(Unknown Source)
[2025-07-23 16:18:45] ERROR [Thread-57] com.flatirons.pinpoint.server.access.impl.AcmServerTalk:113 - Error process http request
com.google.api.client.http.HttpResponseException: 403
<html><body><h1>Whitelabel Error Page</h1><p>This application has no explicit mapping for /error, so you are seeing this as a fallback.</p><div id='created'>Wed Jul 23 16:18:45 CEST 2025</div><div>There was an unexpected error (type=Forbidden, status=403).</div></body></html>
	at com.google.api.client.http.HttpRequest.execute(HttpRequest.java:1061)
	at com.flatirons.pinpoint.server.access.ServerTalk.executeHttpRequest(ServerTalk.java:128)
	at com.flatirons.pinpoint.server.access.impl.AcmServerTalk.doPost(AcmServerTalk.java:107)
	at com.flatirons.pinpoint.server.listener.CreateResourcesRunnable.postResources(CreateResourcesRunnable.java:45)
	at com.flatirons.pinpoint.server.listener.CreateResourcesRunnable.run(CreateResourcesRunnable.java:25)
	at java.base/java.lang.Thread.run(Unknown Source)
[2025-07-23 16:18:50] ERROR [Thread-57] com.flatirons.pinpoint.server.access.impl.AcmServerTalk:113 - Error process http request
com.google.api.client.http.HttpResponseException: 403
<html><body><h1>Whitelabel Error Page</h1><p>This application has no explicit mapping for /error, so you are seeing this as a fallback.</p><div id='created'>Wed Jul 23 16:18:50 CEST 2025</div><div>There was an unexpected error (type=Forbidden, status=403).</div></body></html>
	at com.google.api.client.http.HttpRequest.execute(HttpRequest.java:1061)
	at com.flatirons.pinpoint.server.access.ServerTalk.executeHttpRequest(ServerTalk.java:128)
	at com.flatirons.pinpoint.server.access.impl.AcmServerTalk.doPost(AcmServerTalk.java:107)
	at com.flatirons.pinpoint.server.listener.CreateResourcesRunnable.postResources(CreateResourcesRunnable.java:45)
	at com.flatirons.pinpoint.server.listener.CreateResourcesRunnable.run(CreateResourcesRunnable.java:25)
	at java.base/java.lang.Thread.run(Unknown Source)
[2025-07-23 16:18:55] ERROR [Thread-57] com.flatirons.pinpoint.server.access.impl.AcmServerTalk:113 - Error process http request
com.google.api.client.http.HttpResponseException: 403
<html><body><h1>Whitelabel Error Page</h1><p>This application has no explicit mapping for /error, so you are seeing this as a fallback.</p><div id='created'>Wed Jul 23 16:18:55 CEST 2025</div><div>There was an unexpected error (type=Forbidden, status=403).</div></body></html>
	at com.google.api.client.http.HttpRequest.execute(HttpRequest.java:1061)
	at com.flatirons.pinpoint.server.access.ServerTalk.executeHttpRequest(ServerTalk.java:128)
	at com.flatirons.pinpoint.server.access.impl.AcmServerTalk.doPost(AcmServerTalk.java:107)
	at com.flatirons.pinpoint.server.listener.CreateResourcesRunnable.postResources(CreateResourcesRunnable.java:45)
	at com.flatirons.pinpoint.server.listener.CreateResourcesRunnable.run(CreateResourcesRunnable.java:25)
	at java.base/java.lang.Thread.run(Unknown Source)
[2025-07-23 16:19:00] ERROR [Thread-57] com.flatirons.pinpoint.server.access.impl.AcmServerTalk:113 - Error process http request
com.google.api.client.http.HttpResponseException: 403
<html><body><h1>Whitelabel Error Page</h1><p>This application has no explicit mapping for /error, so you are seeing this as a fallback.</p><div id='created'>Wed Jul 23 16:19:00 CEST 2025</div><div>There was an unexpected error (type=Forbidden, status=403).</div></body></html>
	at com.google.api.client.http.HttpRequest.execute(HttpRequest.java:1061)
	at com.flatirons.pinpoint.server.access.ServerTalk.executeHttpRequest(ServerTalk.java:128)
	at com.flatirons.pinpoint.server.access.impl.AcmServerTalk.doPost(AcmServerTalk.java:107)
	at com.flatirons.pinpoint.server.listener.CreateResourcesRunnable.postResources(CreateResourcesRunnable.java:45)
	at com.flatirons.pinpoint.server.listener.CreateResourcesRunnable.run(CreateResourcesRunnable.java:25)
	at java.base/java.lang.Thread.run(Unknown Source)
[2025-07-23 16:19:05] ERROR [Thread-57] com.flatirons.pinpoint.server.access.impl.AcmServerTalk:113 - Error process http request
com.google.api.client.http.HttpResponseException: 403
<html><body><h1>Whitelabel Error Page</h1><p>This application has no explicit mapping for /error, so you are seeing this as a fallback.</p><div id='created'>Wed Jul 23 16:19:05 CEST 2025</div><div>There was an unexpected error (type=Forbidden, status=403).</div></body></html>
	at com.google.api.client.http.HttpRequest.execute(HttpRequest.java:1061)
	at com.flatirons.pinpoint.server.access.ServerTalk.executeHttpRequest(ServerTalk.java:128)
	at com.flatirons.pinpoint.server.access.impl.AcmServerTalk.doPost(AcmServerTalk.java:107)
	at com.flatirons.pinpoint.server.listener.CreateResourcesRunnable.postResources(CreateResourcesRunnable.java:45)
	at com.flatirons.pinpoint.server.listener.CreateResourcesRunnable.run(CreateResourcesRunnable.java:25)
	at java.base/java.lang.Thread.run(Unknown Source)
[2025-07-23 16:19:10] ERROR [Thread-57] com.flatirons.pinpoint.server.access.impl.AcmServerTalk:113 - Error process http request
com.google.api.client.http.HttpResponseException: 403
<html><body><h1>Whitelabel Error Page</h1><p>This application has no explicit mapping for /error, so you are seeing this as a fallback.</p><div id='created'>Wed Jul 23 16:19:10 CEST 2025</div><div>There was an unexpected error (type=Forbidden, status=403).</div></body></html>
	at com.google.api.client.http.HttpRequest.execute(HttpRequest.java:1061)
	at com.flatirons.pinpoint.server.access.ServerTalk.executeHttpRequest(ServerTalk.java:128)
	at com.flatirons.pinpoint.server.access.impl.AcmServerTalk.doPost(AcmServerTalk.java:107)
	at com.flatirons.pinpoint.server.listener.CreateResourcesRunnable.postResources(CreateResourcesRunnable.java:45)
	at com.flatirons.pinpoint.server.listener.CreateResourcesRunnable.run(CreateResourcesRunnable.java:25)
	at java.base/java.lang.Thread.run(Unknown Source)
[2025-07-23 16:19:15] ERROR [Thread-57] com.flatirons.pinpoint.server.access.impl.AcmServerTalk:113 - Error process http request
com.google.api.client.http.HttpResponseException: 403
<html><body><h1>Whitelabel Error Page</h1><p>This application has no explicit mapping for /error, so you are seeing this as a fallback.</p><div id='created'>Wed Jul 23 16:19:15 CEST 2025</div><div>There was an unexpected error (type=Forbidden, status=403).</div></body></html>
	at com.google.api.client.http.HttpRequest.execute(HttpRequest.java:1061)
	at com.flatirons.pinpoint.server.access.ServerTalk.executeHttpRequest(ServerTalk.java:128)
	at com.flatirons.pinpoint.server.access.impl.AcmServerTalk.doPost(AcmServerTalk.java:107)
	at com.flatirons.pinpoint.server.listener.CreateResourcesRunnable.postResources(CreateResourcesRunnable.java:45)
	at com.flatirons.pinpoint.server.listener.CreateResourcesRunnable.run(CreateResourcesRunnable.java:25)
	at java.base/java.lang.Thread.run(Unknown Source)
[2025-07-23 16:19:20] ERROR [Thread-57] com.flatirons.pinpoint.server.access.impl.AcmServerTalk:113 - Error process http request
com.google.api.client.http.HttpResponseException: 403
<html><body><h1>Whitelabel Error Page</h1><p>This application has no explicit mapping for /error, so you are seeing this as a fallback.</p><div id='created'>Wed Jul 23 16:19:20 CEST 2025</div><div>There was an unexpected error (type=Forbidden, status=403).</div></body></html>
	at com.google.api.client.http.HttpRequest.execute(HttpRequest.java:1061)
	at com.flatirons.pinpoint.server.access.ServerTalk.executeHttpRequest(ServerTalk.java:128)
	at com.flatirons.pinpoint.server.access.impl.AcmServerTalk.doPost(AcmServerTalk.java:107)
	at com.flatirons.pinpoint.server.listener.CreateResourcesRunnable.postResources(CreateResourcesRunnable.java:45)
	at com.flatirons.pinpoint.server.listener.CreateResourcesRunnable.run(CreateResourcesRunnable.java:25)
	at java.base/java.lang.Thread.run(Unknown Source)
[2025-07-23 16:19:26] ERROR [Thread-57] com.flatirons.pinpoint.server.access.impl.AcmServerTalk:113 - Error process http request
com.google.api.client.http.HttpResponseException: 403
<html><body><h1>Whitelabel Error Page</h1><p>This application has no explicit mapping for /error, so you are seeing this as a fallback.</p><div id='created'>Wed Jul 23 16:19:26 CEST 2025</div><div>There was an unexpected error (type=Forbidden, status=403).</div></body></html>
	at com.google.api.client.http.HttpRequest.execute(HttpRequest.java:1061)
	at com.flatirons.pinpoint.server.access.ServerTalk.executeHttpRequest(ServerTalk.java:128)
	at com.flatirons.pinpoint.server.access.impl.AcmServerTalk.doPost(AcmServerTalk.java:107)
	at com.flatirons.pinpoint.server.listener.CreateResourcesRunnable.postResources(CreateResourcesRunnable.java:45)
	at com.flatirons.pinpoint.server.listener.CreateResourcesRunnable.run(CreateResourcesRunnable.java:25)
	at java.base/java.lang.Thread.run(Unknown Source)
[2025-07-23 16:19:31] ERROR [Thread-57] com.flatirons.pinpoint.server.access.impl.AcmServerTalk:113 - Error process http request
com.google.api.client.http.HttpResponseException: 403
<html><body><h1>Whitelabel Error Page</h1><p>This application has no explicit mapping for /error, so you are seeing this as a fallback.</p><div id='created'>Wed Jul 23 16:19:31 CEST 2025</div><div>There was an unexpected error (type=Forbidden, status=403).</div></body></html>
	at com.google.api.client.http.HttpRequest.execute(HttpRequest.java:1061)
	at com.flatirons.pinpoint.server.access.ServerTalk.executeHttpRequest(ServerTalk.java:128)
	at com.flatirons.pinpoint.server.access.impl.AcmServerTalk.doPost(AcmServerTalk.java:107)
	at com.flatirons.pinpoint.server.listener.CreateResourcesRunnable.postResources(CreateResourcesRunnable.java:45)
	at com.flatirons.pinpoint.server.listener.CreateResourcesRunnable.run(CreateResourcesRunnable.java:25)
	at java.base/java.lang.Thread.run(Unknown Source)
[2025-07-23 16:19:36] ERROR [Thread-57] com.flatirons.pinpoint.server.access.impl.AcmServerTalk:113 - Error process http request
com.google.api.client.http.HttpResponseException: 403
<html><body><h1>Whitelabel Error Page</h1><p>This application has no explicit mapping for /error, so you are seeing this as a fallback.</p><div id='created'>Wed Jul 23 16:19:36 CEST 2025</div><div>There was an unexpected error (type=Forbidden, status=403).</div></body></html>
	at com.google.api.client.http.HttpRequest.execute(HttpRequest.java:1061)
	at com.flatirons.pinpoint.server.access.ServerTalk.executeHttpRequest(ServerTalk.java:128)
	at com.flatirons.pinpoint.server.access.impl.AcmServerTalk.doPost(AcmServerTalk.java:107)
	at com.flatirons.pinpoint.server.listener.CreateResourcesRunnable.postResources(CreateResourcesRunnable.java:45)
	at com.flatirons.pinpoint.server.listener.CreateResourcesRunnable.run(CreateResourcesRunnable.java:25)
	at java.base/java.lang.Thread.run(Unknown Source)
[2025-07-23 16:19:41] ERROR [Thread-57] com.flatirons.pinpoint.server.access.impl.AcmServerTalk:113 - Error process http request
com.google.api.client.http.HttpResponseException: 403
<html><body><h1>Whitelabel Error Page</h1><p>This application has no explicit mapping for /error, so you are seeing this as a fallback.</p><div id='created'>Wed Jul 23 16:19:41 CEST 2025</div><div>There was an unexpected error (type=Forbidden, status=403).</div></body></html>
	at com.google.api.client.http.HttpRequest.execute(HttpRequest.java:1061)
	at com.flatirons.pinpoint.server.access.ServerTalk.executeHttpRequest(ServerTalk.java:128)
	at com.flatirons.pinpoint.server.access.impl.AcmServerTalk.doPost(AcmServerTalk.java:107)
	at com.flatirons.pinpoint.server.listener.CreateResourcesRunnable.postResources(CreateResourcesRunnable.java:45)
	at com.flatirons.pinpoint.server.listener.CreateResourcesRunnable.run(CreateResourcesRunnable.java:25)
	at java.base/java.lang.Thread.run(Unknown Source)
[2025-07-23 16:19:46] ERROR [Thread-57] com.flatirons.pinpoint.server.access.impl.AcmServerTalk:113 - Error process http request
com.google.api.client.http.HttpResponseException: 403
<html><body><h1>Whitelabel Error Page</h1><p>This application has no explicit mapping for /error, so you are seeing this as a fallback.</p><div id='created'>Wed Jul 23 16:19:46 CEST 2025</div><div>There was an unexpected error (type=Forbidden, status=403).</div></body></html>
	at com.google.api.client.http.HttpRequest.execute(HttpRequest.java:1061)
	at com.flatirons.pinpoint.server.access.ServerTalk.executeHttpRequest(ServerTalk.java:128)
	at com.flatirons.pinpoint.server.access.impl.AcmServerTalk.doPost(AcmServerTalk.java:107)
	at com.flatirons.pinpoint.server.listener.CreateResourcesRunnable.postResources(CreateResourcesRunnable.java:45)
	at com.flatirons.pinpoint.server.listener.CreateResourcesRunnable.run(CreateResourcesRunnable.java:25)
	at java.base/java.lang.Thread.run(Unknown Source)
[2025-07-23 16:19:51] ERROR [Thread-57] com.flatirons.pinpoint.server.access.impl.AcmServerTalk:113 - Error process http request
com.google.api.client.http.HttpResponseException: 403
<html><body><h1>Whitelabel Error Page</h1><p>This application has no explicit mapping for /error, so you are seeing this as a fallback.</p><div id='created'>Wed Jul 23 16:19:51 CEST 2025</div><div>There was an unexpected error (type=Forbidden, status=403).</div></body></html>
	at com.google.api.client.http.HttpRequest.execute(HttpRequest.java:1061)
	at com.flatirons.pinpoint.server.access.ServerTalk.executeHttpRequest(ServerTalk.java:128)
	at com.flatirons.pinpoint.server.access.impl.AcmServerTalk.doPost(AcmServerTalk.java:107)
	at com.flatirons.pinpoint.server.listener.CreateResourcesRunnable.postResources(CreateResourcesRunnable.java:45)
	at com.flatirons.pinpoint.server.listener.CreateResourcesRunnable.run(CreateResourcesRunnable.java:25)
	at java.base/java.lang.Thread.run(Unknown Source)
[2025-07-23 16:19:56] ERROR [Thread-57] com.flatirons.pinpoint.server.access.impl.AcmServerTalk:113 - Error process http request
com.google.api.client.http.HttpResponseException: 403
<html><body><h1>Whitelabel Error Page</h1><p>This application has no explicit mapping for /error, so you are seeing this as a fallback.</p><div id='created'>Wed Jul 23 16:19:56 CEST 2025</div><div>There was an unexpected error (type=Forbidden, status=403).</div></body></html>
	at com.google.api.client.http.HttpRequest.execute(HttpRequest.java:1061)
	at com.flatirons.pinpoint.server.access.ServerTalk.executeHttpRequest(ServerTalk.java:128)
	at com.flatirons.pinpoint.server.access.impl.AcmServerTalk.doPost(AcmServerTalk.java:107)
	at com.flatirons.pinpoint.server.listener.CreateResourcesRunnable.postResources(CreateResourcesRunnable.java:45)
	at com.flatirons.pinpoint.server.listener.CreateResourcesRunnable.run(CreateResourcesRunnable.java:25)
	at java.base/java.lang.Thread.run(Unknown Source)
[2025-07-23 16:20:01] ERROR [Thread-57] com.flatirons.pinpoint.server.access.impl.AcmServerTalk:113 - Error process http request
com.google.api.client.http.HttpResponseException: 403
<html><body><h1>Whitelabel Error Page</h1><p>This application has no explicit mapping for /error, so you are seeing this as a fallback.</p><div id='created'>Wed Jul 23 16:20:01 CEST 2025</div><div>There was an unexpected error (type=Forbidden, status=403).</div></body></html>
	at com.google.api.client.http.HttpRequest.execute(HttpRequest.java:1061)
	at com.flatirons.pinpoint.server.access.ServerTalk.executeHttpRequest(ServerTalk.java:128)
	at com.flatirons.pinpoint.server.access.impl.AcmServerTalk.doPost(AcmServerTalk.java:107)
	at com.flatirons.pinpoint.server.listener.CreateResourcesRunnable.postResources(CreateResourcesRunnable.java:45)
	at com.flatirons.pinpoint.server.listener.CreateResourcesRunnable.run(CreateResourcesRunnable.java:25)
	at java.base/java.lang.Thread.run(Unknown Source)
[2025-07-23 16:20:06] ERROR [Thread-57] com.flatirons.pinpoint.server.access.impl.AcmServerTalk:113 - Error process http request
com.google.api.client.http.HttpResponseException: 403
<html><body><h1>Whitelabel Error Page</h1><p>This application has no explicit mapping for /error, so you are seeing this as a fallback.</p><div id='created'>Wed Jul 23 16:20:06 CEST 2025</div><div>There was an unexpected error (type=Forbidden, status=403).</div></body></html>
	at com.google.api.client.http.HttpRequest.execute(HttpRequest.java:1061)
	at com.flatirons.pinpoint.server.access.ServerTalk.executeHttpRequest(ServerTalk.java:128)
	at com.flatirons.pinpoint.server.access.impl.AcmServerTalk.doPost(AcmServerTalk.java:107)
	at com.flatirons.pinpoint.server.listener.CreateResourcesRunnable.postResources(CreateResourcesRunnable.java:45)
	at com.flatirons.pinpoint.server.listener.CreateResourcesRunnable.run(CreateResourcesRunnable.java:25)
	at java.base/java.lang.Thread.run(Unknown Source)
[2025-07-23 16:20:11] ERROR [Thread-57] com.flatirons.pinpoint.server.access.impl.AcmServerTalk:113 - Error process http request
com.google.api.client.http.HttpResponseException: 403
<html><body><h1>Whitelabel Error Page</h1><p>This application has no explicit mapping for /error, so you are seeing this as a fallback.</p><div id='created'>Wed Jul 23 16:20:11 CEST 2025</div><div>There was an unexpected error (type=Forbidden, status=403).</div></body></html>
	at com.google.api.client.http.HttpRequest.execute(HttpRequest.java:1061)
	at com.flatirons.pinpoint.server.access.ServerTalk.executeHttpRequest(ServerTalk.java:128)
	at com.flatirons.pinpoint.server.access.impl.AcmServerTalk.doPost(AcmServerTalk.java:107)
	at com.flatirons.pinpoint.server.listener.CreateResourcesRunnable.postResources(CreateResourcesRunnable.java:45)
	at com.flatirons.pinpoint.server.listener.CreateResourcesRunnable.run(CreateResourcesRunnable.java:25)
	at java.base/java.lang.Thread.run(Unknown Source)
[2025-07-23 16:20:16] ERROR [Thread-57] com.flatirons.pinpoint.server.access.impl.AcmServerTalk:113 - Error process http request
com.google.api.client.http.HttpResponseException: 403
<html><body><h1>Whitelabel Error Page</h1><p>This application has no explicit mapping for /error, so you are seeing this as a fallback.</p><div id='created'>Wed Jul 23 16:20:16 CEST 2025</div><div>There was an unexpected error (type=Forbidden, status=403).</div></body></html>
	at com.google.api.client.http.HttpRequest.execute(HttpRequest.java:1061)
	at com.flatirons.pinpoint.server.access.ServerTalk.executeHttpRequest(ServerTalk.java:128)
	at com.flatirons.pinpoint.server.access.impl.AcmServerTalk.doPost(AcmServerTalk.java:107)
	at com.flatirons.pinpoint.server.listener.CreateResourcesRunnable.postResources(CreateResourcesRunnable.java:45)
	at com.flatirons.pinpoint.server.listener.CreateResourcesRunnable.run(CreateResourcesRunnable.java:25)
	at java.base/java.lang.Thread.run(Unknown Source)
[2025-07-23 16:20:21] ERROR [Thread-57] com.flatirons.pinpoint.server.access.impl.AcmServerTalk:113 - Error process http request
com.google.api.client.http.HttpResponseException: 403
<html><body><h1>Whitelabel Error Page</h1><p>This application has no explicit mapping for /error, so you are seeing this as a fallback.</p><div id='created'>Wed Jul 23 16:20:21 CEST 2025</div><div>There was an unexpected error (type=Forbidden, status=403).</div></body></html>
	at com.google.api.client.http.HttpRequest.execute(HttpRequest.java:1061)
	at com.flatirons.pinpoint.server.access.ServerTalk.executeHttpRequest(ServerTalk.java:128)
	at com.flatirons.pinpoint.server.access.impl.AcmServerTalk.doPost(AcmServerTalk.java:107)
	at com.flatirons.pinpoint.server.listener.CreateResourcesRunnable.postResources(CreateResourcesRunnable.java:45)
	at com.flatirons.pinpoint.server.listener.CreateResourcesRunnable.run(CreateResourcesRunnable.java:25)
	at java.base/java.lang.Thread.run(Unknown Source)
[2025-07-23 16:20:26] ERROR [Thread-57] com.flatirons.pinpoint.server.access.impl.AcmServerTalk:113 - Error process http request
com.google.api.client.http.HttpResponseException: 403
<html><body><h1>Whitelabel Error Page</h1><p>This application has no explicit mapping for /error, so you are seeing this as a fallback.</p><div id='created'>Wed Jul 23 16:20:26 CEST 2025</div><div>There was an unexpected error (type=Forbidden, status=403).</div></body></html>
	at com.google.api.client.http.HttpRequest.execute(HttpRequest.java:1061)
	at com.flatirons.pinpoint.server.access.ServerTalk.executeHttpRequest(ServerTalk.java:128)
	at com.flatirons.pinpoint.server.access.impl.AcmServerTalk.doPost(AcmServerTalk.java:107)
	at com.flatirons.pinpoint.server.listener.CreateResourcesRunnable.postResources(CreateResourcesRunnable.java:45)
	at com.flatirons.pinpoint.server.listener.CreateResourcesRunnable.run(CreateResourcesRunnable.java:25)
	at java.base/java.lang.Thread.run(Unknown Source)
[2025-07-23 16:20:31] ERROR [Thread-57] com.flatirons.pinpoint.server.access.impl.AcmServerTalk:113 - Error process http request
com.google.api.client.http.HttpResponseException: 403
<html><body><h1>Whitelabel Error Page</h1><p>This application has no explicit mapping for /error, so you are seeing this as a fallback.</p><div id='created'>Wed Jul 23 16:20:31 CEST 2025</div><div>There was an unexpected error (type=Forbidden, status=403).</div></body></html>
	at com.google.api.client.http.HttpRequest.execute(HttpRequest.java:1061)
	at com.flatirons.pinpoint.server.access.ServerTalk.executeHttpRequest(ServerTalk.java:128)
	at com.flatirons.pinpoint.server.access.impl.AcmServerTalk.doPost(AcmServerTalk.java:107)
	at com.flatirons.pinpoint.server.listener.CreateResourcesRunnable.postResources(CreateResourcesRunnable.java:45)
	at com.flatirons.pinpoint.server.listener.CreateResourcesRunnable.run(CreateResourcesRunnable.java:25)
	at java.base/java.lang.Thread.run(Unknown Source)
[2025-07-23 16:20:36] ERROR [Thread-57] com.flatirons.pinpoint.server.access.impl.AcmServerTalk:113 - Error process http request
com.google.api.client.http.HttpResponseException: 403
<html><body><h1>Whitelabel Error Page</h1><p>This application has no explicit mapping for /error, so you are seeing this as a fallback.</p><div id='created'>Wed Jul 23 16:20:36 CEST 2025</div><div>There was an unexpected error (type=Forbidden, status=403).</div></body></html>
	at com.google.api.client.http.HttpRequest.execute(HttpRequest.java:1061)
	at com.flatirons.pinpoint.server.access.ServerTalk.executeHttpRequest(ServerTalk.java:128)
	at com.flatirons.pinpoint.server.access.impl.AcmServerTalk.doPost(AcmServerTalk.java:107)
	at com.flatirons.pinpoint.server.listener.CreateResourcesRunnable.postResources(CreateResourcesRunnable.java:45)
	at com.flatirons.pinpoint.server.listener.CreateResourcesRunnable.run(CreateResourcesRunnable.java:25)
	at java.base/java.lang.Thread.run(Unknown Source)
[2025-07-23 16:20:41] ERROR [Thread-57] com.flatirons.pinpoint.server.access.impl.AcmServerTalk:113 - Error process http request
com.google.api.client.http.HttpResponseException: 403
<html><body><h1>Whitelabel Error Page</h1><p>This application has no explicit mapping for /error, so you are seeing this as a fallback.</p><div id='created'>Wed Jul 23 16:20:41 CEST 2025</div><div>There was an unexpected error (type=Forbidden, status=403).</div></body></html>
	at com.google.api.client.http.HttpRequest.execute(HttpRequest.java:1061)
	at com.flatirons.pinpoint.server.access.ServerTalk.executeHttpRequest(ServerTalk.java:128)
	at com.flatirons.pinpoint.server.access.impl.AcmServerTalk.doPost(AcmServerTalk.java:107)
	at com.flatirons.pinpoint.server.listener.CreateResourcesRunnable.postResources(CreateResourcesRunnable.java:45)
	at com.flatirons.pinpoint.server.listener.CreateResourcesRunnable.run(CreateResourcesRunnable.java:25)
	at java.base/java.lang.Thread.run(Unknown Source)
[2025-07-23 16:20:46] ERROR [Thread-57] com.flatirons.pinpoint.server.access.impl.AcmServerTalk:113 - Error process http request
com.google.api.client.http.HttpResponseException: 403
<html><body><h1>Whitelabel Error Page</h1><p>This application has no explicit mapping for /error, so you are seeing this as a fallback.</p><div id='created'>Wed Jul 23 16:20:46 CEST 2025</div><div>There was an unexpected error (type=Forbidden, status=403).</div></body></html>
	at com.google.api.client.http.HttpRequest.execute(HttpRequest.java:1061)
	at com.flatirons.pinpoint.server.access.ServerTalk.executeHttpRequest(ServerTalk.java:128)
	at com.flatirons.pinpoint.server.access.impl.AcmServerTalk.doPost(AcmServerTalk.java:107)
	at com.flatirons.pinpoint.server.listener.CreateResourcesRunnable.postResources(CreateResourcesRunnable.java:45)
	at com.flatirons.pinpoint.server.listener.CreateResourcesRunnable.run(CreateResourcesRunnable.java:25)
	at java.base/java.lang.Thread.run(Unknown Source)
[2025-07-23 16:20:51] ERROR [Thread-57] com.flatirons.pinpoint.server.access.impl.AcmServerTalk:113 - Error process http request
com.google.api.client.http.HttpResponseException: 403
<html><body><h1>Whitelabel Error Page</h1><p>This application has no explicit mapping for /error, so you are seeing this as a fallback.</p><div id='created'>Wed Jul 23 16:20:51 CEST 2025</div><div>There was an unexpected error (type=Forbidden, status=403).</div></body></html>
	at com.google.api.client.http.HttpRequest.execute(HttpRequest.java:1061)
	at com.flatirons.pinpoint.server.access.ServerTalk.executeHttpRequest(ServerTalk.java:128)
	at com.flatirons.pinpoint.server.access.impl.AcmServerTalk.doPost(AcmServerTalk.java:107)
	at com.flatirons.pinpoint.server.listener.CreateResourcesRunnable.postResources(CreateResourcesRunnable.java:45)
	at com.flatirons.pinpoint.server.listener.CreateResourcesRunnable.run(CreateResourcesRunnable.java:25)
	at java.base/java.lang.Thread.run(Unknown Source)
[2025-07-23 16:20:56] ERROR [Thread-57] com.flatirons.pinpoint.server.access.impl.AcmServerTalk:113 - Error process http request
com.google.api.client.http.HttpResponseException: 403
<html><body><h1>Whitelabel Error Page</h1><p>This application has no explicit mapping for /error, so you are seeing this as a fallback.</p><div id='created'>Wed Jul 23 16:20:56 CEST 2025</div><div>There was an unexpected error (type=Forbidden, status=403).</div></body></html>
	at com.google.api.client.http.HttpRequest.execute(HttpRequest.java:1061)
	at com.flatirons.pinpoint.server.access.ServerTalk.executeHttpRequest(ServerTalk.java:128)
	at com.flatirons.pinpoint.server.access.impl.AcmServerTalk.doPost(AcmServerTalk.java:107)
	at com.flatirons.pinpoint.server.listener.CreateResourcesRunnable.postResources(CreateResourcesRunnable.java:45)
	at com.flatirons.pinpoint.server.listener.CreateResourcesRunnable.run(CreateResourcesRunnable.java:25)
	at java.base/java.lang.Thread.run(Unknown Source)
[2025-07-23 16:21:01] ERROR [Thread-57] com.flatirons.pinpoint.server.access.impl.AcmServerTalk:113 - Error process http request
com.google.api.client.http.HttpResponseException: 403
<html><body><h1>Whitelabel Error Page</h1><p>This application has no explicit mapping for /error, so you are seeing this as a fallback.</p><div id='created'>Wed Jul 23 16:21:01 CEST 2025</div><div>There was an unexpected error (type=Forbidden, status=403).</div></body></html>
	at com.google.api.client.http.HttpRequest.execute(HttpRequest.java:1061)
	at com.flatirons.pinpoint.server.access.ServerTalk.executeHttpRequest(ServerTalk.java:128)
	at com.flatirons.pinpoint.server.access.impl.AcmServerTalk.doPost(AcmServerTalk.java:107)
	at com.flatirons.pinpoint.server.listener.CreateResourcesRunnable.postResources(CreateResourcesRunnable.java:45)
	at com.flatirons.pinpoint.server.listener.CreateResourcesRunnable.run(CreateResourcesRunnable.java:25)
	at java.base/java.lang.Thread.run(Unknown Source)
[2025-07-23 16:21:06] ERROR [Thread-57] com.flatirons.pinpoint.server.access.impl.AcmServerTalk:113 - Error process http request
com.google.api.client.http.HttpResponseException: 403
<html><body><h1>Whitelabel Error Page</h1><p>This application has no explicit mapping for /error, so you are seeing this as a fallback.</p><div id='created'>Wed Jul 23 16:21:06 CEST 2025</div><div>There was an unexpected error (type=Forbidden, status=403).</div></body></html>
	at com.google.api.client.http.HttpRequest.execute(HttpRequest.java:1061)
	at com.flatirons.pinpoint.server.access.ServerTalk.executeHttpRequest(ServerTalk.java:128)
	at com.flatirons.pinpoint.server.access.impl.AcmServerTalk.doPost(AcmServerTalk.java:107)
	at com.flatirons.pinpoint.server.listener.CreateResourcesRunnable.postResources(CreateResourcesRunnable.java:45)
	at com.flatirons.pinpoint.server.listener.CreateResourcesRunnable.run(CreateResourcesRunnable.java:25)
	at java.base/java.lang.Thread.run(Unknown Source)
[2025-07-23 16:21:11] ERROR [Thread-57] com.flatirons.pinpoint.server.access.impl.AcmServerTalk:113 - Error process http request
com.google.api.client.http.HttpResponseException: 403
<html><body><h1>Whitelabel Error Page</h1><p>This application has no explicit mapping for /error, so you are seeing this as a fallback.</p><div id='created'>Wed Jul 23 16:21:11 CEST 2025</div><div>There was an unexpected error (type=Forbidden, status=403).</div></body></html>
	at com.google.api.client.http.HttpRequest.execute(HttpRequest.java:1061)
	at com.flatirons.pinpoint.server.access.ServerTalk.executeHttpRequest(ServerTalk.java:128)
	at com.flatirons.pinpoint.server.access.impl.AcmServerTalk.doPost(AcmServerTalk.java:107)
	at com.flatirons.pinpoint.server.listener.CreateResourcesRunnable.postResources(CreateResourcesRunnable.java:45)
	at com.flatirons.pinpoint.server.listener.CreateResourcesRunnable.run(CreateResourcesRunnable.java:25)
	at java.base/java.lang.Thread.run(Unknown Source)
[2025-07-23 16:21:16] ERROR [Thread-57] com.flatirons.pinpoint.server.access.impl.AcmServerTalk:113 - Error process http request
com.google.api.client.http.HttpResponseException: 403
<html><body><h1>Whitelabel Error Page</h1><p>This application has no explicit mapping for /error, so you are seeing this as a fallback.</p><div id='created'>Wed Jul 23 16:21:16 CEST 2025</div><div>There was an unexpected error (type=Forbidden, status=403).</div></body></html>
	at com.google.api.client.http.HttpRequest.execute(HttpRequest.java:1061)
	at com.flatirons.pinpoint.server.access.ServerTalk.executeHttpRequest(ServerTalk.java:128)
	at com.flatirons.pinpoint.server.access.impl.AcmServerTalk.doPost(AcmServerTalk.java:107)
	at com.flatirons.pinpoint.server.listener.CreateResourcesRunnable.postResources(CreateResourcesRunnable.java:45)
	at com.flatirons.pinpoint.server.listener.CreateResourcesRunnable.run(CreateResourcesRunnable.java:25)
	at java.base/java.lang.Thread.run(Unknown Source)
[2025-07-23 16:21:21] ERROR [Thread-57] com.flatirons.pinpoint.server.access.impl.AcmServerTalk:113 - Error process http request
com.google.api.client.http.HttpResponseException: 403
<html><body><h1>Whitelabel Error Page</h1><p>This application has no explicit mapping for /error, so you are seeing this as a fallback.</p><div id='created'>Wed Jul 23 16:21:21 CEST 2025</div><div>There was an unexpected error (type=Forbidden, status=403).</div></body></html>
	at com.google.api.client.http.HttpRequest.execute(HttpRequest.java:1061)
	at com.flatirons.pinpoint.server.access.ServerTalk.executeHttpRequest(ServerTalk.java:128)
	at com.flatirons.pinpoint.server.access.impl.AcmServerTalk.doPost(AcmServerTalk.java:107)
	at com.flatirons.pinpoint.server.listener.CreateResourcesRunnable.postResources(CreateResourcesRunnable.java:45)
	at com.flatirons.pinpoint.server.listener.CreateResourcesRunnable.run(CreateResourcesRunnable.java:25)
	at java.base/java.lang.Thread.run(Unknown Source)
[2025-07-23 16:21:26] ERROR [Thread-57] com.flatirons.pinpoint.server.access.impl.AcmServerTalk:113 - Error process http request
com.google.api.client.http.HttpResponseException: 403
<html><body><h1>Whitelabel Error Page</h1><p>This application has no explicit mapping for /error, so you are seeing this as a fallback.</p><div id='created'>Wed Jul 23 16:21:26 CEST 2025</div><div>There was an unexpected error (type=Forbidden, status=403).</div></body></html>
	at com.google.api.client.http.HttpRequest.execute(HttpRequest.java:1061)
	at com.flatirons.pinpoint.server.access.ServerTalk.executeHttpRequest(ServerTalk.java:128)
	at com.flatirons.pinpoint.server.access.impl.AcmServerTalk.doPost(AcmServerTalk.java:107)
	at com.flatirons.pinpoint.server.listener.CreateResourcesRunnable.postResources(CreateResourcesRunnable.java:45)
	at com.flatirons.pinpoint.server.listener.CreateResourcesRunnable.run(CreateResourcesRunnable.java:25)
	at java.base/java.lang.Thread.run(Unknown Source)
[2025-07-23 16:21:31] ERROR [Thread-57] com.flatirons.pinpoint.server.access.impl.AcmServerTalk:113 - Error process http request
com.google.api.client.http.HttpResponseException: 403
<html><body><h1>Whitelabel Error Page</h1><p>This application has no explicit mapping for /error, so you are seeing this as a fallback.</p><div id='created'>Wed Jul 23 16:21:31 CEST 2025</div><div>There was an unexpected error (type=Forbidden, status=403).</div></body></html>
	at com.google.api.client.http.HttpRequest.execute(HttpRequest.java:1061)
	at com.flatirons.pinpoint.server.access.ServerTalk.executeHttpRequest(ServerTalk.java:128)
	at com.flatirons.pinpoint.server.access.impl.AcmServerTalk.doPost(AcmServerTalk.java:107)
	at com.flatirons.pinpoint.server.listener.CreateResourcesRunnable.postResources(CreateResourcesRunnable.java:45)
	at com.flatirons.pinpoint.server.listener.CreateResourcesRunnable.run(CreateResourcesRunnable.java:25)
	at java.base/java.lang.Thread.run(Unknown Source)
[2025-07-23 16:21:36] ERROR [Thread-57] com.flatirons.pinpoint.server.access.impl.AcmServerTalk:113 - Error process http request
com.google.api.client.http.HttpResponseException: 403
<html><body><h1>Whitelabel Error Page</h1><p>This application has no explicit mapping for /error, so you are seeing this as a fallback.</p><div id='created'>Wed Jul 23 16:21:36 CEST 2025</div><div>There was an unexpected error (type=Forbidden, status=403).</div></body></html>
	at com.google.api.client.http.HttpRequest.execute(HttpRequest.java:1061)
	at com.flatirons.pinpoint.server.access.ServerTalk.executeHttpRequest(ServerTalk.java:128)
	at com.flatirons.pinpoint.server.access.impl.AcmServerTalk.doPost(AcmServerTalk.java:107)
	at com.flatirons.pinpoint.server.listener.CreateResourcesRunnable.postResources(CreateResourcesRunnable.java:45)
	at com.flatirons.pinpoint.server.listener.CreateResourcesRunnable.run(CreateResourcesRunnable.java:25)
	at java.base/java.lang.Thread.run(Unknown Source)
[2025-07-23 16:21:42] ERROR [Thread-57] com.flatirons.pinpoint.server.access.impl.AcmServerTalk:113 - Error process http request
com.google.api.client.http.HttpResponseException: 403
<html><body><h1>Whitelabel Error Page</h1><p>This application has no explicit mapping for /error, so you are seeing this as a fallback.</p><div id='created'>Wed Jul 23 16:21:42 CEST 2025</div><div>There was an unexpected error (type=Forbidden, status=403).</div></body></html>
	at com.google.api.client.http.HttpRequest.execute(HttpRequest.java:1061)
	at com.flatirons.pinpoint.server.access.ServerTalk.executeHttpRequest(ServerTalk.java:128)
	at com.flatirons.pinpoint.server.access.impl.AcmServerTalk.doPost(AcmServerTalk.java:107)
	at com.flatirons.pinpoint.server.listener.CreateResourcesRunnable.postResources(CreateResourcesRunnable.java:45)
	at com.flatirons.pinpoint.server.listener.CreateResourcesRunnable.run(CreateResourcesRunnable.java:25)
	at java.base/java.lang.Thread.run(Unknown Source)
[2025-07-23 16:21:47] ERROR [Thread-57] com.flatirons.pinpoint.server.access.impl.AcmServerTalk:113 - Error process http request
com.google.api.client.http.HttpResponseException: 403
<html><body><h1>Whitelabel Error Page</h1><p>This application has no explicit mapping for /error, so you are seeing this as a fallback.</p><div id='created'>Wed Jul 23 16:21:47 CEST 2025</div><div>There was an unexpected error (type=Forbidden, status=403).</div></body></html>
	at com.google.api.client.http.HttpRequest.execute(HttpRequest.java:1061)
	at com.flatirons.pinpoint.server.access.ServerTalk.executeHttpRequest(ServerTalk.java:128)
	at com.flatirons.pinpoint.server.access.impl.AcmServerTalk.doPost(AcmServerTalk.java:107)
	at com.flatirons.pinpoint.server.listener.CreateResourcesRunnable.postResources(CreateResourcesRunnable.java:45)
	at com.flatirons.pinpoint.server.listener.CreateResourcesRunnable.run(CreateResourcesRunnable.java:25)
	at java.base/java.lang.Thread.run(Unknown Source)
[2025-07-23 16:21:52] ERROR [Thread-57] com.flatirons.pinpoint.server.access.impl.AcmServerTalk:113 - Error process http request
com.google.api.client.http.HttpResponseException: 403
<html><body><h1>Whitelabel Error Page</h1><p>This application has no explicit mapping for /error, so you are seeing this as a fallback.</p><div id='created'>Wed Jul 23 16:21:52 CEST 2025</div><div>There was an unexpected error (type=Forbidden, status=403).</div></body></html>
	at com.google.api.client.http.HttpRequest.execute(HttpRequest.java:1061)
	at com.flatirons.pinpoint.server.access.ServerTalk.executeHttpRequest(ServerTalk.java:128)
	at com.flatirons.pinpoint.server.access.impl.AcmServerTalk.doPost(AcmServerTalk.java:107)
	at com.flatirons.pinpoint.server.listener.CreateResourcesRunnable.postResources(CreateResourcesRunnable.java:45)
	at com.flatirons.pinpoint.server.listener.CreateResourcesRunnable.run(CreateResourcesRunnable.java:25)
	at java.base/java.lang.Thread.run(Unknown Source)
[2025-07-23 16:21:57] ERROR [Thread-57] com.flatirons.pinpoint.server.access.impl.AcmServerTalk:113 - Error process http request
com.google.api.client.http.HttpResponseException: 403
<html><body><h1>Whitelabel Error Page</h1><p>This application has no explicit mapping for /error, so you are seeing this as a fallback.</p><div id='created'>Wed Jul 23 16:21:57 CEST 2025</div><div>There was an unexpected error (type=Forbidden, status=403).</div></body></html>
	at com.google.api.client.http.HttpRequest.execute(HttpRequest.java:1061)
	at com.flatirons.pinpoint.server.access.ServerTalk.executeHttpRequest(ServerTalk.java:128)
	at com.flatirons.pinpoint.server.access.impl.AcmServerTalk.doPost(AcmServerTalk.java:107)
	at com.flatirons.pinpoint.server.listener.CreateResourcesRunnable.postResources(CreateResourcesRunnable.java:45)
	at com.flatirons.pinpoint.server.listener.CreateResourcesRunnable.run(CreateResourcesRunnable.java:25)
	at java.base/java.lang.Thread.run(Unknown Source)
[2025-07-23 16:22:02] ERROR [Thread-57] com.flatirons.pinpoint.server.access.impl.AcmServerTalk:113 - Error process http request
com.google.api.client.http.HttpResponseException: 403
<html><body><h1>Whitelabel Error Page</h1><p>This application has no explicit mapping for /error, so you are seeing this as a fallback.</p><div id='created'>Wed Jul 23 16:22:02 CEST 2025</div><div>There was an unexpected error (type=Forbidden, status=403).</div></body></html>
	at com.google.api.client.http.HttpRequest.execute(HttpRequest.java:1061)
	at com.flatirons.pinpoint.server.access.ServerTalk.executeHttpRequest(ServerTalk.java:128)
	at com.flatirons.pinpoint.server.access.impl.AcmServerTalk.doPost(AcmServerTalk.java:107)
	at com.flatirons.pinpoint.server.listener.CreateResourcesRunnable.postResources(CreateResourcesRunnable.java:45)
	at com.flatirons.pinpoint.server.listener.CreateResourcesRunnable.run(CreateResourcesRunnable.java:25)
	at java.base/java.lang.Thread.run(Unknown Source)
[2025-07-23 16:22:07] ERROR [Thread-57] com.flatirons.pinpoint.server.access.impl.AcmServerTalk:113 - Error process http request
com.google.api.client.http.HttpResponseException: 403
<html><body><h1>Whitelabel Error Page</h1><p>This application has no explicit mapping for /error, so you are seeing this as a fallback.</p><div id='created'>Wed Jul 23 16:22:07 CEST 2025</div><div>There was an unexpected error (type=Forbidden, status=403).</div></body></html>
	at com.google.api.client.http.HttpRequest.execute(HttpRequest.java:1061)
	at com.flatirons.pinpoint.server.access.ServerTalk.executeHttpRequest(ServerTalk.java:128)
	at com.flatirons.pinpoint.server.access.impl.AcmServerTalk.doPost(AcmServerTalk.java:107)
	at com.flatirons.pinpoint.server.listener.CreateResourcesRunnable.postResources(CreateResourcesRunnable.java:45)
	at com.flatirons.pinpoint.server.listener.CreateResourcesRunnable.run(CreateResourcesRunnable.java:25)
	at java.base/java.lang.Thread.run(Unknown Source)
[2025-07-23 16:22:12] ERROR [Thread-57] com.flatirons.pinpoint.server.access.impl.AcmServerTalk:113 - Error process http request
com.google.api.client.http.HttpResponseException: 403
<html><body><h1>Whitelabel Error Page</h1><p>This application has no explicit mapping for /error, so you are seeing this as a fallback.</p><div id='created'>Wed Jul 23 16:22:12 CEST 2025</div><div>There was an unexpected error (type=Forbidden, status=403).</div></body></html>
	at com.google.api.client.http.HttpRequest.execute(HttpRequest.java:1061)
	at com.flatirons.pinpoint.server.access.ServerTalk.executeHttpRequest(ServerTalk.java:128)
	at com.flatirons.pinpoint.server.access.impl.AcmServerTalk.doPost(AcmServerTalk.java:107)
	at com.flatirons.pinpoint.server.listener.CreateResourcesRunnable.postResources(CreateResourcesRunnable.java:45)
	at com.flatirons.pinpoint.server.listener.CreateResourcesRunnable.run(CreateResourcesRunnable.java:25)
	at java.base/java.lang.Thread.run(Unknown Source)
[2025-07-23 16:22:17] ERROR [Thread-57] com.flatirons.pinpoint.server.access.impl.AcmServerTalk:113 - Error process http request
com.google.api.client.http.HttpResponseException: 403
<html><body><h1>Whitelabel Error Page</h1><p>This application has no explicit mapping for /error, so you are seeing this as a fallback.</p><div id='created'>Wed Jul 23 16:22:17 CEST 2025</div><div>There was an unexpected error (type=Forbidden, status=403).</div></body></html>
	at com.google.api.client.http.HttpRequest.execute(HttpRequest.java:1061)
	at com.flatirons.pinpoint.server.access.ServerTalk.executeHttpRequest(ServerTalk.java:128)
	at com.flatirons.pinpoint.server.access.impl.AcmServerTalk.doPost(AcmServerTalk.java:107)
	at com.flatirons.pinpoint.server.listener.CreateResourcesRunnable.postResources(CreateResourcesRunnable.java:45)
	at com.flatirons.pinpoint.server.listener.CreateResourcesRunnable.run(CreateResourcesRunnable.java:25)
	at java.base/java.lang.Thread.run(Unknown Source)
[2025-07-23 16:22:22] ERROR [Thread-57] com.flatirons.pinpoint.server.access.impl.AcmServerTalk:113 - Error process http request
com.google.api.client.http.HttpResponseException: 403
<html><body><h1>Whitelabel Error Page</h1><p>This application has no explicit mapping for /error, so you are seeing this as a fallback.</p><div id='created'>Wed Jul 23 16:22:22 CEST 2025</div><div>There was an unexpected error (type=Forbidden, status=403).</div></body></html>
	at com.google.api.client.http.HttpRequest.execute(HttpRequest.java:1061)
	at com.flatirons.pinpoint.server.access.ServerTalk.executeHttpRequest(ServerTalk.java:128)
	at com.flatirons.pinpoint.server.access.impl.AcmServerTalk.doPost(AcmServerTalk.java:107)
	at com.flatirons.pinpoint.server.listener.CreateResourcesRunnable.postResources(CreateResourcesRunnable.java:45)
	at com.flatirons.pinpoint.server.listener.CreateResourcesRunnable.run(CreateResourcesRunnable.java:25)
	at java.base/java.lang.Thread.run(Unknown Source)
[2025-07-23 16:22:27] ERROR [Thread-57] com.flatirons.pinpoint.server.access.impl.AcmServerTalk:113 - Error process http request
com.google.api.client.http.HttpResponseException: 403
<html><body><h1>Whitelabel Error Page</h1><p>This application has no explicit mapping for /error, so you are seeing this as a fallback.</p><div id='created'>Wed Jul 23 16:22:27 CEST 2025</div><div>There was an unexpected error (type=Forbidden, status=403).</div></body></html>
	at com.google.api.client.http.HttpRequest.execute(HttpRequest.java:1061)
	at com.flatirons.pinpoint.server.access.ServerTalk.executeHttpRequest(ServerTalk.java:128)
	at com.flatirons.pinpoint.server.access.impl.AcmServerTalk.doPost(AcmServerTalk.java:107)
	at com.flatirons.pinpoint.server.listener.CreateResourcesRunnable.postResources(CreateResourcesRunnable.java:45)
	at com.flatirons.pinpoint.server.listener.CreateResourcesRunnable.run(CreateResourcesRunnable.java:25)
	at java.base/java.lang.Thread.run(Unknown Source)
[2025-07-23 16:22:32] ERROR [Thread-57] com.flatirons.pinpoint.server.access.impl.AcmServerTalk:113 - Error process http request
com.google.api.client.http.HttpResponseException: 403
<html><body><h1>Whitelabel Error Page</h1><p>This application has no explicit mapping for /error, so you are seeing this as a fallback.</p><div id='created'>Wed Jul 23 16:22:32 CEST 2025</div><div>There was an unexpected error (type=Forbidden, status=403).</div></body></html>
	at com.google.api.client.http.HttpRequest.execute(HttpRequest.java:1061)
	at com.flatirons.pinpoint.server.access.ServerTalk.executeHttpRequest(ServerTalk.java:128)
	at com.flatirons.pinpoint.server.access.impl.AcmServerTalk.doPost(AcmServerTalk.java:107)
	at com.flatirons.pinpoint.server.listener.CreateResourcesRunnable.postResources(CreateResourcesRunnable.java:45)
	at com.flatirons.pinpoint.server.listener.CreateResourcesRunnable.run(CreateResourcesRunnable.java:25)
	at java.base/java.lang.Thread.run(Unknown Source)
[2025-07-23 16:22:37] ERROR [Thread-57] com.flatirons.pinpoint.server.access.impl.AcmServerTalk:113 - Error process http request
com.google.api.client.http.HttpResponseException: 403
<html><body><h1>Whitelabel Error Page</h1><p>This application has no explicit mapping for /error, so you are seeing this as a fallback.</p><div id='created'>Wed Jul 23 16:22:37 CEST 2025</div><div>There was an unexpected error (type=Forbidden, status=403).</div></body></html>
	at com.google.api.client.http.HttpRequest.execute(HttpRequest.java:1061)
	at com.flatirons.pinpoint.server.access.ServerTalk.executeHttpRequest(ServerTalk.java:128)
	at com.flatirons.pinpoint.server.access.impl.AcmServerTalk.doPost(AcmServerTalk.java:107)
	at com.flatirons.pinpoint.server.listener.CreateResourcesRunnable.postResources(CreateResourcesRunnable.java:45)
	at com.flatirons.pinpoint.server.listener.CreateResourcesRunnable.run(CreateResourcesRunnable.java:25)
	at java.base/java.lang.Thread.run(Unknown Source)
[2025-07-23 16:22:42] ERROR [Thread-57] com.flatirons.pinpoint.server.access.impl.AcmServerTalk:113 - Error process http request
com.google.api.client.http.HttpResponseException: 403
<html><body><h1>Whitelabel Error Page</h1><p>This application has no explicit mapping for /error, so you are seeing this as a fallback.</p><div id='created'>Wed Jul 23 16:22:42 CEST 2025</div><div>There was an unexpected error (type=Forbidden, status=403).</div></body></html>
	at com.google.api.client.http.HttpRequest.execute(HttpRequest.java:1061)
	at com.flatirons.pinpoint.server.access.ServerTalk.executeHttpRequest(ServerTalk.java:128)
	at com.flatirons.pinpoint.server.access.impl.AcmServerTalk.doPost(AcmServerTalk.java:107)
	at com.flatirons.pinpoint.server.listener.CreateResourcesRunnable.postResources(CreateResourcesRunnable.java:45)
	at com.flatirons.pinpoint.server.listener.CreateResourcesRunnable.run(CreateResourcesRunnable.java:25)
	at java.base/java.lang.Thread.run(Unknown Source)
[2025-07-23 16:22:47] ERROR [Thread-57] com.flatirons.pinpoint.server.access.impl.AcmServerTalk:113 - Error process http request
com.google.api.client.http.HttpResponseException: 403
<html><body><h1>Whitelabel Error Page</h1><p>This application has no explicit mapping for /error, so you are seeing this as a fallback.</p><div id='created'>Wed Jul 23 16:22:47 CEST 2025</div><div>There was an unexpected error (type=Forbidden, status=403).</div></body></html>
	at com.google.api.client.http.HttpRequest.execute(HttpRequest.java:1061)
	at com.flatirons.pinpoint.server.access.ServerTalk.executeHttpRequest(ServerTalk.java:128)
	at com.flatirons.pinpoint.server.access.impl.AcmServerTalk.doPost(AcmServerTalk.java:107)
	at com.flatirons.pinpoint.server.listener.CreateResourcesRunnable.postResources(CreateResourcesRunnable.java:45)
	at com.flatirons.pinpoint.server.listener.CreateResourcesRunnable.run(CreateResourcesRunnable.java:25)
	at java.base/java.lang.Thread.run(Unknown Source)
[2025-07-23 16:22:52] ERROR [Thread-57] com.flatirons.pinpoint.server.access.impl.AcmServerTalk:113 - Error process http request
com.google.api.client.http.HttpResponseException: 403
<html><body><h1>Whitelabel Error Page</h1><p>This application has no explicit mapping for /error, so you are seeing this as a fallback.</p><div id='created'>Wed Jul 23 16:22:52 CEST 2025</div><div>There was an unexpected error (type=Forbidden, status=403).</div></body></html>
	at com.google.api.client.http.HttpRequest.execute(HttpRequest.java:1061)
	at com.flatirons.pinpoint.server.access.ServerTalk.executeHttpRequest(ServerTalk.java:128)
	at com.flatirons.pinpoint.server.access.impl.AcmServerTalk.doPost(AcmServerTalk.java:107)
	at com.flatirons.pinpoint.server.listener.CreateResourcesRunnable.postResources(CreateResourcesRunnable.java:45)
	at com.flatirons.pinpoint.server.listener.CreateResourcesRunnable.run(CreateResourcesRunnable.java:25)
	at java.base/java.lang.Thread.run(Unknown Source)
[2025-07-23 16:22:57] ERROR [Thread-57] com.flatirons.pinpoint.server.access.impl.AcmServerTalk:113 - Error process http request
com.google.api.client.http.HttpResponseException: 403
<html><body><h1>Whitelabel Error Page</h1><p>This application has no explicit mapping for /error, so you are seeing this as a fallback.</p><div id='created'>Wed Jul 23 16:22:57 CEST 2025</div><div>There was an unexpected error (type=Forbidden, status=403).</div></body></html>
	at com.google.api.client.http.HttpRequest.execute(HttpRequest.java:1061)
	at com.flatirons.pinpoint.server.access.ServerTalk.executeHttpRequest(ServerTalk.java:128)
	at com.flatirons.pinpoint.server.access.impl.AcmServerTalk.doPost(AcmServerTalk.java:107)
	at com.flatirons.pinpoint.server.listener.CreateResourcesRunnable.postResources(CreateResourcesRunnable.java:45)
	at com.flatirons.pinpoint.server.listener.CreateResourcesRunnable.run(CreateResourcesRunnable.java:25)
	at java.base/java.lang.Thread.run(Unknown Source)
[2025-07-23 16:23:02] ERROR [Thread-57] com.flatirons.pinpoint.server.access.impl.AcmServerTalk:113 - Error process http request
com.google.api.client.http.HttpResponseException: 403
<html><body><h1>Whitelabel Error Page</h1><p>This application has no explicit mapping for /error, so you are seeing this as a fallback.</p><div id='created'>Wed Jul 23 16:23:02 CEST 2025</div><div>There was an unexpected error (type=Forbidden, status=403).</div></body></html>
	at com.google.api.client.http.HttpRequest.execute(HttpRequest.java:1061)
	at com.flatirons.pinpoint.server.access.ServerTalk.executeHttpRequest(ServerTalk.java:128)
	at com.flatirons.pinpoint.server.access.impl.AcmServerTalk.doPost(AcmServerTalk.java:107)
	at com.flatirons.pinpoint.server.listener.CreateResourcesRunnable.postResources(CreateResourcesRunnable.java:45)
	at com.flatirons.pinpoint.server.listener.CreateResourcesRunnable.run(CreateResourcesRunnable.java:25)
	at java.base/java.lang.Thread.run(Unknown Source)
[2025-07-23 16:23:07] ERROR [Thread-57] com.flatirons.pinpoint.server.access.impl.AcmServerTalk:113 - Error process http request
com.google.api.client.http.HttpResponseException: 403
<html><body><h1>Whitelabel Error Page</h1><p>This application has no explicit mapping for /error, so you are seeing this as a fallback.</p><div id='created'>Wed Jul 23 16:23:07 CEST 2025</div><div>There was an unexpected error (type=Forbidden, status=403).</div></body></html>
	at com.google.api.client.http.HttpRequest.execute(HttpRequest.java:1061)
	at com.flatirons.pinpoint.server.access.ServerTalk.executeHttpRequest(ServerTalk.java:128)
	at com.flatirons.pinpoint.server.access.impl.AcmServerTalk.doPost(AcmServerTalk.java:107)
	at com.flatirons.pinpoint.server.listener.CreateResourcesRunnable.postResources(CreateResourcesRunnable.java:45)
	at com.flatirons.pinpoint.server.listener.CreateResourcesRunnable.run(CreateResourcesRunnable.java:25)
	at java.base/java.lang.Thread.run(Unknown Source)
[2025-07-23 16:23:12] ERROR [Thread-57] com.flatirons.pinpoint.server.access.impl.AcmServerTalk:113 - Error process http request
com.google.api.client.http.HttpResponseException: 403
<html><body><h1>Whitelabel Error Page</h1><p>This application has no explicit mapping for /error, so you are seeing this as a fallback.</p><div id='created'>Wed Jul 23 16:23:12 CEST 2025</div><div>There was an unexpected error (type=Forbidden, status=403).</div></body></html>
	at com.google.api.client.http.HttpRequest.execute(HttpRequest.java:1061)
	at com.flatirons.pinpoint.server.access.ServerTalk.executeHttpRequest(ServerTalk.java:128)
	at com.flatirons.pinpoint.server.access.impl.AcmServerTalk.doPost(AcmServerTalk.java:107)
	at com.flatirons.pinpoint.server.listener.CreateResourcesRunnable.postResources(CreateResourcesRunnable.java:45)
	at com.flatirons.pinpoint.server.listener.CreateResourcesRunnable.run(CreateResourcesRunnable.java:25)
	at java.base/java.lang.Thread.run(Unknown Source)
[2025-07-23 16:23:17] ERROR [Thread-57] com.flatirons.pinpoint.server.access.impl.AcmServerTalk:113 - Error process http request
com.google.api.client.http.HttpResponseException: 403
<html><body><h1>Whitelabel Error Page</h1><p>This application has no explicit mapping for /error, so you are seeing this as a fallback.</p><div id='created'>Wed Jul 23 16:23:17 CEST 2025</div><div>There was an unexpected error (type=Forbidden, status=403).</div></body></html>
	at com.google.api.client.http.HttpRequest.execute(HttpRequest.java:1061)
	at com.flatirons.pinpoint.server.access.ServerTalk.executeHttpRequest(ServerTalk.java:128)
	at com.flatirons.pinpoint.server.access.impl.AcmServerTalk.doPost(AcmServerTalk.java:107)
	at com.flatirons.pinpoint.server.listener.CreateResourcesRunnable.postResources(CreateResourcesRunnable.java:45)
	at com.flatirons.pinpoint.server.listener.CreateResourcesRunnable.run(CreateResourcesRunnable.java:25)
	at java.base/java.lang.Thread.run(Unknown Source)
[2025-07-23 16:23:22] ERROR [Thread-57] com.flatirons.pinpoint.server.access.impl.AcmServerTalk:113 - Error process http request
com.google.api.client.http.HttpResponseException: 403
<html><body><h1>Whitelabel Error Page</h1><p>This application has no explicit mapping for /error, so you are seeing this as a fallback.</p><div id='created'>Wed Jul 23 16:23:22 CEST 2025</div><div>There was an unexpected error (type=Forbidden, status=403).</div></body></html>
	at com.google.api.client.http.HttpRequest.execute(HttpRequest.java:1061)
	at com.flatirons.pinpoint.server.access.ServerTalk.executeHttpRequest(ServerTalk.java:128)
	at com.flatirons.pinpoint.server.access.impl.AcmServerTalk.doPost(AcmServerTalk.java:107)
	at com.flatirons.pinpoint.server.listener.CreateResourcesRunnable.postResources(CreateResourcesRunnable.java:45)
	at com.flatirons.pinpoint.server.listener.CreateResourcesRunnable.run(CreateResourcesRunnable.java:25)
	at java.base/java.lang.Thread.run(Unknown Source)
[2025-07-23 16:23:27] ERROR [Thread-57] com.flatirons.pinpoint.server.access.impl.AcmServerTalk:113 - Error process http request
com.google.api.client.http.HttpResponseException: 403
<html><body><h1>Whitelabel Error Page</h1><p>This application has no explicit mapping for /error, so you are seeing this as a fallback.</p><div id='created'>Wed Jul 23 16:23:27 CEST 2025</div><div>There was an unexpected error (type=Forbidden, status=403).</div></body></html>
	at com.google.api.client.http.HttpRequest.execute(HttpRequest.java:1061)
	at com.flatirons.pinpoint.server.access.ServerTalk.executeHttpRequest(ServerTalk.java:128)
	at com.flatirons.pinpoint.server.access.impl.AcmServerTalk.doPost(AcmServerTalk.java:107)
	at com.flatirons.pinpoint.server.listener.CreateResourcesRunnable.postResources(CreateResourcesRunnable.java:45)
	at com.flatirons.pinpoint.server.listener.CreateResourcesRunnable.run(CreateResourcesRunnable.java:25)
	at java.base/java.lang.Thread.run(Unknown Source)
[2025-07-23 16:23:32] ERROR [Thread-57] com.flatirons.pinpoint.server.access.impl.AcmServerTalk:113 - Error process http request
com.google.api.client.http.HttpResponseException: 403
<html><body><h1>Whitelabel Error Page</h1><p>This application has no explicit mapping for /error, so you are seeing this as a fallback.</p><div id='created'>Wed Jul 23 16:23:32 CEST 2025</div><div>There was an unexpected error (type=Forbidden, status=403).</div></body></html>
	at com.google.api.client.http.HttpRequest.execute(HttpRequest.java:1061)
	at com.flatirons.pinpoint.server.access.ServerTalk.executeHttpRequest(ServerTalk.java:128)
	at com.flatirons.pinpoint.server.access.impl.AcmServerTalk.doPost(AcmServerTalk.java:107)
	at com.flatirons.pinpoint.server.listener.CreateResourcesRunnable.postResources(CreateResourcesRunnable.java:45)
	at com.flatirons.pinpoint.server.listener.CreateResourcesRunnable.run(CreateResourcesRunnable.java:25)
	at java.base/java.lang.Thread.run(Unknown Source)
[2025-07-23 16:23:37] ERROR [Thread-57] com.flatirons.pinpoint.server.access.impl.AcmServerTalk:113 - Error process http request
com.google.api.client.http.HttpResponseException: 403
<html><body><h1>Whitelabel Error Page</h1><p>This application has no explicit mapping for /error, so you are seeing this as a fallback.</p><div id='created'>Wed Jul 23 16:23:37 CEST 2025</div><div>There was an unexpected error (type=Forbidden, status=403).</div></body></html>
	at com.google.api.client.http.HttpRequest.execute(HttpRequest.java:1061)
	at com.flatirons.pinpoint.server.access.ServerTalk.executeHttpRequest(ServerTalk.java:128)
	at com.flatirons.pinpoint.server.access.impl.AcmServerTalk.doPost(AcmServerTalk.java:107)
	at com.flatirons.pinpoint.server.listener.CreateResourcesRunnable.postResources(CreateResourcesRunnable.java:45)
	at com.flatirons.pinpoint.server.listener.CreateResourcesRunnable.run(CreateResourcesRunnable.java:25)
	at java.base/java.lang.Thread.run(Unknown Source)
[2025-07-23 16:23:42] ERROR [Thread-57] com.flatirons.pinpoint.server.access.impl.AcmServerTalk:113 - Error process http request
com.google.api.client.http.HttpResponseException: 403
<html><body><h1>Whitelabel Error Page</h1><p>This application has no explicit mapping for /error, so you are seeing this as a fallback.</p><div id='created'>Wed Jul 23 16:23:42 CEST 2025</div><div>There was an unexpected error (type=Forbidden, status=403).</div></body></html>
	at com.google.api.client.http.HttpRequest.execute(HttpRequest.java:1061)
	at com.flatirons.pinpoint.server.access.ServerTalk.executeHttpRequest(ServerTalk.java:128)
	at com.flatirons.pinpoint.server.access.impl.AcmServerTalk.doPost(AcmServerTalk.java:107)
	at com.flatirons.pinpoint.server.listener.CreateResourcesRunnable.postResources(CreateResourcesRunnable.java:45)
	at com.flatirons.pinpoint.server.listener.CreateResourcesRunnable.run(CreateResourcesRunnable.java:25)
	at java.base/java.lang.Thread.run(Unknown Source)
[2025-07-23 16:23:47] ERROR [Thread-57] com.flatirons.pinpoint.server.access.impl.AcmServerTalk:113 - Error process http request
com.google.api.client.http.HttpResponseException: 403
<html><body><h1>Whitelabel Error Page</h1><p>This application has no explicit mapping for /error, so you are seeing this as a fallback.</p><div id='created'>Wed Jul 23 16:23:47 CEST 2025</div><div>There was an unexpected error (type=Forbidden, status=403).</div></body></html>
	at com.google.api.client.http.HttpRequest.execute(HttpRequest.java:1061)
	at com.flatirons.pinpoint.server.access.ServerTalk.executeHttpRequest(ServerTalk.java:128)
	at com.flatirons.pinpoint.server.access.impl.AcmServerTalk.doPost(AcmServerTalk.java:107)
	at com.flatirons.pinpoint.server.listener.CreateResourcesRunnable.postResources(CreateResourcesRunnable.java:45)
	at com.flatirons.pinpoint.server.listener.CreateResourcesRunnable.run(CreateResourcesRunnable.java:25)
	at java.base/java.lang.Thread.run(Unknown Source)
[2025-07-23 16:23:52] ERROR [Thread-57] com.flatirons.pinpoint.server.access.impl.AcmServerTalk:113 - Error process http request
com.google.api.client.http.HttpResponseException: 403
<html><body><h1>Whitelabel Error Page</h1><p>This application has no explicit mapping for /error, so you are seeing this as a fallback.</p><div id='created'>Wed Jul 23 16:23:52 CEST 2025</div><div>There was an unexpected error (type=Forbidden, status=403).</div></body></html>
	at com.google.api.client.http.HttpRequest.execute(HttpRequest.java:1061)
	at com.flatirons.pinpoint.server.access.ServerTalk.executeHttpRequest(ServerTalk.java:128)
	at com.flatirons.pinpoint.server.access.impl.AcmServerTalk.doPost(AcmServerTalk.java:107)
	at com.flatirons.pinpoint.server.listener.CreateResourcesRunnable.postResources(CreateResourcesRunnable.java:45)
	at com.flatirons.pinpoint.server.listener.CreateResourcesRunnable.run(CreateResourcesRunnable.java:25)
	at java.base/java.lang.Thread.run(Unknown Source)
[2025-07-23 16:23:57] ERROR [Thread-57] com.flatirons.pinpoint.server.access.impl.AcmServerTalk:113 - Error process http request
com.google.api.client.http.HttpResponseException: 403
<html><body><h1>Whitelabel Error Page</h1><p>This application has no explicit mapping for /error, so you are seeing this as a fallback.</p><div id='created'>Wed Jul 23 16:23:57 CEST 2025</div><div>There was an unexpected error (type=Forbidden, status=403).</div></body></html>
	at com.google.api.client.http.HttpRequest.execute(HttpRequest.java:1061)
	at com.flatirons.pinpoint.server.access.ServerTalk.executeHttpRequest(ServerTalk.java:128)
	at com.flatirons.pinpoint.server.access.impl.AcmServerTalk.doPost(AcmServerTalk.java:107)
	at com.flatirons.pinpoint.server.listener.CreateResourcesRunnable.postResources(CreateResourcesRunnable.java:45)
	at com.flatirons.pinpoint.server.listener.CreateResourcesRunnable.run(CreateResourcesRunnable.java:25)
	at java.base/java.lang.Thread.run(Unknown Source)
[2025-07-23 16:24:03] ERROR [Thread-57] com.flatirons.pinpoint.server.access.impl.AcmServerTalk:113 - Error process http request
com.google.api.client.http.HttpResponseException: 403
<html><body><h1>Whitelabel Error Page</h1><p>This application has no explicit mapping for /error, so you are seeing this as a fallback.</p><div id='created'>Wed Jul 23 16:24:03 CEST 2025</div><div>There was an unexpected error (type=Forbidden, status=403).</div></body></html>
	at com.google.api.client.http.HttpRequest.execute(HttpRequest.java:1061)
	at com.flatirons.pinpoint.server.access.ServerTalk.executeHttpRequest(ServerTalk.java:128)
	at com.flatirons.pinpoint.server.access.impl.AcmServerTalk.doPost(AcmServerTalk.java:107)
	at com.flatirons.pinpoint.server.listener.CreateResourcesRunnable.postResources(CreateResourcesRunnable.java:45)
	at com.flatirons.pinpoint.server.listener.CreateResourcesRunnable.run(CreateResourcesRunnable.java:25)
	at java.base/java.lang.Thread.run(Unknown Source)
[2025-07-23 16:24:08] ERROR [Thread-57] com.flatirons.pinpoint.server.access.impl.AcmServerTalk:113 - Error process http request
com.google.api.client.http.HttpResponseException: 403
<html><body><h1>Whitelabel Error Page</h1><p>This application has no explicit mapping for /error, so you are seeing this as a fallback.</p><div id='created'>Wed Jul 23 16:24:08 CEST 2025</div><div>There was an unexpected error (type=Forbidden, status=403).</div></body></html>
	at com.google.api.client.http.HttpRequest.execute(HttpRequest.java:1061)
	at com.flatirons.pinpoint.server.access.ServerTalk.executeHttpRequest(ServerTalk.java:128)
	at com.flatirons.pinpoint.server.access.impl.AcmServerTalk.doPost(AcmServerTalk.java:107)
	at com.flatirons.pinpoint.server.listener.CreateResourcesRunnable.postResources(CreateResourcesRunnable.java:45)
	at com.flatirons.pinpoint.server.listener.CreateResourcesRunnable.run(CreateResourcesRunnable.java:25)
	at java.base/java.lang.Thread.run(Unknown Source)
[2025-07-23 16:24:13] ERROR [Thread-57] com.flatirons.pinpoint.server.access.impl.AcmServerTalk:113 - Error process http request
com.google.api.client.http.HttpResponseException: 403
<html><body><h1>Whitelabel Error Page</h1><p>This application has no explicit mapping for /error, so you are seeing this as a fallback.</p><div id='created'>Wed Jul 23 16:24:13 CEST 2025</div><div>There was an unexpected error (type=Forbidden, status=403).</div></body></html>
	at com.google.api.client.http.HttpRequest.execute(HttpRequest.java:1061)
	at com.flatirons.pinpoint.server.access.ServerTalk.executeHttpRequest(ServerTalk.java:128)
	at com.flatirons.pinpoint.server.access.impl.AcmServerTalk.doPost(AcmServerTalk.java:107)
	at com.flatirons.pinpoint.server.listener.CreateResourcesRunnable.postResources(CreateResourcesRunnable.java:45)
	at com.flatirons.pinpoint.server.listener.CreateResourcesRunnable.run(CreateResourcesRunnable.java:25)
	at java.base/java.lang.Thread.run(Unknown Source)
[2025-07-23 16:24:18] ERROR [Thread-57] com.flatirons.pinpoint.server.access.impl.AcmServerTalk:113 - Error process http request
com.google.api.client.http.HttpResponseException: 403
<html><body><h1>Whitelabel Error Page</h1><p>This application has no explicit mapping for /error, so you are seeing this as a fallback.</p><div id='created'>Wed Jul 23 16:24:18 CEST 2025</div><div>There was an unexpected error (type=Forbidden, status=403).</div></body></html>
	at com.google.api.client.http.HttpRequest.execute(HttpRequest.java:1061)
	at com.flatirons.pinpoint.server.access.ServerTalk.executeHttpRequest(ServerTalk.java:128)
	at com.flatirons.pinpoint.server.access.impl.AcmServerTalk.doPost(AcmServerTalk.java:107)
	at com.flatirons.pinpoint.server.listener.CreateResourcesRunnable.postResources(CreateResourcesRunnable.java:45)
	at com.flatirons.pinpoint.server.listener.CreateResourcesRunnable.run(CreateResourcesRunnable.java:25)
	at java.base/java.lang.Thread.run(Unknown Source)
[2025-07-23 16:24:23] ERROR [Thread-57] com.flatirons.pinpoint.server.access.impl.AcmServerTalk:113 - Error process http request
com.google.api.client.http.HttpResponseException: 403
<html><body><h1>Whitelabel Error Page</h1><p>This application has no explicit mapping for /error, so you are seeing this as a fallback.</p><div id='created'>Wed Jul 23 16:24:23 CEST 2025</div><div>There was an unexpected error (type=Forbidden, status=403).</div></body></html>
	at com.google.api.client.http.HttpRequest.execute(HttpRequest.java:1061)
	at com.flatirons.pinpoint.server.access.ServerTalk.executeHttpRequest(ServerTalk.java:128)
	at com.flatirons.pinpoint.server.access.impl.AcmServerTalk.doPost(AcmServerTalk.java:107)
	at com.flatirons.pinpoint.server.listener.CreateResourcesRunnable.postResources(CreateResourcesRunnable.java:45)
	at com.flatirons.pinpoint.server.listener.CreateResourcesRunnable.run(CreateResourcesRunnable.java:25)
	at java.base/java.lang.Thread.run(Unknown Source)
[2025-07-23 16:24:28] ERROR [Thread-57] com.flatirons.pinpoint.server.access.impl.AcmServerTalk:113 - Error process http request
com.google.api.client.http.HttpResponseException: 403
<html><body><h1>Whitelabel Error Page</h1><p>This application has no explicit mapping for /error, so you are seeing this as a fallback.</p><div id='created'>Wed Jul 23 16:24:28 CEST 2025</div><div>There was an unexpected error (type=Forbidden, status=403).</div></body></html>
	at com.google.api.client.http.HttpRequest.execute(HttpRequest.java:1061)
	at com.flatirons.pinpoint.server.access.ServerTalk.executeHttpRequest(ServerTalk.java:128)
	at com.flatirons.pinpoint.server.access.impl.AcmServerTalk.doPost(AcmServerTalk.java:107)
	at com.flatirons.pinpoint.server.listener.CreateResourcesRunnable.postResources(CreateResourcesRunnable.java:45)
	at com.flatirons.pinpoint.server.listener.CreateResourcesRunnable.run(CreateResourcesRunnable.java:25)
	at java.base/java.lang.Thread.run(Unknown Source)
[2025-07-23 16:24:33] ERROR [Thread-57] com.flatirons.pinpoint.server.access.impl.AcmServerTalk:113 - Error process http request
com.google.api.client.http.HttpResponseException: 403
<html><body><h1>Whitelabel Error Page</h1><p>This application has no explicit mapping for /error, so you are seeing this as a fallback.</p><div id='created'>Wed Jul 23 16:24:33 CEST 2025</div><div>There was an unexpected error (type=Forbidden, status=403).</div></body></html>
	at com.google.api.client.http.HttpRequest.execute(HttpRequest.java:1061)
	at com.flatirons.pinpoint.server.access.ServerTalk.executeHttpRequest(ServerTalk.java:128)
	at com.flatirons.pinpoint.server.access.impl.AcmServerTalk.doPost(AcmServerTalk.java:107)
	at com.flatirons.pinpoint.server.listener.CreateResourcesRunnable.postResources(CreateResourcesRunnable.java:45)
	at com.flatirons.pinpoint.server.listener.CreateResourcesRunnable.run(CreateResourcesRunnable.java:25)
	at java.base/java.lang.Thread.run(Unknown Source)
[2025-07-23 16:24:38] ERROR [Thread-57] com.flatirons.pinpoint.server.access.impl.AcmServerTalk:113 - Error process http request
com.google.api.client.http.HttpResponseException: 403
<html><body><h1>Whitelabel Error Page</h1><p>This application has no explicit mapping for /error, so you are seeing this as a fallback.</p><div id='created'>Wed Jul 23 16:24:38 CEST 2025</div><div>There was an unexpected error (type=Forbidden, status=403).</div></body></html>
	at com.google.api.client.http.HttpRequest.execute(HttpRequest.java:1061)
	at com.flatirons.pinpoint.server.access.ServerTalk.executeHttpRequest(ServerTalk.java:128)
	at com.flatirons.pinpoint.server.access.impl.AcmServerTalk.doPost(AcmServerTalk.java:107)
	at com.flatirons.pinpoint.server.listener.CreateResourcesRunnable.postResources(CreateResourcesRunnable.java:45)
	at com.flatirons.pinpoint.server.listener.CreateResourcesRunnable.run(CreateResourcesRunnable.java:25)
	at java.base/java.lang.Thread.run(Unknown Source)
[2025-07-23 16:24:43] ERROR [Thread-57] com.flatirons.pinpoint.server.access.impl.AcmServerTalk:113 - Error process http request
com.google.api.client.http.HttpResponseException: 403
<html><body><h1>Whitelabel Error Page</h1><p>This application has no explicit mapping for /error, so you are seeing this as a fallback.</p><div id='created'>Wed Jul 23 16:24:43 CEST 2025</div><div>There was an unexpected error (type=Forbidden, status=403).</div></body></html>
	at com.google.api.client.http.HttpRequest.execute(HttpRequest.java:1061)
	at com.flatirons.pinpoint.server.access.ServerTalk.executeHttpRequest(ServerTalk.java:128)
	at com.flatirons.pinpoint.server.access.impl.AcmServerTalk.doPost(AcmServerTalk.java:107)
	at com.flatirons.pinpoint.server.listener.CreateResourcesRunnable.postResources(CreateResourcesRunnable.java:45)
	at com.flatirons.pinpoint.server.listener.CreateResourcesRunnable.run(CreateResourcesRunnable.java:25)
	at java.base/java.lang.Thread.run(Unknown Source)
[2025-07-23 16:24:48] ERROR [Thread-57] com.flatirons.pinpoint.server.access.impl.AcmServerTalk:113 - Error process http request
com.google.api.client.http.HttpResponseException: 403
<html><body><h1>Whitelabel Error Page</h1><p>This application has no explicit mapping for /error, so you are seeing this as a fallback.</p><div id='created'>Wed Jul 23 16:24:48 CEST 2025</div><div>There was an unexpected error (type=Forbidden, status=403).</div></body></html>
	at com.google.api.client.http.HttpRequest.execute(HttpRequest.java:1061)
	at com.flatirons.pinpoint.server.access.ServerTalk.executeHttpRequest(ServerTalk.java:128)
	at com.flatirons.pinpoint.server.access.impl.AcmServerTalk.doPost(AcmServerTalk.java:107)
	at com.flatirons.pinpoint.server.listener.CreateResourcesRunnable.postResources(CreateResourcesRunnable.java:45)
	at com.flatirons.pinpoint.server.listener.CreateResourcesRunnable.run(CreateResourcesRunnable.java:25)
	at java.base/java.lang.Thread.run(Unknown Source)
[2025-07-23 16:24:53] ERROR [Thread-57] com.flatirons.pinpoint.server.access.impl.AcmServerTalk:113 - Error process http request
com.google.api.client.http.HttpResponseException: 403
<html><body><h1>Whitelabel Error Page</h1><p>This application has no explicit mapping for /error, so you are seeing this as a fallback.</p><div id='created'>Wed Jul 23 16:24:53 CEST 2025</div><div>There was an unexpected error (type=Forbidden, status=403).</div></body></html>
	at com.google.api.client.http.HttpRequest.execute(HttpRequest.java:1061)
	at com.flatirons.pinpoint.server.access.ServerTalk.executeHttpRequest(ServerTalk.java:128)
	at com.flatirons.pinpoint.server.access.impl.AcmServerTalk.doPost(AcmServerTalk.java:107)
	at com.flatirons.pinpoint.server.listener.CreateResourcesRunnable.postResources(CreateResourcesRunnable.java:45)
	at com.flatirons.pinpoint.server.listener.CreateResourcesRunnable.run(CreateResourcesRunnable.java:25)
	at java.base/java.lang.Thread.run(Unknown Source)
[2025-07-23 16:24:58] ERROR [Thread-57] com.flatirons.pinpoint.server.access.impl.AcmServerTalk:113 - Error process http request
com.google.api.client.http.HttpResponseException: 403
<html><body><h1>Whitelabel Error Page</h1><p>This application has no explicit mapping for /error, so you are seeing this as a fallback.</p><div id='created'>Wed Jul 23 16:24:58 CEST 2025</div><div>There was an unexpected error (type=Forbidden, status=403).</div></body></html>
	at com.google.api.client.http.HttpRequest.execute(HttpRequest.java:1061)
	at com.flatirons.pinpoint.server.access.ServerTalk.executeHttpRequest(ServerTalk.java:128)
	at com.flatirons.pinpoint.server.access.impl.AcmServerTalk.doPost(AcmServerTalk.java:107)
	at com.flatirons.pinpoint.server.listener.CreateResourcesRunnable.postResources(CreateResourcesRunnable.java:45)
	at com.flatirons.pinpoint.server.listener.CreateResourcesRunnable.run(CreateResourcesRunnable.java:25)
	at java.base/java.lang.Thread.run(Unknown Source)
[2025-07-23 16:25:03] ERROR [Thread-57] com.flatirons.pinpoint.server.access.impl.AcmServerTalk:113 - Error process http request
com.google.api.client.http.HttpResponseException: 403
<html><body><h1>Whitelabel Error Page</h1><p>This application has no explicit mapping for /error, so you are seeing this as a fallback.</p><div id='created'>Wed Jul 23 16:25:03 CEST 2025</div><div>There was an unexpected error (type=Forbidden, status=403).</div></body></html>
	at com.google.api.client.http.HttpRequest.execute(HttpRequest.java:1061)
	at com.flatirons.pinpoint.server.access.ServerTalk.executeHttpRequest(ServerTalk.java:128)
	at com.flatirons.pinpoint.server.access.impl.AcmServerTalk.doPost(AcmServerTalk.java:107)
	at com.flatirons.pinpoint.server.listener.CreateResourcesRunnable.postResources(CreateResourcesRunnable.java:45)
	at com.flatirons.pinpoint.server.listener.CreateResourcesRunnable.run(CreateResourcesRunnable.java:25)
	at java.base/java.lang.Thread.run(Unknown Source)
[2025-07-23 16:25:08] ERROR [Thread-57] com.flatirons.pinpoint.server.access.impl.AcmServerTalk:113 - Error process http request
com.google.api.client.http.HttpResponseException: 403
<html><body><h1>Whitelabel Error Page</h1><p>This application has no explicit mapping for /error, so you are seeing this as a fallback.</p><div id='created'>Wed Jul 23 16:25:08 CEST 2025</div><div>There was an unexpected error (type=Forbidden, status=403).</div></body></html>
	at com.google.api.client.http.HttpRequest.execute(HttpRequest.java:1061)
	at com.flatirons.pinpoint.server.access.ServerTalk.executeHttpRequest(ServerTalk.java:128)
	at com.flatirons.pinpoint.server.access.impl.AcmServerTalk.doPost(AcmServerTalk.java:107)
	at com.flatirons.pinpoint.server.listener.CreateResourcesRunnable.postResources(CreateResourcesRunnable.java:45)
	at com.flatirons.pinpoint.server.listener.CreateResourcesRunnable.run(CreateResourcesRunnable.java:25)
	at java.base/java.lang.Thread.run(Unknown Source)
[2025-07-23 16:25:13] ERROR [Thread-57] com.flatirons.pinpoint.server.access.impl.AcmServerTalk:113 - Error process http request
com.google.api.client.http.HttpResponseException: 403
<html><body><h1>Whitelabel Error Page</h1><p>This application has no explicit mapping for /error, so you are seeing this as a fallback.</p><div id='created'>Wed Jul 23 16:25:13 CEST 2025</div><div>There was an unexpected error (type=Forbidden, status=403).</div></body></html>
	at com.google.api.client.http.HttpRequest.execute(HttpRequest.java:1061)
	at com.flatirons.pinpoint.server.access.ServerTalk.executeHttpRequest(ServerTalk.java:128)
	at com.flatirons.pinpoint.server.access.impl.AcmServerTalk.doPost(AcmServerTalk.java:107)
	at com.flatirons.pinpoint.server.listener.CreateResourcesRunnable.postResources(CreateResourcesRunnable.java:45)
	at com.flatirons.pinpoint.server.listener.CreateResourcesRunnable.run(CreateResourcesRunnable.java:25)
	at java.base/java.lang.Thread.run(Unknown Source)
[2025-07-23 16:25:18] ERROR [Thread-57] com.flatirons.pinpoint.server.access.impl.AcmServerTalk:113 - Error process http request
com.google.api.client.http.HttpResponseException: 403
<html><body><h1>Whitelabel Error Page</h1><p>This application has no explicit mapping for /error, so you are seeing this as a fallback.</p><div id='created'>Wed Jul 23 16:25:18 CEST 2025</div><div>There was an unexpected error (type=Forbidden, status=403).</div></body></html>
	at com.google.api.client.http.HttpRequest.execute(HttpRequest.java:1061)
	at com.flatirons.pinpoint.server.access.ServerTalk.executeHttpRequest(ServerTalk.java:128)
	at com.flatirons.pinpoint.server.access.impl.AcmServerTalk.doPost(AcmServerTalk.java:107)
	at com.flatirons.pinpoint.server.listener.CreateResourcesRunnable.postResources(CreateResourcesRunnable.java:45)
	at com.flatirons.pinpoint.server.listener.CreateResourcesRunnable.run(CreateResourcesRunnable.java:25)
	at java.base/java.lang.Thread.run(Unknown Source)
[2025-07-23 16:25:23] ERROR [Thread-57] com.flatirons.pinpoint.server.access.impl.AcmServerTalk:113 - Error process http request
com.google.api.client.http.HttpResponseException: 403
<html><body><h1>Whitelabel Error Page</h1><p>This application has no explicit mapping for /error, so you are seeing this as a fallback.</p><div id='created'>Wed Jul 23 16:25:23 CEST 2025</div><div>There was an unexpected error (type=Forbidden, status=403).</div></body></html>
	at com.google.api.client.http.HttpRequest.execute(HttpRequest.java:1061)
	at com.flatirons.pinpoint.server.access.ServerTalk.executeHttpRequest(ServerTalk.java:128)
	at com.flatirons.pinpoint.server.access.impl.AcmServerTalk.doPost(AcmServerTalk.java:107)
	at com.flatirons.pinpoint.server.listener.CreateResourcesRunnable.postResources(CreateResourcesRunnable.java:45)
	at com.flatirons.pinpoint.server.listener.CreateResourcesRunnable.run(CreateResourcesRunnable.java:25)
	at java.base/java.lang.Thread.run(Unknown Source)
[2025-07-23 16:25:28] ERROR [Thread-57] com.flatirons.pinpoint.server.access.impl.AcmServerTalk:113 - Error process http request
com.google.api.client.http.HttpResponseException: 403
<html><body><h1>Whitelabel Error Page</h1><p>This application has no explicit mapping for /error, so you are seeing this as a fallback.</p><div id='created'>Wed Jul 23 16:25:28 CEST 2025</div><div>There was an unexpected error (type=Forbidden, status=403).</div></body></html>
	at com.google.api.client.http.HttpRequest.execute(HttpRequest.java:1061)
	at com.flatirons.pinpoint.server.access.ServerTalk.executeHttpRequest(ServerTalk.java:128)
	at com.flatirons.pinpoint.server.access.impl.AcmServerTalk.doPost(AcmServerTalk.java:107)
	at com.flatirons.pinpoint.server.listener.CreateResourcesRunnable.postResources(CreateResourcesRunnable.java:45)
	at com.flatirons.pinpoint.server.listener.CreateResourcesRunnable.run(CreateResourcesRunnable.java:25)
	at java.base/java.lang.Thread.run(Unknown Source)
[2025-07-23 16:25:33] ERROR [Thread-57] com.flatirons.pinpoint.server.access.impl.AcmServerTalk:113 - Error process http request
com.google.api.client.http.HttpResponseException: 403
<html><body><h1>Whitelabel Error Page</h1><p>This application has no explicit mapping for /error, so you are seeing this as a fallback.</p><div id='created'>Wed Jul 23 16:25:33 CEST 2025</div><div>There was an unexpected error (type=Forbidden, status=403).</div></body></html>
	at com.google.api.client.http.HttpRequest.execute(HttpRequest.java:1061)
	at com.flatirons.pinpoint.server.access.ServerTalk.executeHttpRequest(ServerTalk.java:128)
	at com.flatirons.pinpoint.server.access.impl.AcmServerTalk.doPost(AcmServerTalk.java:107)
	at com.flatirons.pinpoint.server.listener.CreateResourcesRunnable.postResources(CreateResourcesRunnable.java:45)
	at com.flatirons.pinpoint.server.listener.CreateResourcesRunnable.run(CreateResourcesRunnable.java:25)
	at java.base/java.lang.Thread.run(Unknown Source)
[2025-07-23 16:25:38] ERROR [Thread-57] com.flatirons.pinpoint.server.access.impl.AcmServerTalk:113 - Error process http request
com.google.api.client.http.HttpResponseException: 403
<html><body><h1>Whitelabel Error Page</h1><p>This application has no explicit mapping for /error, so you are seeing this as a fallback.</p><div id='created'>Wed Jul 23 16:25:38 CEST 2025</div><div>There was an unexpected error (type=Forbidden, status=403).</div></body></html>
	at com.google.api.client.http.HttpRequest.execute(HttpRequest.java:1061)
	at com.flatirons.pinpoint.server.access.ServerTalk.executeHttpRequest(ServerTalk.java:128)
	at com.flatirons.pinpoint.server.access.impl.AcmServerTalk.doPost(AcmServerTalk.java:107)
	at com.flatirons.pinpoint.server.listener.CreateResourcesRunnable.postResources(CreateResourcesRunnable.java:45)
	at com.flatirons.pinpoint.server.listener.CreateResourcesRunnable.run(CreateResourcesRunnable.java:25)
	at java.base/java.lang.Thread.run(Unknown Source)
[2025-07-23 16:25:43] ERROR [Thread-57] com.flatirons.pinpoint.server.access.impl.AcmServerTalk:113 - Error process http request
com.google.api.client.http.HttpResponseException: 403
<html><body><h1>Whitelabel Error Page</h1><p>This application has no explicit mapping for /error, so you are seeing this as a fallback.</p><div id='created'>Wed Jul 23 16:25:43 CEST 2025</div><div>There was an unexpected error (type=Forbidden, status=403).</div></body></html>
	at com.google.api.client.http.HttpRequest.execute(HttpRequest.java:1061)
	at com.flatirons.pinpoint.server.access.ServerTalk.executeHttpRequest(ServerTalk.java:128)
	at com.flatirons.pinpoint.server.access.impl.AcmServerTalk.doPost(AcmServerTalk.java:107)
	at com.flatirons.pinpoint.server.listener.CreateResourcesRunnable.postResources(CreateResourcesRunnable.java:45)
	at com.flatirons.pinpoint.server.listener.CreateResourcesRunnable.run(CreateResourcesRunnable.java:25)
	at java.base/java.lang.Thread.run(Unknown Source)
[2025-07-23 16:25:48] ERROR [Thread-57] com.flatirons.pinpoint.server.access.impl.AcmServerTalk:113 - Error process http request
com.google.api.client.http.HttpResponseException: 403
<html><body><h1>Whitelabel Error Page</h1><p>This application has no explicit mapping for /error, so you are seeing this as a fallback.</p><div id='created'>Wed Jul 23 16:25:48 CEST 2025</div><div>There was an unexpected error (type=Forbidden, status=403).</div></body></html>
	at com.google.api.client.http.HttpRequest.execute(HttpRequest.java:1061)
	at com.flatirons.pinpoint.server.access.ServerTalk.executeHttpRequest(ServerTalk.java:128)
	at com.flatirons.pinpoint.server.access.impl.AcmServerTalk.doPost(AcmServerTalk.java:107)
	at com.flatirons.pinpoint.server.listener.CreateResourcesRunnable.postResources(CreateResourcesRunnable.java:45)
	at com.flatirons.pinpoint.server.listener.CreateResourcesRunnable.run(CreateResourcesRunnable.java:25)
	at java.base/java.lang.Thread.run(Unknown Source)
[2025-07-23 16:25:53] ERROR [Thread-57] com.flatirons.pinpoint.server.access.impl.AcmServerTalk:113 - Error process http request
com.google.api.client.http.HttpResponseException: 403
<html><body><h1>Whitelabel Error Page</h1><p>This application has no explicit mapping for /error, so you are seeing this as a fallback.</p><div id='created'>Wed Jul 23 16:25:53 CEST 2025</div><div>There was an unexpected error (type=Forbidden, status=403).</div></body></html>
	at com.google.api.client.http.HttpRequest.execute(HttpRequest.java:1061)
	at com.flatirons.pinpoint.server.access.ServerTalk.executeHttpRequest(ServerTalk.java:128)
	at com.flatirons.pinpoint.server.access.impl.AcmServerTalk.doPost(AcmServerTalk.java:107)
	at com.flatirons.pinpoint.server.listener.CreateResourcesRunnable.postResources(CreateResourcesRunnable.java:45)
	at com.flatirons.pinpoint.server.listener.CreateResourcesRunnable.run(CreateResourcesRunnable.java:25)
	at java.base/java.lang.Thread.run(Unknown Source)
[2025-07-23 16:25:58] ERROR [Thread-57] com.flatirons.pinpoint.server.access.impl.AcmServerTalk:113 - Error process http request
com.google.api.client.http.HttpResponseException: 403
<html><body><h1>Whitelabel Error Page</h1><p>This application has no explicit mapping for /error, so you are seeing this as a fallback.</p><div id='created'>Wed Jul 23 16:25:58 CEST 2025</div><div>There was an unexpected error (type=Forbidden, status=403).</div></body></html>
	at com.google.api.client.http.HttpRequest.execute(HttpRequest.java:1061)
	at com.flatirons.pinpoint.server.access.ServerTalk.executeHttpRequest(ServerTalk.java:128)
	at com.flatirons.pinpoint.server.access.impl.AcmServerTalk.doPost(AcmServerTalk.java:107)
	at com.flatirons.pinpoint.server.listener.CreateResourcesRunnable.postResources(CreateResourcesRunnable.java:45)
	at com.flatirons.pinpoint.server.listener.CreateResourcesRunnable.run(CreateResourcesRunnable.java:25)
	at java.base/java.lang.Thread.run(Unknown Source)
[2025-07-23 16:26:03] ERROR [Thread-57] com.flatirons.pinpoint.server.access.impl.AcmServerTalk:113 - Error process http request
com.google.api.client.http.HttpResponseException: 403
<html><body><h1>Whitelabel Error Page</h1><p>This application has no explicit mapping for /error, so you are seeing this as a fallback.</p><div id='created'>Wed Jul 23 16:26:03 CEST 2025</div><div>There was an unexpected error (type=Forbidden, status=403).</div></body></html>
	at com.google.api.client.http.HttpRequest.execute(HttpRequest.java:1061)
	at com.flatirons.pinpoint.server.access.ServerTalk.executeHttpRequest(ServerTalk.java:128)
	at com.flatirons.pinpoint.server.access.impl.AcmServerTalk.doPost(AcmServerTalk.java:107)
	at com.flatirons.pinpoint.server.listener.CreateResourcesRunnable.postResources(CreateResourcesRunnable.java:45)
	at com.flatirons.pinpoint.server.listener.CreateResourcesRunnable.run(CreateResourcesRunnable.java:25)
	at java.base/java.lang.Thread.run(Unknown Source)
[2025-07-23 16:26:08] ERROR [Thread-57] com.flatirons.pinpoint.server.access.impl.AcmServerTalk:113 - Error process http request
com.google.api.client.http.HttpResponseException: 403
<html><body><h1>Whitelabel Error Page</h1><p>This application has no explicit mapping for /error, so you are seeing this as a fallback.</p><div id='created'>Wed Jul 23 16:26:08 CEST 2025</div><div>There was an unexpected error (type=Forbidden, status=403).</div></body></html>
	at com.google.api.client.http.HttpRequest.execute(HttpRequest.java:1061)
	at com.flatirons.pinpoint.server.access.ServerTalk.executeHttpRequest(ServerTalk.java:128)
	at com.flatirons.pinpoint.server.access.impl.AcmServerTalk.doPost(AcmServerTalk.java:107)
	at com.flatirons.pinpoint.server.listener.CreateResourcesRunnable.postResources(CreateResourcesRunnable.java:45)
	at com.flatirons.pinpoint.server.listener.CreateResourcesRunnable.run(CreateResourcesRunnable.java:25)
	at java.base/java.lang.Thread.run(Unknown Source)
[2025-07-23 16:26:13] ERROR [Thread-57] com.flatirons.pinpoint.server.access.impl.AcmServerTalk:113 - Error process http request
com.google.api.client.http.HttpResponseException: 403
<html><body><h1>Whitelabel Error Page</h1><p>This application has no explicit mapping for /error, so you are seeing this as a fallback.</p><div id='created'>Wed Jul 23 16:26:13 CEST 2025</div><div>There was an unexpected error (type=Forbidden, status=403).</div></body></html>
	at com.google.api.client.http.HttpRequest.execute(HttpRequest.java:1061)
	at com.flatirons.pinpoint.server.access.ServerTalk.executeHttpRequest(ServerTalk.java:128)
	at com.flatirons.pinpoint.server.access.impl.AcmServerTalk.doPost(AcmServerTalk.java:107)
	at com.flatirons.pinpoint.server.listener.CreateResourcesRunnable.postResources(CreateResourcesRunnable.java:45)
	at com.flatirons.pinpoint.server.listener.CreateResourcesRunnable.run(CreateResourcesRunnable.java:25)
	at java.base/java.lang.Thread.run(Unknown Source)
[2025-07-23 16:26:19] ERROR [Thread-57] com.flatirons.pinpoint.server.access.impl.AcmServerTalk:113 - Error process http request
com.google.api.client.http.HttpResponseException: 403
<html><body><h1>Whitelabel Error Page</h1><p>This application has no explicit mapping for /error, so you are seeing this as a fallback.</p><div id='created'>Wed Jul 23 16:26:19 CEST 2025</div><div>There was an unexpected error (type=Forbidden, status=403).</div></body></html>
	at com.google.api.client.http.HttpRequest.execute(HttpRequest.java:1061)
	at com.flatirons.pinpoint.server.access.ServerTalk.executeHttpRequest(ServerTalk.java:128)
	at com.flatirons.pinpoint.server.access.impl.AcmServerTalk.doPost(AcmServerTalk.java:107)
	at com.flatirons.pinpoint.server.listener.CreateResourcesRunnable.postResources(CreateResourcesRunnable.java:45)
	at com.flatirons.pinpoint.server.listener.CreateResourcesRunnable.run(CreateResourcesRunnable.java:25)
	at java.base/java.lang.Thread.run(Unknown Source)
[2025-07-23 16:26:24] ERROR [Thread-57] com.flatirons.pinpoint.server.access.impl.AcmServerTalk:113 - Error process http request
com.google.api.client.http.HttpResponseException: 403
<html><body><h1>Whitelabel Error Page</h1><p>This application has no explicit mapping for /error, so you are seeing this as a fallback.</p><div id='created'>Wed Jul 23 16:26:24 CEST 2025</div><div>There was an unexpected error (type=Forbidden, status=403).</div></body></html>
	at com.google.api.client.http.HttpRequest.execute(HttpRequest.java:1061)
	at com.flatirons.pinpoint.server.access.ServerTalk.executeHttpRequest(ServerTalk.java:128)
	at com.flatirons.pinpoint.server.access.impl.AcmServerTalk.doPost(AcmServerTalk.java:107)
	at com.flatirons.pinpoint.server.listener.CreateResourcesRunnable.postResources(CreateResourcesRunnable.java:45)
	at com.flatirons.pinpoint.server.listener.CreateResourcesRunnable.run(CreateResourcesRunnable.java:25)
	at java.base/java.lang.Thread.run(Unknown Source)
[2025-07-23 16:26:29] ERROR [Thread-57] com.flatirons.pinpoint.server.access.impl.AcmServerTalk:113 - Error process http request
com.google.api.client.http.HttpResponseException: 403
<html><body><h1>Whitelabel Error Page</h1><p>This application has no explicit mapping for /error, so you are seeing this as a fallback.</p><div id='created'>Wed Jul 23 16:26:29 CEST 2025</div><div>There was an unexpected error (type=Forbidden, status=403).</div></body></html>
	at com.google.api.client.http.HttpRequest.execute(HttpRequest.java:1061)
	at com.flatirons.pinpoint.server.access.ServerTalk.executeHttpRequest(ServerTalk.java:128)
	at com.flatirons.pinpoint.server.access.impl.AcmServerTalk.doPost(AcmServerTalk.java:107)
	at com.flatirons.pinpoint.server.listener.CreateResourcesRunnable.postResources(CreateResourcesRunnable.java:45)
	at com.flatirons.pinpoint.server.listener.CreateResourcesRunnable.run(CreateResourcesRunnable.java:25)
	at java.base/java.lang.Thread.run(Unknown Source)
[2025-07-23 16:26:34] ERROR [Thread-57] com.flatirons.pinpoint.server.access.impl.AcmServerTalk:113 - Error process http request
com.google.api.client.http.HttpResponseException: 403
<html><body><h1>Whitelabel Error Page</h1><p>This application has no explicit mapping for /error, so you are seeing this as a fallback.</p><div id='created'>Wed Jul 23 16:26:34 CEST 2025</div><div>There was an unexpected error (type=Forbidden, status=403).</div></body></html>
	at com.google.api.client.http.HttpRequest.execute(HttpRequest.java:1061)
	at com.flatirons.pinpoint.server.access.ServerTalk.executeHttpRequest(ServerTalk.java:128)
	at com.flatirons.pinpoint.server.access.impl.AcmServerTalk.doPost(AcmServerTalk.java:107)
	at com.flatirons.pinpoint.server.listener.CreateResourcesRunnable.postResources(CreateResourcesRunnable.java:45)
	at com.flatirons.pinpoint.server.listener.CreateResourcesRunnable.run(CreateResourcesRunnable.java:25)
	at java.base/java.lang.Thread.run(Unknown Source)
[2025-07-23 16:26:39] ERROR [Thread-57] com.flatirons.pinpoint.server.access.impl.AcmServerTalk:113 - Error process http request
com.google.api.client.http.HttpResponseException: 403
<html><body><h1>Whitelabel Error Page</h1><p>This application has no explicit mapping for /error, so you are seeing this as a fallback.</p><div id='created'>Wed Jul 23 16:26:39 CEST 2025</div><div>There was an unexpected error (type=Forbidden, status=403).</div></body></html>
	at com.google.api.client.http.HttpRequest.execute(HttpRequest.java:1061)
	at com.flatirons.pinpoint.server.access.ServerTalk.executeHttpRequest(ServerTalk.java:128)
	at com.flatirons.pinpoint.server.access.impl.AcmServerTalk.doPost(AcmServerTalk.java:107)
	at com.flatirons.pinpoint.server.listener.CreateResourcesRunnable.postResources(CreateResourcesRunnable.java:45)
	at com.flatirons.pinpoint.server.listener.CreateResourcesRunnable.run(CreateResourcesRunnable.java:25)
	at java.base/java.lang.Thread.run(Unknown Source)
[2025-07-23 16:26:44] ERROR [Thread-57] com.flatirons.pinpoint.server.access.impl.AcmServerTalk:113 - Error process http request
com.google.api.client.http.HttpResponseException: 403
<html><body><h1>Whitelabel Error Page</h1><p>This application has no explicit mapping for /error, so you are seeing this as a fallback.</p><div id='created'>Wed Jul 23 16:26:44 CEST 2025</div><div>There was an unexpected error (type=Forbidden, status=403).</div></body></html>
	at com.google.api.client.http.HttpRequest.execute(HttpRequest.java:1061)
	at com.flatirons.pinpoint.server.access.ServerTalk.executeHttpRequest(ServerTalk.java:128)
	at com.flatirons.pinpoint.server.access.impl.AcmServerTalk.doPost(AcmServerTalk.java:107)
	at com.flatirons.pinpoint.server.listener.CreateResourcesRunnable.postResources(CreateResourcesRunnable.java:45)
	at com.flatirons.pinpoint.server.listener.CreateResourcesRunnable.run(CreateResourcesRunnable.java:25)
	at java.base/java.lang.Thread.run(Unknown Source)
[2025-07-23 16:26:49] ERROR [Thread-57] com.flatirons.pinpoint.server.access.impl.AcmServerTalk:113 - Error process http request
com.google.api.client.http.HttpResponseException: 403
<html><body><h1>Whitelabel Error Page</h1><p>This application has no explicit mapping for /error, so you are seeing this as a fallback.</p><div id='created'>Wed Jul 23 16:26:49 CEST 2025</div><div>There was an unexpected error (type=Forbidden, status=403).</div></body></html>
	at com.google.api.client.http.HttpRequest.execute(HttpRequest.java:1061)
	at com.flatirons.pinpoint.server.access.ServerTalk.executeHttpRequest(ServerTalk.java:128)
	at com.flatirons.pinpoint.server.access.impl.AcmServerTalk.doPost(AcmServerTalk.java:107)
	at com.flatirons.pinpoint.server.listener.CreateResourcesRunnable.postResources(CreateResourcesRunnable.java:45)
	at com.flatirons.pinpoint.server.listener.CreateResourcesRunnable.run(CreateResourcesRunnable.java:25)
	at java.base/java.lang.Thread.run(Unknown Source)
[2025-07-23 16:26:54] ERROR [Thread-57] com.flatirons.pinpoint.server.access.impl.AcmServerTalk:113 - Error process http request
com.google.api.client.http.HttpResponseException: 403
<html><body><h1>Whitelabel Error Page</h1><p>This application has no explicit mapping for /error, so you are seeing this as a fallback.</p><div id='created'>Wed Jul 23 16:26:54 CEST 2025</div><div>There was an unexpected error (type=Forbidden, status=403).</div></body></html>
	at com.google.api.client.http.HttpRequest.execute(HttpRequest.java:1061)
	at com.flatirons.pinpoint.server.access.ServerTalk.executeHttpRequest(ServerTalk.java:128)
	at com.flatirons.pinpoint.server.access.impl.AcmServerTalk.doPost(AcmServerTalk.java:107)
	at com.flatirons.pinpoint.server.listener.CreateResourcesRunnable.postResources(CreateResourcesRunnable.java:45)
	at com.flatirons.pinpoint.server.listener.CreateResourcesRunnable.run(CreateResourcesRunnable.java:25)
	at java.base/java.lang.Thread.run(Unknown Source)
[2025-07-23 16:26:59] ERROR [Thread-57] com.flatirons.pinpoint.server.access.impl.AcmServerTalk:113 - Error process http request
com.google.api.client.http.HttpResponseException: 403
<html><body><h1>Whitelabel Error Page</h1><p>This application has no explicit mapping for /error, so you are seeing this as a fallback.</p><div id='created'>Wed Jul 23 16:26:59 CEST 2025</div><div>There was an unexpected error (type=Forbidden, status=403).</div></body></html>
	at com.google.api.client.http.HttpRequest.execute(HttpRequest.java:1061)
	at com.flatirons.pinpoint.server.access.ServerTalk.executeHttpRequest(ServerTalk.java:128)
	at com.flatirons.pinpoint.server.access.impl.AcmServerTalk.doPost(AcmServerTalk.java:107)
	at com.flatirons.pinpoint.server.listener.CreateResourcesRunnable.postResources(CreateResourcesRunnable.java:45)
	at com.flatirons.pinpoint.server.listener.CreateResourcesRunnable.run(CreateResourcesRunnable.java:25)
	at java.base/java.lang.Thread.run(Unknown Source)
[2025-07-23 16:27:04] ERROR [Thread-57] com.flatirons.pinpoint.server.access.impl.AcmServerTalk:113 - Error process http request
com.google.api.client.http.HttpResponseException: 403
<html><body><h1>Whitelabel Error Page</h1><p>This application has no explicit mapping for /error, so you are seeing this as a fallback.</p><div id='created'>Wed Jul 23 16:27:04 CEST 2025</div><div>There was an unexpected error (type=Forbidden, status=403).</div></body></html>
	at com.google.api.client.http.HttpRequest.execute(HttpRequest.java:1061)
	at com.flatirons.pinpoint.server.access.ServerTalk.executeHttpRequest(ServerTalk.java:128)
	at com.flatirons.pinpoint.server.access.impl.AcmServerTalk.doPost(AcmServerTalk.java:107)
	at com.flatirons.pinpoint.server.listener.CreateResourcesRunnable.postResources(CreateResourcesRunnable.java:45)
	at com.flatirons.pinpoint.server.listener.CreateResourcesRunnable.run(CreateResourcesRunnable.java:25)
	at java.base/java.lang.Thread.run(Unknown Source)
[2025-07-23 16:27:09] ERROR [Thread-57] com.flatirons.pinpoint.server.access.impl.AcmServerTalk:113 - Error process http request
com.google.api.client.http.HttpResponseException: 403
<html><body><h1>Whitelabel Error Page</h1><p>This application has no explicit mapping for /error, so you are seeing this as a fallback.</p><div id='created'>Wed Jul 23 16:27:09 CEST 2025</div><div>There was an unexpected error (type=Forbidden, status=403).</div></body></html>
	at com.google.api.client.http.HttpRequest.execute(HttpRequest.java:1061)
	at com.flatirons.pinpoint.server.access.ServerTalk.executeHttpRequest(ServerTalk.java:128)
	at com.flatirons.pinpoint.server.access.impl.AcmServerTalk.doPost(AcmServerTalk.java:107)
	at com.flatirons.pinpoint.server.listener.CreateResourcesRunnable.postResources(CreateResourcesRunnable.java:45)
	at com.flatirons.pinpoint.server.listener.CreateResourcesRunnable.run(CreateResourcesRunnable.java:25)
	at java.base/java.lang.Thread.run(Unknown Source)
[2025-07-23 16:27:14] ERROR [Thread-57] com.flatirons.pinpoint.server.access.impl.AcmServerTalk:113 - Error process http request
com.google.api.client.http.HttpResponseException: 403
<html><body><h1>Whitelabel Error Page</h1><p>This application has no explicit mapping for /error, so you are seeing this as a fallback.</p><div id='created'>Wed Jul 23 16:27:14 CEST 2025</div><div>There was an unexpected error (type=Forbidden, status=403).</div></body></html>
	at com.google.api.client.http.HttpRequest.execute(HttpRequest.java:1061)
	at com.flatirons.pinpoint.server.access.ServerTalk.executeHttpRequest(ServerTalk.java:128)
	at com.flatirons.pinpoint.server.access.impl.AcmServerTalk.doPost(AcmServerTalk.java:107)
	at com.flatirons.pinpoint.server.listener.CreateResourcesRunnable.postResources(CreateResourcesRunnable.java:45)
	at com.flatirons.pinpoint.server.listener.CreateResourcesRunnable.run(CreateResourcesRunnable.java:25)
	at java.base/java.lang.Thread.run(Unknown Source)
[2025-07-23 16:27:19] ERROR [Thread-57] com.flatirons.pinpoint.server.access.impl.AcmServerTalk:113 - Error process http request
com.google.api.client.http.HttpResponseException: 403
<html><body><h1>Whitelabel Error Page</h1><p>This application has no explicit mapping for /error, so you are seeing this as a fallback.</p><div id='created'>Wed Jul 23 16:27:19 CEST 2025</div><div>There was an unexpected error (type=Forbidden, status=403).</div></body></html>
	at com.google.api.client.http.HttpRequest.execute(HttpRequest.java:1061)
	at com.flatirons.pinpoint.server.access.ServerTalk.executeHttpRequest(ServerTalk.java:128)
	at com.flatirons.pinpoint.server.access.impl.AcmServerTalk.doPost(AcmServerTalk.java:107)
	at com.flatirons.pinpoint.server.listener.CreateResourcesRunnable.postResources(CreateResourcesRunnable.java:45)
	at com.flatirons.pinpoint.server.listener.CreateResourcesRunnable.run(CreateResourcesRunnable.java:25)
	at java.base/java.lang.Thread.run(Unknown Source)
[2025-07-23 16:27:24] ERROR [Thread-57] com.flatirons.pinpoint.server.access.impl.AcmServerTalk:113 - Error process http request
com.google.api.client.http.HttpResponseException: 403
<html><body><h1>Whitelabel Error Page</h1><p>This application has no explicit mapping for /error, so you are seeing this as a fallback.</p><div id='created'>Wed Jul 23 16:27:24 CEST 2025</div><div>There was an unexpected error (type=Forbidden, status=403).</div></body></html>
	at com.google.api.client.http.HttpRequest.execute(HttpRequest.java:1061)
	at com.flatirons.pinpoint.server.access.ServerTalk.executeHttpRequest(ServerTalk.java:128)
	at com.flatirons.pinpoint.server.access.impl.AcmServerTalk.doPost(AcmServerTalk.java:107)
	at com.flatirons.pinpoint.server.listener.CreateResourcesRunnable.postResources(CreateResourcesRunnable.java:45)
	at com.flatirons.pinpoint.server.listener.CreateResourcesRunnable.run(CreateResourcesRunnable.java:25)
	at java.base/java.lang.Thread.run(Unknown Source)
[2025-07-23 16:27:29] ERROR [Thread-57] com.flatirons.pinpoint.server.access.impl.AcmServerTalk:113 - Error process http request
com.google.api.client.http.HttpResponseException: 403
<html><body><h1>Whitelabel Error Page</h1><p>This application has no explicit mapping for /error, so you are seeing this as a fallback.</p><div id='created'>Wed Jul 23 16:27:29 CEST 2025</div><div>There was an unexpected error (type=Forbidden, status=403).</div></body></html>
	at com.google.api.client.http.HttpRequest.execute(HttpRequest.java:1061)
	at com.flatirons.pinpoint.server.access.ServerTalk.executeHttpRequest(ServerTalk.java:128)
	at com.flatirons.pinpoint.server.access.impl.AcmServerTalk.doPost(AcmServerTalk.java:107)
	at com.flatirons.pinpoint.server.listener.CreateResourcesRunnable.postResources(CreateResourcesRunnable.java:45)
	at com.flatirons.pinpoint.server.listener.CreateResourcesRunnable.run(CreateResourcesRunnable.java:25)
	at java.base/java.lang.Thread.run(Unknown Source)
[2025-07-23 16:27:34] ERROR [Thread-57] com.flatirons.pinpoint.server.access.impl.AcmServerTalk:113 - Error process http request
com.google.api.client.http.HttpResponseException: 403
<html><body><h1>Whitelabel Error Page</h1><p>This application has no explicit mapping for /error, so you are seeing this as a fallback.</p><div id='created'>Wed Jul 23 16:27:34 CEST 2025</div><div>There was an unexpected error (type=Forbidden, status=403).</div></body></html>
	at com.google.api.client.http.HttpRequest.execute(HttpRequest.java:1061)
	at com.flatirons.pinpoint.server.access.ServerTalk.executeHttpRequest(ServerTalk.java:128)
	at com.flatirons.pinpoint.server.access.impl.AcmServerTalk.doPost(AcmServerTalk.java:107)
	at com.flatirons.pinpoint.server.listener.CreateResourcesRunnable.postResources(CreateResourcesRunnable.java:45)
	at com.flatirons.pinpoint.server.listener.CreateResourcesRunnable.run(CreateResourcesRunnable.java:25)
	at java.base/java.lang.Thread.run(Unknown Source)
[2025-07-23 16:27:39] ERROR [Thread-57] com.flatirons.pinpoint.server.access.impl.AcmServerTalk:113 - Error process http request
com.google.api.client.http.HttpResponseException: 403
<html><body><h1>Whitelabel Error Page</h1><p>This application has no explicit mapping for /error, so you are seeing this as a fallback.</p><div id='created'>Wed Jul 23 16:27:39 CEST 2025</div><div>There was an unexpected error (type=Forbidden, status=403).</div></body></html>
	at com.google.api.client.http.HttpRequest.execute(HttpRequest.java:1061)
	at com.flatirons.pinpoint.server.access.ServerTalk.executeHttpRequest(ServerTalk.java:128)
	at com.flatirons.pinpoint.server.access.impl.AcmServerTalk.doPost(AcmServerTalk.java:107)
	at com.flatirons.pinpoint.server.listener.CreateResourcesRunnable.postResources(CreateResourcesRunnable.java:45)
	at com.flatirons.pinpoint.server.listener.CreateResourcesRunnable.run(CreateResourcesRunnable.java:25)
	at java.base/java.lang.Thread.run(Unknown Source)
[2025-07-23 16:27:44] ERROR [Thread-57] com.flatirons.pinpoint.server.access.impl.AcmServerTalk:113 - Error process http request
com.google.api.client.http.HttpResponseException: 403
<html><body><h1>Whitelabel Error Page</h1><p>This application has no explicit mapping for /error, so you are seeing this as a fallback.</p><div id='created'>Wed Jul 23 16:27:44 CEST 2025</div><div>There was an unexpected error (type=Forbidden, status=403).</div></body></html>
	at com.google.api.client.http.HttpRequest.execute(HttpRequest.java:1061)
	at com.flatirons.pinpoint.server.access.ServerTalk.executeHttpRequest(ServerTalk.java:128)
	at com.flatirons.pinpoint.server.access.impl.AcmServerTalk.doPost(AcmServerTalk.java:107)
	at com.flatirons.pinpoint.server.listener.CreateResourcesRunnable.postResources(CreateResourcesRunnable.java:45)
	at com.flatirons.pinpoint.server.listener.CreateResourcesRunnable.run(CreateResourcesRunnable.java:25)
	at java.base/java.lang.Thread.run(Unknown Source)
[2025-07-23 16:27:49] ERROR [Thread-57] com.flatirons.pinpoint.server.access.impl.AcmServerTalk:113 - Error process http request
com.google.api.client.http.HttpResponseException: 403
<html><body><h1>Whitelabel Error Page</h1><p>This application has no explicit mapping for /error, so you are seeing this as a fallback.</p><div id='created'>Wed Jul 23 16:27:49 CEST 2025</div><div>There was an unexpected error (type=Forbidden, status=403).</div></body></html>
	at com.google.api.client.http.HttpRequest.execute(HttpRequest.java:1061)
	at com.flatirons.pinpoint.server.access.ServerTalk.executeHttpRequest(ServerTalk.java:128)
	at com.flatirons.pinpoint.server.access.impl.AcmServerTalk.doPost(AcmServerTalk.java:107)
	at com.flatirons.pinpoint.server.listener.CreateResourcesRunnable.postResources(CreateResourcesRunnable.java:45)
	at com.flatirons.pinpoint.server.listener.CreateResourcesRunnable.run(CreateResourcesRunnable.java:25)
	at java.base/java.lang.Thread.run(Unknown Source)
[2025-07-23 16:27:54] ERROR [Thread-57] com.flatirons.pinpoint.server.access.impl.AcmServerTalk:113 - Error process http request
com.google.api.client.http.HttpResponseException: 403
<html><body><h1>Whitelabel Error Page</h1><p>This application has no explicit mapping for /error, so you are seeing this as a fallback.</p><div id='created'>Wed Jul 23 16:27:54 CEST 2025</div><div>There was an unexpected error (type=Forbidden, status=403).</div></body></html>
	at com.google.api.client.http.HttpRequest.execute(HttpRequest.java:1061)
	at com.flatirons.pinpoint.server.access.ServerTalk.executeHttpRequest(ServerTalk.java:128)
	at com.flatirons.pinpoint.server.access.impl.AcmServerTalk.doPost(AcmServerTalk.java:107)
	at com.flatirons.pinpoint.server.listener.CreateResourcesRunnable.postResources(CreateResourcesRunnable.java:45)
	at com.flatirons.pinpoint.server.listener.CreateResourcesRunnable.run(CreateResourcesRunnable.java:25)
	at java.base/java.lang.Thread.run(Unknown Source)
[2025-07-23 16:27:59] ERROR [Thread-57] com.flatirons.pinpoint.server.access.impl.AcmServerTalk:113 - Error process http request
com.google.api.client.http.HttpResponseException: 403
<html><body><h1>Whitelabel Error Page</h1><p>This application has no explicit mapping for /error, so you are seeing this as a fallback.</p><div id='created'>Wed Jul 23 16:27:59 CEST 2025</div><div>There was an unexpected error (type=Forbidden, status=403).</div></body></html>
	at com.google.api.client.http.HttpRequest.execute(HttpRequest.java:1061)
	at com.flatirons.pinpoint.server.access.ServerTalk.executeHttpRequest(ServerTalk.java:128)
	at com.flatirons.pinpoint.server.access.impl.AcmServerTalk.doPost(AcmServerTalk.java:107)
	at com.flatirons.pinpoint.server.listener.CreateResourcesRunnable.postResources(CreateResourcesRunnable.java:45)
	at com.flatirons.pinpoint.server.listener.CreateResourcesRunnable.run(CreateResourcesRunnable.java:25)
	at java.base/java.lang.Thread.run(Unknown Source)
[2025-07-23 16:28:04] ERROR [Thread-57] com.flatirons.pinpoint.server.access.impl.AcmServerTalk:113 - Error process http request
com.google.api.client.http.HttpResponseException: 403
<html><body><h1>Whitelabel Error Page</h1><p>This application has no explicit mapping for /error, so you are seeing this as a fallback.</p><div id='created'>Wed Jul 23 16:28:04 CEST 2025</div><div>There was an unexpected error (type=Forbidden, status=403).</div></body></html>
	at com.google.api.client.http.HttpRequest.execute(HttpRequest.java:1061)
	at com.flatirons.pinpoint.server.access.ServerTalk.executeHttpRequest(ServerTalk.java:128)
	at com.flatirons.pinpoint.server.access.impl.AcmServerTalk.doPost(AcmServerTalk.java:107)
	at com.flatirons.pinpoint.server.listener.CreateResourcesRunnable.postResources(CreateResourcesRunnable.java:45)
	at com.flatirons.pinpoint.server.listener.CreateResourcesRunnable.run(CreateResourcesRunnable.java:25)
	at java.base/java.lang.Thread.run(Unknown Source)
[2025-07-23 16:28:09] ERROR [Thread-57] com.flatirons.pinpoint.server.access.impl.AcmServerTalk:113 - Error process http request
com.google.api.client.http.HttpResponseException: 403
<html><body><h1>Whitelabel Error Page</h1><p>This application has no explicit mapping for /error, so you are seeing this as a fallback.</p><div id='created'>Wed Jul 23 16:28:09 CEST 2025</div><div>There was an unexpected error (type=Forbidden, status=403).</div></body></html>
	at com.google.api.client.http.HttpRequest.execute(HttpRequest.java:1061)
	at com.flatirons.pinpoint.server.access.ServerTalk.executeHttpRequest(ServerTalk.java:128)
	at com.flatirons.pinpoint.server.access.impl.AcmServerTalk.doPost(AcmServerTalk.java:107)
	at com.flatirons.pinpoint.server.listener.CreateResourcesRunnable.postResources(CreateResourcesRunnable.java:45)
	at com.flatirons.pinpoint.server.listener.CreateResourcesRunnable.run(CreateResourcesRunnable.java:25)
	at java.base/java.lang.Thread.run(Unknown Source)
[2025-07-23 16:28:14] ERROR [Thread-57] com.flatirons.pinpoint.server.access.impl.AcmServerTalk:113 - Error process http request
com.google.api.client.http.HttpResponseException: 403
<html><body><h1>Whitelabel Error Page</h1><p>This application has no explicit mapping for /error, so you are seeing this as a fallback.</p><div id='created'>Wed Jul 23 16:28:14 CEST 2025</div><div>There was an unexpected error (type=Forbidden, status=403).</div></body></html>
	at com.google.api.client.http.HttpRequest.execute(HttpRequest.java:1061)
	at com.flatirons.pinpoint.server.access.ServerTalk.executeHttpRequest(ServerTalk.java:128)
	at com.flatirons.pinpoint.server.access.impl.AcmServerTalk.doPost(AcmServerTalk.java:107)
	at com.flatirons.pinpoint.server.listener.CreateResourcesRunnable.postResources(CreateResourcesRunnable.java:45)
	at com.flatirons.pinpoint.server.listener.CreateResourcesRunnable.run(CreateResourcesRunnable.java:25)
	at java.base/java.lang.Thread.run(Unknown Source)
[2025-07-23 16:28:19] ERROR [Thread-57] com.flatirons.pinpoint.server.access.impl.AcmServerTalk:113 - Error process http request
com.google.api.client.http.HttpResponseException: 403
<html><body><h1>Whitelabel Error Page</h1><p>This application has no explicit mapping for /error, so you are seeing this as a fallback.</p><div id='created'>Wed Jul 23 16:28:19 CEST 2025</div><div>There was an unexpected error (type=Forbidden, status=403).</div></body></html>
	at com.google.api.client.http.HttpRequest.execute(HttpRequest.java:1061)
	at com.flatirons.pinpoint.server.access.ServerTalk.executeHttpRequest(ServerTalk.java:128)
	at com.flatirons.pinpoint.server.access.impl.AcmServerTalk.doPost(AcmServerTalk.java:107)
	at com.flatirons.pinpoint.server.listener.CreateResourcesRunnable.postResources(CreateResourcesRunnable.java:45)
	at com.flatirons.pinpoint.server.listener.CreateResourcesRunnable.run(CreateResourcesRunnable.java:25)
	at java.base/java.lang.Thread.run(Unknown Source)
[2025-07-23 16:28:24] ERROR [Thread-57] com.flatirons.pinpoint.server.access.impl.AcmServerTalk:113 - Error process http request
com.google.api.client.http.HttpResponseException: 403
<html><body><h1>Whitelabel Error Page</h1><p>This application has no explicit mapping for /error, so you are seeing this as a fallback.</p><div id='created'>Wed Jul 23 16:28:24 CEST 2025</div><div>There was an unexpected error (type=Forbidden, status=403).</div></body></html>
	at com.google.api.client.http.HttpRequest.execute(HttpRequest.java:1061)
	at com.flatirons.pinpoint.server.access.ServerTalk.executeHttpRequest(ServerTalk.java:128)
	at com.flatirons.pinpoint.server.access.impl.AcmServerTalk.doPost(AcmServerTalk.java:107)
	at com.flatirons.pinpoint.server.listener.CreateResourcesRunnable.postResources(CreateResourcesRunnable.java:45)
	at com.flatirons.pinpoint.server.listener.CreateResourcesRunnable.run(CreateResourcesRunnable.java:25)
	at java.base/java.lang.Thread.run(Unknown Source)
[2025-07-23 16:28:29] ERROR [Thread-57] com.flatirons.pinpoint.server.access.impl.AcmServerTalk:113 - Error process http request
com.google.api.client.http.HttpResponseException: 403
<html><body><h1>Whitelabel Error Page</h1><p>This application has no explicit mapping for /error, so you are seeing this as a fallback.</p><div id='created'>Wed Jul 23 16:28:29 CEST 2025</div><div>There was an unexpected error (type=Forbidden, status=403).</div></body></html>
	at com.google.api.client.http.HttpRequest.execute(HttpRequest.java:1061)
	at com.flatirons.pinpoint.server.access.ServerTalk.executeHttpRequest(ServerTalk.java:128)
	at com.flatirons.pinpoint.server.access.impl.AcmServerTalk.doPost(AcmServerTalk.java:107)
	at com.flatirons.pinpoint.server.listener.CreateResourcesRunnable.postResources(CreateResourcesRunnable.java:45)
	at com.flatirons.pinpoint.server.listener.CreateResourcesRunnable.run(CreateResourcesRunnable.java:25)
	at java.base/java.lang.Thread.run(Unknown Source)
[2025-07-23 16:28:35] ERROR [Thread-57] com.flatirons.pinpoint.server.access.impl.AcmServerTalk:113 - Error process http request
com.google.api.client.http.HttpResponseException: 403
<html><body><h1>Whitelabel Error Page</h1><p>This application has no explicit mapping for /error, so you are seeing this as a fallback.</p><div id='created'>Wed Jul 23 16:28:35 CEST 2025</div><div>There was an unexpected error (type=Forbidden, status=403).</div></body></html>
	at com.google.api.client.http.HttpRequest.execute(HttpRequest.java:1061)
	at com.flatirons.pinpoint.server.access.ServerTalk.executeHttpRequest(ServerTalk.java:128)
	at com.flatirons.pinpoint.server.access.impl.AcmServerTalk.doPost(AcmServerTalk.java:107)
	at com.flatirons.pinpoint.server.listener.CreateResourcesRunnable.postResources(CreateResourcesRunnable.java:45)
	at com.flatirons.pinpoint.server.listener.CreateResourcesRunnable.run(CreateResourcesRunnable.java:25)
	at java.base/java.lang.Thread.run(Unknown Source)
[2025-07-23 16:28:40] ERROR [Thread-57] com.flatirons.pinpoint.server.access.impl.AcmServerTalk:113 - Error process http request
com.google.api.client.http.HttpResponseException: 403
<html><body><h1>Whitelabel Error Page</h1><p>This application has no explicit mapping for /error, so you are seeing this as a fallback.</p><div id='created'>Wed Jul 23 16:28:40 CEST 2025</div><div>There was an unexpected error (type=Forbidden, status=403).</div></body></html>
	at com.google.api.client.http.HttpRequest.execute(HttpRequest.java:1061)
	at com.flatirons.pinpoint.server.access.ServerTalk.executeHttpRequest(ServerTalk.java:128)
	at com.flatirons.pinpoint.server.access.impl.AcmServerTalk.doPost(AcmServerTalk.java:107)
	at com.flatirons.pinpoint.server.listener.CreateResourcesRunnable.postResources(CreateResourcesRunnable.java:45)
	at com.flatirons.pinpoint.server.listener.CreateResourcesRunnable.run(CreateResourcesRunnable.java:25)
	at java.base/java.lang.Thread.run(Unknown Source)
[2025-07-23 16:28:45] ERROR [Thread-57] com.flatirons.pinpoint.server.access.impl.AcmServerTalk:113 - Error process http request
com.google.api.client.http.HttpResponseException: 403
<html><body><h1>Whitelabel Error Page</h1><p>This application has no explicit mapping for /error, so you are seeing this as a fallback.</p><div id='created'>Wed Jul 23 16:28:45 CEST 2025</div><div>There was an unexpected error (type=Forbidden, status=403).</div></body></html>
	at com.google.api.client.http.HttpRequest.execute(HttpRequest.java:1061)
	at com.flatirons.pinpoint.server.access.ServerTalk.executeHttpRequest(ServerTalk.java:128)
	at com.flatirons.pinpoint.server.access.impl.AcmServerTalk.doPost(AcmServerTalk.java:107)
	at com.flatirons.pinpoint.server.listener.CreateResourcesRunnable.postResources(CreateResourcesRunnable.java:45)
	at com.flatirons.pinpoint.server.listener.CreateResourcesRunnable.run(CreateResourcesRunnable.java:25)
	at java.base/java.lang.Thread.run(Unknown Source)
[2025-07-23 16:28:50] ERROR [Thread-57] com.flatirons.pinpoint.server.access.impl.AcmServerTalk:113 - Error process http request
com.google.api.client.http.HttpResponseException: 403
<html><body><h1>Whitelabel Error Page</h1><p>This application has no explicit mapping for /error, so you are seeing this as a fallback.</p><div id='created'>Wed Jul 23 16:28:50 CEST 2025</div><div>There was an unexpected error (type=Forbidden, status=403).</div></body></html>
	at com.google.api.client.http.HttpRequest.execute(HttpRequest.java:1061)
	at com.flatirons.pinpoint.server.access.ServerTalk.executeHttpRequest(ServerTalk.java:128)
	at com.flatirons.pinpoint.server.access.impl.AcmServerTalk.doPost(AcmServerTalk.java:107)
	at com.flatirons.pinpoint.server.listener.CreateResourcesRunnable.postResources(CreateResourcesRunnable.java:45)
	at com.flatirons.pinpoint.server.listener.CreateResourcesRunnable.run(CreateResourcesRunnable.java:25)
	at java.base/java.lang.Thread.run(Unknown Source)
[2025-07-23 16:28:55] ERROR [Thread-57] com.flatirons.pinpoint.server.access.impl.AcmServerTalk:113 - Error process http request
com.google.api.client.http.HttpResponseException: 403
<html><body><h1>Whitelabel Error Page</h1><p>This application has no explicit mapping for /error, so you are seeing this as a fallback.</p><div id='created'>Wed Jul 23 16:28:55 CEST 2025</div><div>There was an unexpected error (type=Forbidden, status=403).</div></body></html>
	at com.google.api.client.http.HttpRequest.execute(HttpRequest.java:1061)
	at com.flatirons.pinpoint.server.access.ServerTalk.executeHttpRequest(ServerTalk.java:128)
	at com.flatirons.pinpoint.server.access.impl.AcmServerTalk.doPost(AcmServerTalk.java:107)
	at com.flatirons.pinpoint.server.listener.CreateResourcesRunnable.postResources(CreateResourcesRunnable.java:45)
	at com.flatirons.pinpoint.server.listener.CreateResourcesRunnable.run(CreateResourcesRunnable.java:25)
	at java.base/java.lang.Thread.run(Unknown Source)
[2025-07-23 16:29:00] ERROR [Thread-57] com.flatirons.pinpoint.server.access.impl.AcmServerTalk:113 - Error process http request
com.google.api.client.http.HttpResponseException: 403
<html><body><h1>Whitelabel Error Page</h1><p>This application has no explicit mapping for /error, so you are seeing this as a fallback.</p><div id='created'>Wed Jul 23 16:29:00 CEST 2025</div><div>There was an unexpected error (type=Forbidden, status=403).</div></body></html>
	at com.google.api.client.http.HttpRequest.execute(HttpRequest.java:1061)
	at com.flatirons.pinpoint.server.access.ServerTalk.executeHttpRequest(ServerTalk.java:128)
	at com.flatirons.pinpoint.server.access.impl.AcmServerTalk.doPost(AcmServerTalk.java:107)
	at com.flatirons.pinpoint.server.listener.CreateResourcesRunnable.postResources(CreateResourcesRunnable.java:45)
	at com.flatirons.pinpoint.server.listener.CreateResourcesRunnable.run(CreateResourcesRunnable.java:25)
	at java.base/java.lang.Thread.run(Unknown Source)
[2025-07-23 16:29:05] ERROR [Thread-57] com.flatirons.pinpoint.server.access.impl.AcmServerTalk:113 - Error process http request
com.google.api.client.http.HttpResponseException: 403
<html><body><h1>Whitelabel Error Page</h1><p>This application has no explicit mapping for /error, so you are seeing this as a fallback.</p><div id='created'>Wed Jul 23 16:29:05 CEST 2025</div><div>There was an unexpected error (type=Forbidden, status=403).</div></body></html>
	at com.google.api.client.http.HttpRequest.execute(HttpRequest.java:1061)
	at com.flatirons.pinpoint.server.access.ServerTalk.executeHttpRequest(ServerTalk.java:128)
	at com.flatirons.pinpoint.server.access.impl.AcmServerTalk.doPost(AcmServerTalk.java:107)
	at com.flatirons.pinpoint.server.listener.CreateResourcesRunnable.postResources(CreateResourcesRunnable.java:45)
	at com.flatirons.pinpoint.server.listener.CreateResourcesRunnable.run(CreateResourcesRunnable.java:25)
	at java.base/java.lang.Thread.run(Unknown Source)
[2025-07-23 16:29:10] ERROR [Thread-57] com.flatirons.pinpoint.server.access.impl.AcmServerTalk:113 - Error process http request
com.google.api.client.http.HttpResponseException: 403
<html><body><h1>Whitelabel Error Page</h1><p>This application has no explicit mapping for /error, so you are seeing this as a fallback.</p><div id='created'>Wed Jul 23 16:29:10 CEST 2025</div><div>There was an unexpected error (type=Forbidden, status=403).</div></body></html>
	at com.google.api.client.http.HttpRequest.execute(HttpRequest.java:1061)
	at com.flatirons.pinpoint.server.access.ServerTalk.executeHttpRequest(ServerTalk.java:128)
	at com.flatirons.pinpoint.server.access.impl.AcmServerTalk.doPost(AcmServerTalk.java:107)
	at com.flatirons.pinpoint.server.listener.CreateResourcesRunnable.postResources(CreateResourcesRunnable.java:45)
	at com.flatirons.pinpoint.server.listener.CreateResourcesRunnable.run(CreateResourcesRunnable.java:25)
	at java.base/java.lang.Thread.run(Unknown Source)
[2025-07-23 16:29:15] ERROR [Thread-57] com.flatirons.pinpoint.server.access.impl.AcmServerTalk:113 - Error process http request
com.google.api.client.http.HttpResponseException: 403
<html><body><h1>Whitelabel Error Page</h1><p>This application has no explicit mapping for /error, so you are seeing this as a fallback.</p><div id='created'>Wed Jul 23 16:29:15 CEST 2025</div><div>There was an unexpected error (type=Forbidden, status=403).</div></body></html>
	at com.google.api.client.http.HttpRequest.execute(HttpRequest.java:1061)
	at com.flatirons.pinpoint.server.access.ServerTalk.executeHttpRequest(ServerTalk.java:128)
	at com.flatirons.pinpoint.server.access.impl.AcmServerTalk.doPost(AcmServerTalk.java:107)
	at com.flatirons.pinpoint.server.listener.CreateResourcesRunnable.postResources(CreateResourcesRunnable.java:45)
	at com.flatirons.pinpoint.server.listener.CreateResourcesRunnable.run(CreateResourcesRunnable.java:25)
	at java.base/java.lang.Thread.run(Unknown Source)
[2025-07-23 16:29:20] ERROR [Thread-57] com.flatirons.pinpoint.server.access.impl.AcmServerTalk:113 - Error process http request
com.google.api.client.http.HttpResponseException: 403
<html><body><h1>Whitelabel Error Page</h1><p>This application has no explicit mapping for /error, so you are seeing this as a fallback.</p><div id='created'>Wed Jul 23 16:29:20 CEST 2025</div><div>There was an unexpected error (type=Forbidden, status=403).</div></body></html>
	at com.google.api.client.http.HttpRequest.execute(HttpRequest.java:1061)
	at com.flatirons.pinpoint.server.access.ServerTalk.executeHttpRequest(ServerTalk.java:128)
	at com.flatirons.pinpoint.server.access.impl.AcmServerTalk.doPost(AcmServerTalk.java:107)
	at com.flatirons.pinpoint.server.listener.CreateResourcesRunnable.postResources(CreateResourcesRunnable.java:45)
	at com.flatirons.pinpoint.server.listener.CreateResourcesRunnable.run(CreateResourcesRunnable.java:25)
	at java.base/java.lang.Thread.run(Unknown Source)
[2025-07-23 16:29:25] ERROR [Thread-57] com.flatirons.pinpoint.server.access.impl.AcmServerTalk:113 - Error process http request
com.google.api.client.http.HttpResponseException: 403
<html><body><h1>Whitelabel Error Page</h1><p>This application has no explicit mapping for /error, so you are seeing this as a fallback.</p><div id='created'>Wed Jul 23 16:29:25 CEST 2025</div><div>There was an unexpected error (type=Forbidden, status=403).</div></body></html>
	at com.google.api.client.http.HttpRequest.execute(HttpRequest.java:1061)
	at com.flatirons.pinpoint.server.access.ServerTalk.executeHttpRequest(ServerTalk.java:128)
	at com.flatirons.pinpoint.server.access.impl.AcmServerTalk.doPost(AcmServerTalk.java:107)
	at com.flatirons.pinpoint.server.listener.CreateResourcesRunnable.postResources(CreateResourcesRunnable.java:45)
	at com.flatirons.pinpoint.server.listener.CreateResourcesRunnable.run(CreateResourcesRunnable.java:25)
	at java.base/java.lang.Thread.run(Unknown Source)
[2025-07-23 16:29:30] ERROR [Thread-57] com.flatirons.pinpoint.server.access.impl.AcmServerTalk:113 - Error process http request
com.google.api.client.http.HttpResponseException: 403
<html><body><h1>Whitelabel Error Page</h1><p>This application has no explicit mapping for /error, so you are seeing this as a fallback.</p><div id='created'>Wed Jul 23 16:29:30 CEST 2025</div><div>There was an unexpected error (type=Forbidden, status=403).</div></body></html>
	at com.google.api.client.http.HttpRequest.execute(HttpRequest.java:1061)
	at com.flatirons.pinpoint.server.access.ServerTalk.executeHttpRequest(ServerTalk.java:128)
	at com.flatirons.pinpoint.server.access.impl.AcmServerTalk.doPost(AcmServerTalk.java:107)
	at com.flatirons.pinpoint.server.listener.CreateResourcesRunnable.postResources(CreateResourcesRunnable.java:45)
	at com.flatirons.pinpoint.server.listener.CreateResourcesRunnable.run(CreateResourcesRunnable.java:25)
	at java.base/java.lang.Thread.run(Unknown Source)
[2025-07-23 16:29:35] ERROR [Thread-57] com.flatirons.pinpoint.server.access.impl.AcmServerTalk:113 - Error process http request
com.google.api.client.http.HttpResponseException: 403
<html><body><h1>Whitelabel Error Page</h1><p>This application has no explicit mapping for /error, so you are seeing this as a fallback.</p><div id='created'>Wed Jul 23 16:29:35 CEST 2025</div><div>There was an unexpected error (type=Forbidden, status=403).</div></body></html>
	at com.google.api.client.http.HttpRequest.execute(HttpRequest.java:1061)
	at com.flatirons.pinpoint.server.access.ServerTalk.executeHttpRequest(ServerTalk.java:128)
	at com.flatirons.pinpoint.server.access.impl.AcmServerTalk.doPost(AcmServerTalk.java:107)
	at com.flatirons.pinpoint.server.listener.CreateResourcesRunnable.postResources(CreateResourcesRunnable.java:45)
	at com.flatirons.pinpoint.server.listener.CreateResourcesRunnable.run(CreateResourcesRunnable.java:25)
	at java.base/java.lang.Thread.run(Unknown Source)
[2025-07-23 16:29:40] ERROR [Thread-57] com.flatirons.pinpoint.server.access.impl.AcmServerTalk:113 - Error process http request
com.google.api.client.http.HttpResponseException: 403
<html><body><h1>Whitelabel Error Page</h1><p>This application has no explicit mapping for /error, so you are seeing this as a fallback.</p><div id='created'>Wed Jul 23 16:29:40 CEST 2025</div><div>There was an unexpected error (type=Forbidden, status=403).</div></body></html>
	at com.google.api.client.http.HttpRequest.execute(HttpRequest.java:1061)
	at com.flatirons.pinpoint.server.access.ServerTalk.executeHttpRequest(ServerTalk.java:128)
	at com.flatirons.pinpoint.server.access.impl.AcmServerTalk.doPost(AcmServerTalk.java:107)
	at com.flatirons.pinpoint.server.listener.CreateResourcesRunnable.postResources(CreateResourcesRunnable.java:45)
	at com.flatirons.pinpoint.server.listener.CreateResourcesRunnable.run(CreateResourcesRunnable.java:25)
	at java.base/java.lang.Thread.run(Unknown Source)
[2025-07-23 16:29:45] ERROR [Thread-57] com.flatirons.pinpoint.server.access.impl.AcmServerTalk:113 - Error process http request
com.google.api.client.http.HttpResponseException: 403
<html><body><h1>Whitelabel Error Page</h1><p>This application has no explicit mapping for /error, so you are seeing this as a fallback.</p><div id='created'>Wed Jul 23 16:29:45 CEST 2025</div><div>There was an unexpected error (type=Forbidden, status=403).</div></body></html>
	at com.google.api.client.http.HttpRequest.execute(HttpRequest.java:1061)
	at com.flatirons.pinpoint.server.access.ServerTalk.executeHttpRequest(ServerTalk.java:128)
	at com.flatirons.pinpoint.server.access.impl.AcmServerTalk.doPost(AcmServerTalk.java:107)
	at com.flatirons.pinpoint.server.listener.CreateResourcesRunnable.postResources(CreateResourcesRunnable.java:45)
	at com.flatirons.pinpoint.server.listener.CreateResourcesRunnable.run(CreateResourcesRunnable.java:25)
	at java.base/java.lang.Thread.run(Unknown Source)
[2025-07-23 16:29:50] ERROR [Thread-57] com.flatirons.pinpoint.server.access.impl.AcmServerTalk:113 - Error process http request
com.google.api.client.http.HttpResponseException: 403
<html><body><h1>Whitelabel Error Page</h1><p>This application has no explicit mapping for /error, so you are seeing this as a fallback.</p><div id='created'>Wed Jul 23 16:29:50 CEST 2025</div><div>There was an unexpected error (type=Forbidden, status=403).</div></body></html>
	at com.google.api.client.http.HttpRequest.execute(HttpRequest.java:1061)
	at com.flatirons.pinpoint.server.access.ServerTalk.executeHttpRequest(ServerTalk.java:128)
	at com.flatirons.pinpoint.server.access.impl.AcmServerTalk.doPost(AcmServerTalk.java:107)
	at com.flatirons.pinpoint.server.listener.CreateResourcesRunnable.postResources(CreateResourcesRunnable.java:45)
	at com.flatirons.pinpoint.server.listener.CreateResourcesRunnable.run(CreateResourcesRunnable.java:25)
	at java.base/java.lang.Thread.run(Unknown Source)
[2025-07-23 16:29:55] ERROR [Thread-57] com.flatirons.pinpoint.server.access.impl.AcmServerTalk:113 - Error process http request
com.google.api.client.http.HttpResponseException: 403
<html><body><h1>Whitelabel Error Page</h1><p>This application has no explicit mapping for /error, so you are seeing this as a fallback.</p><div id='created'>Wed Jul 23 16:29:55 CEST 2025</div><div>There was an unexpected error (type=Forbidden, status=403).</div></body></html>
	at com.google.api.client.http.HttpRequest.execute(HttpRequest.java:1061)
	at com.flatirons.pinpoint.server.access.ServerTalk.executeHttpRequest(ServerTalk.java:128)
	at com.flatirons.pinpoint.server.access.impl.AcmServerTalk.doPost(AcmServerTalk.java:107)
	at com.flatirons.pinpoint.server.listener.CreateResourcesRunnable.postResources(CreateResourcesRunnable.java:45)
	at com.flatirons.pinpoint.server.listener.CreateResourcesRunnable.run(CreateResourcesRunnable.java:25)
	at java.base/java.lang.Thread.run(Unknown Source)
[2025-07-23 16:30:00] ERROR [Thread-57] com.flatirons.pinpoint.server.access.impl.AcmServerTalk:113 - Error process http request
com.google.api.client.http.HttpResponseException: 403
<html><body><h1>Whitelabel Error Page</h1><p>This application has no explicit mapping for /error, so you are seeing this as a fallback.</p><div id='created'>Wed Jul 23 16:30:00 CEST 2025</div><div>There was an unexpected error (type=Forbidden, status=403).</div></body></html>
	at com.google.api.client.http.HttpRequest.execute(HttpRequest.java:1061)
	at com.flatirons.pinpoint.server.access.ServerTalk.executeHttpRequest(ServerTalk.java:128)
	at com.flatirons.pinpoint.server.access.impl.AcmServerTalk.doPost(AcmServerTalk.java:107)
	at com.flatirons.pinpoint.server.listener.CreateResourcesRunnable.postResources(CreateResourcesRunnable.java:45)
	at com.flatirons.pinpoint.server.listener.CreateResourcesRunnable.run(CreateResourcesRunnable.java:25)
	at java.base/java.lang.Thread.run(Unknown Source)
[2025-07-23 16:30:05] ERROR [Thread-57] com.flatirons.pinpoint.server.access.impl.AcmServerTalk:113 - Error process http request
com.google.api.client.http.HttpResponseException: 403
<html><body><h1>Whitelabel Error Page</h1><p>This application has no explicit mapping for /error, so you are seeing this as a fallback.</p><div id='created'>Wed Jul 23 16:30:05 CEST 2025</div><div>There was an unexpected error (type=Forbidden, status=403).</div></body></html>
	at com.google.api.client.http.HttpRequest.execute(HttpRequest.java:1061)
	at com.flatirons.pinpoint.server.access.ServerTalk.executeHttpRequest(ServerTalk.java:128)
	at com.flatirons.pinpoint.server.access.impl.AcmServerTalk.doPost(AcmServerTalk.java:107)
	at com.flatirons.pinpoint.server.listener.CreateResourcesRunnable.postResources(CreateResourcesRunnable.java:45)
	at com.flatirons.pinpoint.server.listener.CreateResourcesRunnable.run(CreateResourcesRunnable.java:25)
	at java.base/java.lang.Thread.run(Unknown Source)
[2025-07-23 16:30:10] ERROR [Thread-57] com.flatirons.pinpoint.server.access.impl.AcmServerTalk:113 - Error process http request
com.google.api.client.http.HttpResponseException: 403
<html><body><h1>Whitelabel Error Page</h1><p>This application has no explicit mapping for /error, so you are seeing this as a fallback.</p><div id='created'>Wed Jul 23 16:30:10 CEST 2025</div><div>There was an unexpected error (type=Forbidden, status=403).</div></body></html>
	at com.google.api.client.http.HttpRequest.execute(HttpRequest.java:1061)
	at com.flatirons.pinpoint.server.access.ServerTalk.executeHttpRequest(ServerTalk.java:128)
	at com.flatirons.pinpoint.server.access.impl.AcmServerTalk.doPost(AcmServerTalk.java:107)
	at com.flatirons.pinpoint.server.listener.CreateResourcesRunnable.postResources(CreateResourcesRunnable.java:45)
	at com.flatirons.pinpoint.server.listener.CreateResourcesRunnable.run(CreateResourcesRunnable.java:25)
	at java.base/java.lang.Thread.run(Unknown Source)
[2025-07-23 16:30:15] ERROR [Thread-57] com.flatirons.pinpoint.server.access.impl.AcmServerTalk:113 - Error process http request
com.google.api.client.http.HttpResponseException: 403
<html><body><h1>Whitelabel Error Page</h1><p>This application has no explicit mapping for /error, so you are seeing this as a fallback.</p><div id='created'>Wed Jul 23 16:30:15 CEST 2025</div><div>There was an unexpected error (type=Forbidden, status=403).</div></body></html>
	at com.google.api.client.http.HttpRequest.execute(HttpRequest.java:1061)
	at com.flatirons.pinpoint.server.access.ServerTalk.executeHttpRequest(ServerTalk.java:128)
	at com.flatirons.pinpoint.server.access.impl.AcmServerTalk.doPost(AcmServerTalk.java:107)
	at com.flatirons.pinpoint.server.listener.CreateResourcesRunnable.postResources(CreateResourcesRunnable.java:45)
	at com.flatirons.pinpoint.server.listener.CreateResourcesRunnable.run(CreateResourcesRunnable.java:25)
	at java.base/java.lang.Thread.run(Unknown Source)
[2025-07-23 16:30:20] ERROR [Thread-57] com.flatirons.pinpoint.server.access.impl.AcmServerTalk:113 - Error process http request
com.google.api.client.http.HttpResponseException: 403
<html><body><h1>Whitelabel Error Page</h1><p>This application has no explicit mapping for /error, so you are seeing this as a fallback.</p><div id='created'>Wed Jul 23 16:30:20 CEST 2025</div><div>There was an unexpected error (type=Forbidden, status=403).</div></body></html>
	at com.google.api.client.http.HttpRequest.execute(HttpRequest.java:1061)
	at com.flatirons.pinpoint.server.access.ServerTalk.executeHttpRequest(ServerTalk.java:128)
	at com.flatirons.pinpoint.server.access.impl.AcmServerTalk.doPost(AcmServerTalk.java:107)
	at com.flatirons.pinpoint.server.listener.CreateResourcesRunnable.postResources(CreateResourcesRunnable.java:45)
	at com.flatirons.pinpoint.server.listener.CreateResourcesRunnable.run(CreateResourcesRunnable.java:25)
	at java.base/java.lang.Thread.run(Unknown Source)
[2025-07-23 16:30:25] ERROR [Thread-57] com.flatirons.pinpoint.server.access.impl.AcmServerTalk:113 - Error process http request
com.google.api.client.http.HttpResponseException: 403
<html><body><h1>Whitelabel Error Page</h1><p>This application has no explicit mapping for /error, so you are seeing this as a fallback.</p><div id='created'>Wed Jul 23 16:30:25 CEST 2025</div><div>There was an unexpected error (type=Forbidden, status=403).</div></body></html>
	at com.google.api.client.http.HttpRequest.execute(HttpRequest.java:1061)
	at com.flatirons.pinpoint.server.access.ServerTalk.executeHttpRequest(ServerTalk.java:128)
	at com.flatirons.pinpoint.server.access.impl.AcmServerTalk.doPost(AcmServerTalk.java:107)
	at com.flatirons.pinpoint.server.listener.CreateResourcesRunnable.postResources(CreateResourcesRunnable.java:45)
	at com.flatirons.pinpoint.server.listener.CreateResourcesRunnable.run(CreateResourcesRunnable.java:25)
	at java.base/java.lang.Thread.run(Unknown Source)
[2025-07-23 16:30:30] ERROR [Thread-57] com.flatirons.pinpoint.server.access.impl.AcmServerTalk:113 - Error process http request
com.google.api.client.http.HttpResponseException: 403
<html><body><h1>Whitelabel Error Page</h1><p>This application has no explicit mapping for /error, so you are seeing this as a fallback.</p><div id='created'>Wed Jul 23 16:30:30 CEST 2025</div><div>There was an unexpected error (type=Forbidden, status=403).</div></body></html>
	at com.google.api.client.http.HttpRequest.execute(HttpRequest.java:1061)
	at com.flatirons.pinpoint.server.access.ServerTalk.executeHttpRequest(ServerTalk.java:128)
	at com.flatirons.pinpoint.server.access.impl.AcmServerTalk.doPost(AcmServerTalk.java:107)
	at com.flatirons.pinpoint.server.listener.CreateResourcesRunnable.postResources(CreateResourcesRunnable.java:45)
	at com.flatirons.pinpoint.server.listener.CreateResourcesRunnable.run(CreateResourcesRunnable.java:25)
	at java.base/java.lang.Thread.run(Unknown Source)
[2025-07-23 16:30:35] ERROR [Thread-57] com.flatirons.pinpoint.server.access.impl.AcmServerTalk:113 - Error process http request
com.google.api.client.http.HttpResponseException: 403
<html><body><h1>Whitelabel Error Page</h1><p>This application has no explicit mapping for /error, so you are seeing this as a fallback.</p><div id='created'>Wed Jul 23 16:30:35 CEST 2025</div><div>There was an unexpected error (type=Forbidden, status=403).</div></body></html>
	at com.google.api.client.http.HttpRequest.execute(HttpRequest.java:1061)
	at com.flatirons.pinpoint.server.access.ServerTalk.executeHttpRequest(ServerTalk.java:128)
	at com.flatirons.pinpoint.server.access.impl.AcmServerTalk.doPost(AcmServerTalk.java:107)
	at com.flatirons.pinpoint.server.listener.CreateResourcesRunnable.postResources(CreateResourcesRunnable.java:45)
	at com.flatirons.pinpoint.server.listener.CreateResourcesRunnable.run(CreateResourcesRunnable.java:25)
	at java.base/java.lang.Thread.run(Unknown Source)
[2025-07-23 16:30:40] ERROR [Thread-57] com.flatirons.pinpoint.server.access.impl.AcmServerTalk:113 - Error process http request
com.google.api.client.http.HttpResponseException: 403
<html><body><h1>Whitelabel Error Page</h1><p>This application has no explicit mapping for /error, so you are seeing this as a fallback.</p><div id='created'>Wed Jul 23 16:30:40 CEST 2025</div><div>There was an unexpected error (type=Forbidden, status=403).</div></body></html>
	at com.google.api.client.http.HttpRequest.execute(HttpRequest.java:1061)
	at com.flatirons.pinpoint.server.access.ServerTalk.executeHttpRequest(ServerTalk.java:128)
	at com.flatirons.pinpoint.server.access.impl.AcmServerTalk.doPost(AcmServerTalk.java:107)
	at com.flatirons.pinpoint.server.listener.CreateResourcesRunnable.postResources(CreateResourcesRunnable.java:45)
	at com.flatirons.pinpoint.server.listener.CreateResourcesRunnable.run(CreateResourcesRunnable.java:25)
	at java.base/java.lang.Thread.run(Unknown Source)
[2025-07-23 16:30:45] ERROR [Thread-57] com.flatirons.pinpoint.server.access.impl.AcmServerTalk:113 - Error process http request
com.google.api.client.http.HttpResponseException: 403
<html><body><h1>Whitelabel Error Page</h1><p>This application has no explicit mapping for /error, so you are seeing this as a fallback.</p><div id='created'>Wed Jul 23 16:30:45 CEST 2025</div><div>There was an unexpected error (type=Forbidden, status=403).</div></body></html>
	at com.google.api.client.http.HttpRequest.execute(HttpRequest.java:1061)
	at com.flatirons.pinpoint.server.access.ServerTalk.executeHttpRequest(ServerTalk.java:128)
	at com.flatirons.pinpoint.server.access.impl.AcmServerTalk.doPost(AcmServerTalk.java:107)
	at com.flatirons.pinpoint.server.listener.CreateResourcesRunnable.postResources(CreateResourcesRunnable.java:45)
	at com.flatirons.pinpoint.server.listener.CreateResourcesRunnable.run(CreateResourcesRunnable.java:25)
	at java.base/java.lang.Thread.run(Unknown Source)
[2025-07-23 16:30:51] ERROR [Thread-57] com.flatirons.pinpoint.server.access.impl.AcmServerTalk:113 - Error process http request
com.google.api.client.http.HttpResponseException: 403
<html><body><h1>Whitelabel Error Page</h1><p>This application has no explicit mapping for /error, so you are seeing this as a fallback.</p><div id='created'>Wed Jul 23 16:30:51 CEST 2025</div><div>There was an unexpected error (type=Forbidden, status=403).</div></body></html>
	at com.google.api.client.http.HttpRequest.execute(HttpRequest.java:1061)
	at com.flatirons.pinpoint.server.access.ServerTalk.executeHttpRequest(ServerTalk.java:128)
	at com.flatirons.pinpoint.server.access.impl.AcmServerTalk.doPost(AcmServerTalk.java:107)
	at com.flatirons.pinpoint.server.listener.CreateResourcesRunnable.postResources(CreateResourcesRunnable.java:45)
	at com.flatirons.pinpoint.server.listener.CreateResourcesRunnable.run(CreateResourcesRunnable.java:25)
	at java.base/java.lang.Thread.run(Unknown Source)
[2025-07-23 16:30:56] ERROR [Thread-57] com.flatirons.pinpoint.server.access.impl.AcmServerTalk:113 - Error process http request
com.google.api.client.http.HttpResponseException: 403
<html><body><h1>Whitelabel Error Page</h1><p>This application has no explicit mapping for /error, so you are seeing this as a fallback.</p><div id='created'>Wed Jul 23 16:30:56 CEST 2025</div><div>There was an unexpected error (type=Forbidden, status=403).</div></body></html>
	at com.google.api.client.http.HttpRequest.execute(HttpRequest.java:1061)
	at com.flatirons.pinpoint.server.access.ServerTalk.executeHttpRequest(ServerTalk.java:128)
	at com.flatirons.pinpoint.server.access.impl.AcmServerTalk.doPost(AcmServerTalk.java:107)
	at com.flatirons.pinpoint.server.listener.CreateResourcesRunnable.postResources(CreateResourcesRunnable.java:45)
	at com.flatirons.pinpoint.server.listener.CreateResourcesRunnable.run(CreateResourcesRunnable.java:25)
	at java.base/java.lang.Thread.run(Unknown Source)
[2025-07-23 16:31:01] ERROR [Thread-57] com.flatirons.pinpoint.server.access.impl.AcmServerTalk:113 - Error process http request
com.google.api.client.http.HttpResponseException: 403
<html><body><h1>Whitelabel Error Page</h1><p>This application has no explicit mapping for /error, so you are seeing this as a fallback.</p><div id='created'>Wed Jul 23 16:31:01 CEST 2025</div><div>There was an unexpected error (type=Forbidden, status=403).</div></body></html>
	at com.google.api.client.http.HttpRequest.execute(HttpRequest.java:1061)
	at com.flatirons.pinpoint.server.access.ServerTalk.executeHttpRequest(ServerTalk.java:128)
	at com.flatirons.pinpoint.server.access.impl.AcmServerTalk.doPost(AcmServerTalk.java:107)
	at com.flatirons.pinpoint.server.listener.CreateResourcesRunnable.postResources(CreateResourcesRunnable.java:45)
	at com.flatirons.pinpoint.server.listener.CreateResourcesRunnable.run(CreateResourcesRunnable.java:25)
	at java.base/java.lang.Thread.run(Unknown Source)
[2025-07-23 16:31:06] ERROR [Thread-57] com.flatirons.pinpoint.server.access.impl.AcmServerTalk:113 - Error process http request
com.google.api.client.http.HttpResponseException: 403
<html><body><h1>Whitelabel Error Page</h1><p>This application has no explicit mapping for /error, so you are seeing this as a fallback.</p><div id='created'>Wed Jul 23 16:31:06 CEST 2025</div><div>There was an unexpected error (type=Forbidden, status=403).</div></body></html>
	at com.google.api.client.http.HttpRequest.execute(HttpRequest.java:1061)
	at com.flatirons.pinpoint.server.access.ServerTalk.executeHttpRequest(ServerTalk.java:128)
	at com.flatirons.pinpoint.server.access.impl.AcmServerTalk.doPost(AcmServerTalk.java:107)
	at com.flatirons.pinpoint.server.listener.CreateResourcesRunnable.postResources(CreateResourcesRunnable.java:45)
	at com.flatirons.pinpoint.server.listener.CreateResourcesRunnable.run(CreateResourcesRunnable.java:25)
	at java.base/java.lang.Thread.run(Unknown Source)
[2025-07-23 16:31:11] ERROR [Thread-57] com.flatirons.pinpoint.server.access.impl.AcmServerTalk:113 - Error process http request
com.google.api.client.http.HttpResponseException: 403
<html><body><h1>Whitelabel Error Page</h1><p>This application has no explicit mapping for /error, so you are seeing this as a fallback.</p><div id='created'>Wed Jul 23 16:31:11 CEST 2025</div><div>There was an unexpected error (type=Forbidden, status=403).</div></body></html>
	at com.google.api.client.http.HttpRequest.execute(HttpRequest.java:1061)
	at com.flatirons.pinpoint.server.access.ServerTalk.executeHttpRequest(ServerTalk.java:128)
	at com.flatirons.pinpoint.server.access.impl.AcmServerTalk.doPost(AcmServerTalk.java:107)
	at com.flatirons.pinpoint.server.listener.CreateResourcesRunnable.postResources(CreateResourcesRunnable.java:45)
	at com.flatirons.pinpoint.server.listener.CreateResourcesRunnable.run(CreateResourcesRunnable.java:25)
	at java.base/java.lang.Thread.run(Unknown Source)
[2025-07-23 16:31:16] ERROR [Thread-57] com.flatirons.pinpoint.server.access.impl.AcmServerTalk:113 - Error process http request
com.google.api.client.http.HttpResponseException: 403
<html><body><h1>Whitelabel Error Page</h1><p>This application has no explicit mapping for /error, so you are seeing this as a fallback.</p><div id='created'>Wed Jul 23 16:31:16 CEST 2025</div><div>There was an unexpected error (type=Forbidden, status=403).</div></body></html>
	at com.google.api.client.http.HttpRequest.execute(HttpRequest.java:1061)
	at com.flatirons.pinpoint.server.access.ServerTalk.executeHttpRequest(ServerTalk.java:128)
	at com.flatirons.pinpoint.server.access.impl.AcmServerTalk.doPost(AcmServerTalk.java:107)
	at com.flatirons.pinpoint.server.listener.CreateResourcesRunnable.postResources(CreateResourcesRunnable.java:45)
	at com.flatirons.pinpoint.server.listener.CreateResourcesRunnable.run(CreateResourcesRunnable.java:25)
	at java.base/java.lang.Thread.run(Unknown Source)
[2025-07-23 16:31:21] ERROR [Thread-57] com.flatirons.pinpoint.server.access.impl.AcmServerTalk:113 - Error process http request
com.google.api.client.http.HttpResponseException: 403
<html><body><h1>Whitelabel Error Page</h1><p>This application has no explicit mapping for /error, so you are seeing this as a fallback.</p><div id='created'>Wed Jul 23 16:31:21 CEST 2025</div><div>There was an unexpected error (type=Forbidden, status=403).</div></body></html>
	at com.google.api.client.http.HttpRequest.execute(HttpRequest.java:1061)
	at com.flatirons.pinpoint.server.access.ServerTalk.executeHttpRequest(ServerTalk.java:128)
	at com.flatirons.pinpoint.server.access.impl.AcmServerTalk.doPost(AcmServerTalk.java:107)
	at com.flatirons.pinpoint.server.listener.CreateResourcesRunnable.postResources(CreateResourcesRunnable.java:45)
	at com.flatirons.pinpoint.server.listener.CreateResourcesRunnable.run(CreateResourcesRunnable.java:25)
	at java.base/java.lang.Thread.run(Unknown Source)
[2025-07-23 16:31:26] ERROR [Thread-57] com.flatirons.pinpoint.server.access.impl.AcmServerTalk:113 - Error process http request
com.google.api.client.http.HttpResponseException: 403
<html><body><h1>Whitelabel Error Page</h1><p>This application has no explicit mapping for /error, so you are seeing this as a fallback.</p><div id='created'>Wed Jul 23 16:31:26 CEST 2025</div><div>There was an unexpected error (type=Forbidden, status=403).</div></body></html>
	at com.google.api.client.http.HttpRequest.execute(HttpRequest.java:1061)
	at com.flatirons.pinpoint.server.access.ServerTalk.executeHttpRequest(ServerTalk.java:128)
	at com.flatirons.pinpoint.server.access.impl.AcmServerTalk.doPost(AcmServerTalk.java:107)
	at com.flatirons.pinpoint.server.listener.CreateResourcesRunnable.postResources(CreateResourcesRunnable.java:45)
	at com.flatirons.pinpoint.server.listener.CreateResourcesRunnable.run(CreateResourcesRunnable.java:25)
	at java.base/java.lang.Thread.run(Unknown Source)
[2025-07-23 16:31:31] ERROR [Thread-57] com.flatirons.pinpoint.server.access.impl.AcmServerTalk:113 - Error process http request
com.google.api.client.http.HttpResponseException: 403
<html><body><h1>Whitelabel Error Page</h1><p>This application has no explicit mapping for /error, so you are seeing this as a fallback.</p><div id='created'>Wed Jul 23 16:31:31 CEST 2025</div><div>There was an unexpected error (type=Forbidden, status=403).</div></body></html>
	at com.google.api.client.http.HttpRequest.execute(HttpRequest.java:1061)
	at com.flatirons.pinpoint.server.access.ServerTalk.executeHttpRequest(ServerTalk.java:128)
	at com.flatirons.pinpoint.server.access.impl.AcmServerTalk.doPost(AcmServerTalk.java:107)
	at com.flatirons.pinpoint.server.listener.CreateResourcesRunnable.postResources(CreateResourcesRunnable.java:45)
	at com.flatirons.pinpoint.server.listener.CreateResourcesRunnable.run(CreateResourcesRunnable.java:25)
	at java.base/java.lang.Thread.run(Unknown Source)
[2025-07-23 16:31:36] ERROR [Thread-57] com.flatirons.pinpoint.server.access.impl.AcmServerTalk:113 - Error process http request
com.google.api.client.http.HttpResponseException: 403
<html><body><h1>Whitelabel Error Page</h1><p>This application has no explicit mapping for /error, so you are seeing this as a fallback.</p><div id='created'>Wed Jul 23 16:31:36 CEST 2025</div><div>There was an unexpected error (type=Forbidden, status=403).</div></body></html>
	at com.google.api.client.http.HttpRequest.execute(HttpRequest.java:1061)
	at com.flatirons.pinpoint.server.access.ServerTalk.executeHttpRequest(ServerTalk.java:128)
	at com.flatirons.pinpoint.server.access.impl.AcmServerTalk.doPost(AcmServerTalk.java:107)
	at com.flatirons.pinpoint.server.listener.CreateResourcesRunnable.postResources(CreateResourcesRunnable.java:45)
	at com.flatirons.pinpoint.server.listener.CreateResourcesRunnable.run(CreateResourcesRunnable.java:25)
	at java.base/java.lang.Thread.run(Unknown Source)
[2025-07-23 16:31:41] ERROR [Thread-57] com.flatirons.pinpoint.server.access.impl.AcmServerTalk:113 - Error process http request
com.google.api.client.http.HttpResponseException: 403
<html><body><h1>Whitelabel Error Page</h1><p>This application has no explicit mapping for /error, so you are seeing this as a fallback.</p><div id='created'>Wed Jul 23 16:31:41 CEST 2025</div><div>There was an unexpected error (type=Forbidden, status=403).</div></body></html>
	at com.google.api.client.http.HttpRequest.execute(HttpRequest.java:1061)
	at com.flatirons.pinpoint.server.access.ServerTalk.executeHttpRequest(ServerTalk.java:128)
	at com.flatirons.pinpoint.server.access.impl.AcmServerTalk.doPost(AcmServerTalk.java:107)
	at com.flatirons.pinpoint.server.listener.CreateResourcesRunnable.postResources(CreateResourcesRunnable.java:45)
	at com.flatirons.pinpoint.server.listener.CreateResourcesRunnable.run(CreateResourcesRunnable.java:25)
	at java.base/java.lang.Thread.run(Unknown Source)
[2025-07-23 16:53:14]  INFO [http-nio-8085-exec-6] com.flatirons.pinpoint.server.access.impl.AcmServerTalk:91 - PUT http://localhost:8086/acmserver/api/auth/privileges.return status 200
[2025-07-23 16:53:14]  INFO [http-nio-8085-exec-4] com.flatirons.pinpoint.server.access.impl.AcmServerTalk:91 - PUT http://localhost:8086/acmserver/api/auth/privileges.return status 200
[2025-07-23 16:53:14]  INFO [http-nio-8085-exec-7] com.flatirons.pinpoint.server.access.impl.AcmServerTalk:91 - PUT http://localhost:8086/acmserver/api/auth/privileges.return status 200
[2025-07-23 16:53:14]  INFO [http-nio-8085-exec-2] com.flatirons.pinpoint.server.access.impl.AcmServerTalk:91 - PUT http://localhost:8086/acmserver/api/auth/privileges.return status 200
[2025-07-23 16:53:14]  INFO [http-nio-8085-exec-2] com.flatirons.pinpoint.server.access.impl.AcmServerTalk:73 - Get http://localhost:8086/acmserver/api/users/Guest.return status 200
[2025-07-23 16:53:14]  INFO [http-nio-8085-exec-4] com.flatirons.pinpoint.server.access.impl.AcmServerTalk:73 - Get http://localhost:8086/acmserver/api/organizations/SYS.return status 200
[2025-07-23 16:53:14]  INFO [http-nio-8085-exec-6] com.flatirons.pinpoint.server.access.impl.AcmServerTalk:91 - PUT http://localhost:8086/acmserver/api/auth/privileges.return status 200
[2025-07-23 16:53:14]  INFO [http-nio-8085-exec-2] com.flatirons.pinpoint.server.access.impl.AcmServerTalk:73 - Get http://localhost:8086/acmserver/api/usergroups/1.return status 200
[2025-07-23 16:53:14]  INFO [http-nio-8085-exec-2] com.flatirons.pinpoint.server.access.impl.AcmServerTalk:73 - Get http://localhost:8086/acmserver/api/usergroups/3.return status 200
[2025-07-23 16:53:14]  INFO [http-nio-8085-exec-11] com.flatirons.pinpoint.server.access.impl.AcmServerTalk:91 - PUT http://localhost:8086/acmserver/api/auth/privileges.return status 200
[2025-07-23 16:53:14]  INFO [http-nio-8085-exec-4] com.flatirons.pinpoint.server.access.impl.AcmServerTalk:91 - PUT http://localhost:8086/acmserver/api/auth/privileges.return status 200
[2025-07-23 16:53:14]  INFO [http-nio-8085-exec-6] com.flatirons.pinpoint.server.access.impl.AcmServerTalk:91 - PUT http://localhost:8086/acmserver/api/auth/privileges.return status 200
[2025-07-23 16:53:15]  INFO [http-nio-8085-exec-1] com.flatirons.pinpoint.server.access.impl.AcmServerTalk:91 - PUT http://localhost:8086/acmserver/api/auth/privileges.return status 200
[2025-07-23 16:53:15]  INFO [http-nio-8085-exec-1] com.flatirons.pinpoint.server.access.impl.AcmServerTalk:73 - Get http://localhost:8086/acmserver/api/users/Guest.return status 200
[2025-07-23 16:53:15]  INFO [http-nio-8085-exec-4] com.flatirons.pinpoint.server.access.impl.AcmServerTalk:91 - PUT http://localhost:8086/acmserver/api/auth/privileges.return status 200
[2025-07-23 16:53:15]  INFO [http-nio-8085-exec-8] com.flatirons.pinpoint.server.access.impl.AcmServerTalk:91 - PUT http://localhost:8086/acmserver/api/auth/privileges.return status 200
[2025-07-23 16:53:18]  INFO [http-nio-8085-exec-9] com.flatirons.pinpoint.server.access.impl.AcmServerTalk:91 - PUT http://localhost:8086/acmserver/api/auth/privileges.return status 200
[2025-07-23 16:53:18]  INFO [http-nio-8085-exec-9] com.flatirons.pinpoint.server.access.impl.AcmServerTalk:91 - PUT http://localhost:8086/acmserver/api/auth/privileges.return status 200
[2025-07-23 16:53:18]  INFO [http-nio-8085-exec-9] com.flatirons.pinpoint.server.access.impl.AcmServerTalk:91 - PUT http://localhost:8086/acmserver/api/auth/privileges.return status 200
[2025-07-23 16:53:18]  INFO [http-nio-8085-exec-9] com.flatirons.pinpoint.server.access.impl.AcmServerTalk:91 - PUT http://localhost:8086/acmserver/api/auth/privileges.return status 200
[2025-07-23 16:53:18]  INFO [http-nio-8085-exec-9] com.flatirons.pinpoint.server.access.impl.AcmServerTalk:91 - PUT http://localhost:8086/acmserver/api/auth/privileges.return status 200
[2025-07-23 16:53:19]  INFO [http-nio-8085-exec-9] com.flatirons.pinpoint.server.access.impl.AcmServerTalk:91 - PUT http://localhost:8086/acmserver/api/auth/privileges.return status 200
[2025-07-23 16:53:19]  INFO [http-nio-8085-exec-9] com.flatirons.pinpoint.server.access.impl.AcmServerTalk:91 - PUT http://localhost:8086/acmserver/api/auth/privileges.return status 200
[2025-07-23 16:53:19]  INFO [http-nio-8085-exec-9] com.flatirons.pinpoint.server.access.impl.AcmServerTalk:91 - PUT http://localhost:8086/acmserver/api/auth/privileges.return status 200
[2025-07-23 16:53:19]  INFO [http-nio-8085-exec-9] com.flatirons.pinpoint.server.access.impl.AcmServerTalk:91 - PUT http://localhost:8086/acmserver/api/auth/privileges.return status 200
[2025-07-23 16:53:19]  INFO [http-nio-8085-exec-9] com.flatirons.pinpoint.server.access.impl.AcmServerTalk:91 - PUT http://localhost:8086/acmserver/api/auth/privileges.return status 200
[2025-07-23 16:53:19]  INFO [http-nio-8085-exec-9] com.flatirons.pinpoint.server.access.impl.AcmServerTalk:91 - PUT http://localhost:8086/acmserver/api/auth/privileges.return status 200
[2025-07-23 16:53:19]  INFO [http-nio-8085-exec-9] com.flatirons.pinpoint.server.access.impl.AcmServerTalk:91 - PUT http://localhost:8086/acmserver/api/auth/privileges.return status 200
[2025-07-23 16:53:19]  INFO [http-nio-8085-exec-9] com.flatirons.pinpoint.server.access.impl.AcmServerTalk:91 - PUT http://localhost:8086/acmserver/api/auth/privileges.return status 200
[2025-07-23 16:53:19]  INFO [http-nio-8085-exec-9] com.flatirons.pinpoint.server.access.impl.AcmServerTalk:91 - PUT http://localhost:8086/acmserver/api/auth/privileges.return status 200
[2025-07-23 16:53:19]  INFO [http-nio-8085-exec-9] com.flatirons.pinpoint.server.access.impl.AcmServerTalk:91 - PUT http://localhost:8086/acmserver/api/auth/privileges.return status 200
[2025-07-23 16:53:19]  INFO [http-nio-8085-exec-9] com.flatirons.pinpoint.server.access.impl.AcmServerTalk:91 - PUT http://localhost:8086/acmserver/api/auth/privileges.return status 200
[2025-07-23 16:53:19]  INFO [http-nio-8085-exec-9] com.flatirons.pinpoint.server.access.impl.AcmServerTalk:91 - PUT http://localhost:8086/acmserver/api/auth/privileges.return status 200
[2025-07-23 16:53:19]  INFO [http-nio-8085-exec-9] com.flatirons.pinpoint.server.access.impl.AcmServerTalk:91 - PUT http://localhost:8086/acmserver/api/auth/privileges.return status 200
[2025-07-23 16:53:19]  INFO [http-nio-8085-exec-9] com.flatirons.pinpoint.server.access.impl.AcmServerTalk:91 - PUT http://localhost:8086/acmserver/api/auth/privileges.return status 200
[2025-07-23 16:53:19]  INFO [http-nio-8085-exec-9] com.flatirons.pinpoint.server.access.impl.AcmServerTalk:91 - PUT http://localhost:8086/acmserver/api/auth/privileges.return status 200
[2025-07-23 16:53:19]  INFO [http-nio-8085-exec-9] com.flatirons.pinpoint.server.access.impl.AcmServerTalk:91 - PUT http://localhost:8086/acmserver/api/auth/privileges.return status 200
[2025-07-23 16:53:19]  INFO [http-nio-8085-exec-9] com.flatirons.pinpoint.server.access.impl.AcmServerTalk:91 - PUT http://localhost:8086/acmserver/api/auth/privileges.return status 200
[2025-07-23 16:53:19]  INFO [http-nio-8085-exec-9] com.flatirons.pinpoint.server.access.impl.AcmServerTalk:91 - PUT http://localhost:8086/acmserver/api/auth/privileges.return status 200
[2025-07-23 16:53:19]  INFO [http-nio-8085-exec-9] com.flatirons.pinpoint.server.access.impl.AcmServerTalk:91 - PUT http://localhost:8086/acmserver/api/auth/privileges.return status 200
[2025-07-23 16:53:19]  INFO [http-nio-8085-exec-9] com.flatirons.pinpoint.server.access.impl.AcmServerTalk:91 - PUT http://localhost:8086/acmserver/api/auth/privileges.return status 200
[2025-07-23 16:53:19]  INFO [http-nio-8085-exec-9] com.flatirons.pinpoint.server.access.impl.AcmServerTalk:91 - PUT http://localhost:8086/acmserver/api/auth/privileges.return status 200
[2025-07-23 16:53:19]  INFO [http-nio-8085-exec-9] com.flatirons.pinpoint.server.access.impl.AcmServerTalk:91 - PUT http://localhost:8086/acmserver/api/auth/privileges.return status 200
[2025-07-23 16:53:19]  INFO [http-nio-8085-exec-9] com.flatirons.pinpoint.server.access.impl.AcmServerTalk:91 - PUT http://localhost:8086/acmserver/api/auth/privileges.return status 200
[2025-07-23 16:53:19]  INFO [http-nio-8085-exec-9] com.flatirons.pinpoint.server.access.impl.AcmServerTalk:91 - PUT http://localhost:8086/acmserver/api/auth/privileges.return status 200
[2025-07-23 16:53:19]  INFO [http-nio-8085-exec-9] com.flatirons.pinpoint.server.access.impl.AcmServerTalk:91 - PUT http://localhost:8086/acmserver/api/auth/privileges.return status 200
[2025-07-23 16:53:19]  INFO [http-nio-8085-exec-9] com.flatirons.pinpoint.server.access.impl.AcmServerTalk:91 - PUT http://localhost:8086/acmserver/api/auth/privileges.return status 200
[2025-07-23 16:53:19]  INFO [http-nio-8085-exec-9] com.flatirons.pinpoint.server.access.impl.AcmServerTalk:91 - PUT http://localhost:8086/acmserver/api/auth/privileges.return status 200
[2025-07-23 16:53:19]  INFO [http-nio-8085-exec-9] com.flatirons.pinpoint.server.access.impl.AcmServerTalk:91 - PUT http://localhost:8086/acmserver/api/auth/privileges.return status 200
[2025-07-23 16:53:19]  INFO [http-nio-8085-exec-9] com.flatirons.pinpoint.server.access.impl.AcmServerTalk:91 - PUT http://localhost:8086/acmserver/api/auth/privileges.return status 200
[2025-07-23 16:53:19]  INFO [http-nio-8085-exec-9] com.flatirons.pinpoint.server.access.impl.AcmServerTalk:91 - PUT http://localhost:8086/acmserver/api/auth/privileges.return status 200
[2025-07-23 16:53:19]  INFO [http-nio-8085-exec-9] com.flatirons.pinpoint.server.access.impl.AcmServerTalk:91 - PUT http://localhost:8086/acmserver/api/auth/privileges.return status 200
[2025-07-23 16:53:19]  INFO [http-nio-8085-exec-9] com.flatirons.pinpoint.server.access.impl.AcmServerTalk:91 - PUT http://localhost:8086/acmserver/api/auth/privileges.return status 200
[2025-07-23 16:53:19]  INFO [http-nio-8085-exec-9] com.flatirons.pinpoint.server.access.impl.AcmServerTalk:91 - PUT http://localhost:8086/acmserver/api/auth/privileges.return status 200
[2025-07-23 16:53:19]  INFO [http-nio-8085-exec-9] com.flatirons.pinpoint.server.access.impl.AcmServerTalk:91 - PUT http://localhost:8086/acmserver/api/auth/privileges.return status 200
[2025-07-23 16:53:19]  INFO [http-nio-8085-exec-9] com.flatirons.pinpoint.server.access.impl.AcmServerTalk:91 - PUT http://localhost:8086/acmserver/api/auth/privileges.return status 200
[2025-07-23 16:53:19]  INFO [http-nio-8085-exec-9] com.flatirons.pinpoint.server.access.impl.AcmServerTalk:91 - PUT http://localhost:8086/acmserver/api/auth/privileges.return status 200
[2025-07-23 16:53:19]  INFO [http-nio-8085-exec-9] com.flatirons.pinpoint.server.access.impl.AcmServerTalk:91 - PUT http://localhost:8086/acmserver/api/auth/privileges.return status 200
[2025-07-23 16:53:19]  INFO [http-nio-8085-exec-9] com.flatirons.pinpoint.server.access.impl.AcmServerTalk:91 - PUT http://localhost:8086/acmserver/api/auth/privileges.return status 200
[2025-07-23 16:53:19]  INFO [http-nio-8085-exec-9] com.flatirons.pinpoint.server.access.impl.AcmServerTalk:91 - PUT http://localhost:8086/acmserver/api/auth/privileges.return status 200
[2025-07-23 16:53:19]  INFO [http-nio-8085-exec-9] com.flatirons.pinpoint.server.access.impl.AcmServerTalk:91 - PUT http://localhost:8086/acmserver/api/auth/privileges.return status 200
[2025-07-23 16:53:19]  INFO [http-nio-8085-exec-9] com.flatirons.pinpoint.server.access.impl.AcmServerTalk:91 - PUT http://localhost:8086/acmserver/api/auth/privileges.return status 200
[2025-07-23 16:53:22]  INFO [http-nio-8085-exec-10] com.flatirons.pinpoint.server.access.impl.AcmServerTalk:91 - PUT http://localhost:8086/acmserver/api/auth/privileges.return status 200
[2025-07-23 16:53:22]  INFO [http-nio-8085-exec-7] com.flatirons.pinpoint.server.access.impl.AcmServerTalk:91 - PUT http://localhost:8086/acmserver/api/auth/privileges.return status 200
[2025-07-23 16:53:22]  INFO [http-nio-8085-exec-4] com.flatirons.pinpoint.server.access.impl.AcmServerTalk:91 - PUT http://localhost:8086/acmserver/api/auth/privileges.return status 200
[2025-07-23 16:53:22]  INFO [http-nio-8085-exec-3] com.flatirons.pinpoint.server.access.impl.AcmServerTalk:91 - PUT http://localhost:8086/acmserver/api/auth/privileges.return status 200
[2025-07-23 16:53:22]  INFO [http-nio-8085-exec-7] com.flatirons.pinpoint.server.access.impl.AcmServerTalk:53 - Get http://localhost:8086/acmserver/api/organizations/SYS.return status 200
[2025-07-23 16:53:22]  INFO [http-nio-8085-exec-6] com.flatirons.pinpoint.server.access.impl.AcmServerTalk:91 - PUT http://localhost:8086/acmserver/api/auth/privileges.return status 200
[2025-07-23 16:53:22]  INFO [http-nio-8085-exec-2] com.flatirons.pinpoint.server.access.impl.AcmServerTalk:91 - PUT http://localhost:8086/acmserver/api/auth/privileges.return status 200
[2025-07-23 16:53:22]  INFO [http-nio-8085-exec-2] com.flatirons.pinpoint.server.access.impl.AcmServerTalk:91 - PUT http://localhost:8086/acmserver/api/auth/privileges.return status 200
[2025-07-23 16:53:22]  INFO [http-nio-8085-exec-11] com.flatirons.pinpoint.server.access.impl.AcmServerTalk:91 - PUT http://localhost:8086/acmserver/api/auth/privileges.return status 200
[2025-07-23 16:53:22]  INFO [http-nio-8085-exec-9] com.flatirons.pinpoint.server.access.impl.AcmServerTalk:91 - PUT http://localhost:8086/acmserver/api/auth/privileges.return status 200
[2025-07-23 16:53:22]  INFO [http-nio-8085-exec-3] com.flatirons.pinpoint.server.access.impl.AcmServerTalk:91 - PUT http://localhost:8086/acmserver/api/auth/privileges.return status 200
[2025-07-23 16:53:22]  INFO [http-nio-8085-exec-4] com.flatirons.pinpoint.server.access.impl.AcmServerTalk:91 - PUT http://localhost:8086/acmserver/api/auth/privileges.return status 200
[2025-07-23 16:53:22]  INFO [http-nio-8085-exec-6] com.flatirons.pinpoint.server.access.impl.AcmServerTalk:91 - PUT http://localhost:8086/acmserver/api/auth/privileges.return status 200
[2025-07-23 16:53:22]  INFO [http-nio-8085-exec-10] com.flatirons.pinpoint.server.access.impl.AcmServerTalk:91 - PUT http://localhost:8086/acmserver/api/auth/privileges.return status 200
[2025-07-23 16:53:26]  INFO [http-nio-8085-exec-11] com.flatirons.pinpoint.server.access.impl.AcmServerTalk:91 - PUT http://localhost:8086/acmserver/api/auth/privileges.return status 200
